scenario,band,day,hour,threshold_m,street_share,node_share,open_locations,open_locations_paris
declared,central,Mon,0,100,0.042843424927671105,0.06093616580847155,390,339
declared,central,Mon,0,200,0.15748919493494837,0.18829404610965922,390,339
declared,central,Mon,0,300,0.31927246940323134,0.35998913240355007,390,339
declared,central,Mon,0,400,0.49005176719825494,0.5365746370999043,390,339
declared,central,Mon,1,100,0.041273077706096825,0.05713250705100008,384,333
declared,central,Mon,1,200,0.15495168225063877,0.18423163505576112,384,333
declared,central,Mon,1,300,0.31746311784182973,0.358151991098921,384,333
declared,central,Mon,1,400,0.48856490120067886,0.5356301912179471,384,333
declared,central,Mon,2,100,0.04101426978680505,0.05665381530261081,383,332
declared,central,Mon,2,200,0.15410882883378893,0.18284731026987863,383,332
declared,central,Mon,2,300,0.31575441847160546,0.35557740574947605,383,332
declared,central,Mon,2,400,0.4856192700741095,0.5313995911713717,383,332
declared,central,Mon,3,100,0.04101426978680505,0.05665381530261081,383,332
declared,central,Mon,3,200,0.15410882883378893,0.18284731026987863,383,332
declared,central,Mon,3,300,0.31575441847160546,0.35557740574947605,383,332
declared,central,Mon,3,400,0.4856192700741095,0.5313995911713717,383,332
declared,central,Mon,4,100,0.04250132381869939,0.060405723600796955,388,337
declared,central,Mon,4,200,0.15644811154201016,0.18679328279038476,388,337
declared,central,Mon,4,300,0.3173266733641062,0.3571169819132145,388,337
declared,central,Mon,4,400,0.48688889833090154,0.5321758480606515,388,337
declared,central,Mon,5,100,0.04258279433835376,0.06050922451936761,389,338
declared,central,Mon,5,200,0.15672095101181877,0.1870520350868114,389,338
declared,central,Mon,5,300,0.31775549662050695,0.3575051103578544,389,338
declared,central,Mon,5,400,0.48715226981257986,0.5323310994385075,389,338
declared,central,Mon,6,100,0.04312408979899674,0.06115610526043418,399,347
declared,central,Mon,6,200,0.1588203570691655,0.18907030299893912,399,347
declared,central,Mon,6,300,0.32114576152568103,0.36046782415193934,399,347
declared,central,Mon,6,400,0.4919754455057912,0.5360700701218724,399,347
declared,central,Mon,7,100,0.04756489401877658,0.06727559707092401,478,400
declared,central,Mon,7,200,0.17453650789941047,0.20754521696380054,478,400
declared,central,Mon,7,300,0.3512992312841728,0.3944678759023986,478,400
declared,central,Mon,7,400,0.5292894134602095,0.577030558646208,478,400
declared,central,Mon,8,100,0.06211102332093912,0.08562113488757213,678,569
declared,central,Mon,8,200,0.22183549570299035,0.26079643956840115,678,569
declared,central,Mon,8,300,0.4264562266477377,0.47605247496571534,678,569
declared,central,Mon,8,400,0.6124791679935203,0.6660542862317903,678,569
declared,central,Mon,9,100,0.3319281180026513,0.420899422982379,4753,4168
declared,central,Mon,9,200,0.7090577696162649,0.7817941884234223,4753,4168
declared,central,Mon,9,300,0.8548009384546539,0.908531063213186,4753,4168
declared,central,Mon,9,400,0.9093138897963614,0.9508111884492975,4753,4168
declared,central,Mon,10,100,0.33248812112683573,0.4215204284938029,4768,4183
declared,central,Mon,10,200,0.7092925102420924,0.7819623774160995,4768,4183
declared,central,Mon,10,300,0.8548009384546539,0.908531063213186,4768,4183
declared,central,Mon,10,400,0.9093138897963614,0.9508111884492975,4768,4183
declared,central,Mon,11,100,0.33239216529033155,0.42146867803451754,4767,4183
declared,central,Mon,11,200,0.7091201489289632,0.7816777498900302,4767,4183
declared,central,Mon,11,300,0.854753914835563,0.9084404999094366,4767,4183
declared,central,Mon,11,400,0.9093138897963614,0.9508111884492975,4767,4183
declared,central,Mon,12,100,0.3303831748616665,0.41924340828524853,4699,4120
declared,central,Mon,12,200,0.7084420301559724,0.7812119957564624,4699,4120
declared,central,Mon,12,300,0.8546595598540768,0.9085051879835434,4699,4120
declared,central,Mon,12,400,0.9093124151944132,0.9508241260641188,4699,4120
declared,central,Mon,13,100,0.3306709702331759,0.4197221000336378,4730,4145
declared,central,Mon,13,200,0.7077731435016158,0.7806427407043237,4730,4145
declared,central,Mon,13,300,0.8543445423809595,0.9081041219240821,4730,4145
declared,central,Mon,13,400,0.9092840381566687,0.9508111884492975,4730,4145
declared,central,Mon,14,100,0.3322975846758932,0.42130048904184025,4768,4181
declared,central,Mon,14,200,0.7091205070937749,0.781781250808601,4768,4181
declared,central,Mon,14,300,0.8548009384546539,0.908531063213186,4768,4181
declared,central,Mon,14,400,0.9093138897963614,0.9508111884492975,4768,4181
declared,central,Mon,15,100,0.3322209035677486,0.42126167619737626,4764,4179
declared,central,Mon,15,200,0.7088199386126887,0.7814966232825317,4764,4179
declared,central,Mon,15,300,0.8545746310813872,0.9084793127539007,4764,4179
declared,central,Mon,15,400,0.9092003853308966,0.9507206251455481,4764,4179
declared,central,Mon,16,100,0.3312020633824266,0.42003260278934973,4729,4148
declared,central,Mon,16,200,0.7080312155946384,0.7806168654746811,4729,4148
declared,central,Mon,16,300,0.8541827434534638,0.9082464356871167,4729,4148
declared,central,Mon,16,400,0.9089736427317433,0.9505912489973348,4729,4148
declared,central,Mon,17,100,0.3278309079808284,0.41619013118741427,4628,4058
declared,central,Mon,17,200,0.7058310565204833,0.7785209718736253,4628,4058
declared,central,Mon,17,300,0.8533267533139222,0.9076513054053355,4628,4058
declared,central,Mon,17,400,0.9082096430593161,0.9500737444044816,4628,4058
declared,central,Mon,18,100,0.05525626151524265,0.07727637332781329,555,480
declared,central,Mon,18,200,0.1994812847181525,0.2345977695552048,555,480
declared,central,Mon,18,300,0.3886758388753368,0.435066111211737,555,480
declared,central,Mon,18,400,0.5662336775977037,0.6167102233032318,555,480
declared,central,Mon,19,100,0.048380222019539704,0.06748259890806531,473,405
declared,central,Mon,19,200,0.1763009719617342,0.2084249747716511,473,405
declared,central,Mon,19,300,0.35408124197263136,0.3982715346598701,473,405
declared,central,Mon,19,400,0.5319181627000908,0.5813387843817114,473,405
declared,central,Mon,20,100,0.046394186837295105,0.06515382824022563,442,378
declared,central,Mon,20,200,0.17072544645969265,0.20227960773151862,442,378
declared,central,Mon,20,300,0.34550016825973584,0.3872486868320956,442,378
declared,central,Mon,20,400,0.5208554203925089,0.5674955365228866,442,378
declared,central,Mon,21,100,0.04452837643376296,0.0628897456464926,421,361
declared,central,Mon,21,200,0.16411549570496198,0.19509923150567962,421,361
declared,central,Mon,21,300,0.3327806320254353,0.3737030041141615,421,361
declared,central,Mon,21,400,0.5068172093631941,0.5524749657153207,421,361
declared,central,Mon,22,100,0.04348083592785673,0.061647734623644784,405,350
declared,central,Mon,22,200,0.16038054172701732,0.19095919476285353,405,350
declared,central,Mon,22,300,0.32493051956398067,0.36449142236137344,405,350
declared,central,Mon,22,400,0.49669064527162826,0.5413486169689756,405,350
declared,central,Mon,23,100,0.04298745247083195,0.060949103423292884,393,341
declared,central,Mon,23,200,0.15822891449737117,0.18863042409501385,393,341
declared,central,Mon,23,300,0.32006526396231927,0.3599632571739074,393,341
declared,central,Mon,23,400,0.4901642438931947,0.5357983802106243,393,341
declared,central,Tue,0,100,0.042770244379431006,0.06067741351204492,390,339
declared,central,Tue,0,200,0.15741921222189156,0.1878282919760913,390,339
declared,central,Tue,0,300,0.31830914621577033,0.3581390534840997,390,339
declared,central,Tue,0,400,0.4871228460938609,0.5323699122829715,390,339
declared,central,Tue,1,100,0.041199897157856734,0.056873754754573444,384,333
declared,central,Tue,1,200,0.154881699537582,0.18376588092219318,384,333
declared,central,Tue,1,300,0.3166645466320905,0.3564701011721479,384,333
declared,central,Tue,1,400,0.485917335223257,0.5316971563122622,384,333
declared,central,Tue,2,100,0.041199897157856734,0.056873754754573444,384,333
declared,central,Tue,2,200,0.154881699537582,0.18376588092219318,384,333
declared,central,Tue,2,300,0.3166645466320905,0.3564701011721479,384,333
declared,central,Tue,2,400,0.485917335223257,0.5316971563122622,384,333
declared,central,Tue,3,100,0.041199897157856734,0.056873754754573444,384,333
declared,central,Tue,3,200,0.154881699537582,0.18376588092219318,384,333
declared,central,Tue,3,300,0.3166645466320905,0.3564701011721479,384,333
declared,central,Tue,3,400,0.485917335223257,0.5316971563122622,384,333
declared,central,Tue,4,100,0.04268695118975108,0.06062566305275959,389,338
declared,central,Tue,4,200,0.15722098224580325,0.1877118534426993,389,338
declared,central,Tue,4,300,0.3180720495468695,0.35784148834320906,389,338
declared,central,Tue,4,400,0.48690560835307684,0.5322017232902942,389,338
declared,central,Tue,5,100,0.042768421709405445,0.06072916397133025,390,339
declared,central,Tue,5,200,0.15749382171561183,0.18797060573912594,390,339
declared,central,Tue,5,300,0.3185008728032703,0.358229616787849,390,339
declared,central,Tue,5,400,0.48716897983475527,0.5323569746681501,390,339
declared,central,Tue,6,100,0.043309717170048424,0.06137604471239682,400,348
declared,central,Tue,6,200,0.15959322777295856,0.18998887365125366,400,348
declared,central,Tue,6,300,0.32189113770844435,0.3611923305819339,400,348
declared,central,Tue,6,400,0.49199215552796655,0.536095945351515,400,348
declared,central,Tue,7,100,0.04768002572465192,0.06744378606360131,477,401
declared,central,Tue,7,200,0.17508403533046793,0.20823091054933113,477,401
declared,central,Tue,7,300,0.3518033989528205,0.39497244288043054,477,401
declared,central,Tue,7,400,0.5291599373636813,0.576991745801744,477,401
declared,central,Tue,8,100,0.062019234971473935,0.08562113488757213,677,568
declared,central,Tue,8,200,0.22149940776834437,0.2604341863534039,677,568
declared,central,Tue,8,300,0.42610318979488676,0.47580666028411,677,568
declared,central,Tue,8,400,0.6126948026144655,0.6662095376096463,677,568
declared,central,Tue,9,100,0.3326240932522208,0.4218179936346935,4764,4180
declared,central,Tue,9,200,0.7099895905238188,0.7829197609128781,4764,4180
declared,central,Tue,9,300,0.8560323983280169,0.9099153879990685,4764,4180
declared,central,Tue,9,400,0.9104493851063098,0.9519885113980386,4764,4180
declared,central,Tue,10,100,0.33320687276282085,0.4225036872202241,4776,4192
declared,central,Tue,10,200,0.7102074017296878,0.7830750122907341,4776,4192
declared,central,Tue,10,300,0.8560323983280169,0.9099153879990685,4776,4192
declared,central,Tue,10,400,0.9104493851063098,0.9519885113980386,4776,4192
declared,central,Tue,11,100,0.3331109169263167,0.42245193676093873,4775,4192
declared,central,Tue,11,200,0.7100350404165586,0.7827903847646648,4775,4192
declared,central,Tue,11,300,0.855985374708926,0.9098248246953192,4775,4192
declared,central,Tue,11,400,0.9104493851063098,0.9519885113980386,4775,4192
declared,central,Tue,12,100,0.33100170080485786,0.42009729086345643,4706,4128
declared,central,Tue,12,200,0.7092506892894406,0.7822599425569902,4706,4128
declared,central,Tue,12,300,0.8557462966171155,0.9098118870804979,4706,4128
declared,central,Tue,12,400,0.9104325262231934,0.9519885113980386,4706,4128
declared,central,Tue,13,100,0.3314859838881954,0.42079592206380834,4740,4155
declared,central,Tue,13,200,0.7087036084116524,0.781781250808601,4740,4155
declared,central,Tue,13,300,0.8555760022543226,0.9094884467099645,4740,4155
declared,central,Tue,13,400,0.9104195334666171,0.9519885113980386,4740,4155
declared,central,Tue,14,100,0.3331125983309128,0.4223743110720108,4779,4192
declared,central,Tue,14,200,0.7100509720038116,0.7829197609128781,4779,4192
declared,central,Tue,14,300,0.8560323983280169,0.9099153879990685,4779,4192
declared,central,Tue,14,400,0.9104493851063098,0.9519885113980386,4779,4192
declared,central,Tue,15,100,0.33310963910967656,0.42240018630165344,4778,4193
declared,central,Tue,15,200,0.7097508559368875,0.7826480710016301,4778,4193
declared,central,Tue,15,300,0.8558060909547502,0.9098636375397832,4778,4193
declared,central,Tue,15,400,0.910335880640845,0.9518979480942893,4778,4193
declared,central,Tue,16,100,0.33209079892435456,0.4211711128936269,4742,4161
declared,central,Tue,16,200,0.7089621329188371,0.7817683131937796,4742,4161
declared,central,Tue,16,300,0.8554142033268269,0.9096307604729992,4742,4161
declared,central,Tue,16,400,0.9101091380416917,0.951768571946076,4742,4161
declared,central,Tue,17,100,0.3285520373405641,0.4171087018397288,4639,4067
declared,central,Tue,17,200,0.7066090260635033,0.7795559810593319,4639,4067
declared,central,Tue,17,300,0.8544393178471662,0.9090485678060393,4639,4067
declared,central,Tue,17,400,0.909354077016406,0.9512510673532227,4639,4067
declared,central,Tue,18,100,0.05570825474544297,0.07775506507620256,563,485
declared,central,Tue,18,200,0.2013661902582427,0.2363960980153699,563,485
declared,central,Tue,18,300,0.39190774311536763,0.437601883716718,563,485
declared,central,Tue,18,400,0.5704308791511015,0.6198540637048153,563,485
declared,central,Tue,19,100,0.04863039287150856,0.0677672264341346,477,407
declared,central,Tue,19,200,0.17718382119588696,0.2093694206536083,477,407
declared,central,Tue,19,300,0.3551916574740725,0.3992677310011126,477,407
declared,central,Tue,19,400,0.533098622461938,0.5824902321008099,477,407
declared,central,Tue,20,100,0.046737183814325664,0.06560664475897224,445,381
declared,central,Tue,20,200,0.17166504829467688,0.20336636737651045,445,381
declared,central,Tue,20,300,0.3464143540747735,0.3880637565658395,445,381
declared,central,Tue,20,400,0.5215208037407564,0.5681941677232385,445,381
declared,central,Tue,21,100,0.044871373410793516,0.06334256216523922,424,364
declared,central,Tue,21,200,0.1650550975399462,0.19618599115067145,424,364
declared,central,Tue,21,300,0.3337166190087284,0.3745180738479054,424,364
declared,central,Tue,21,400,0.5075063054938962,0.5532512226046006,424,364
declared,central,Tue,22,100,0.0438238329048873,0.06210055114239139,408,353
declared,central,Tue,22,200,0.1613201435620015,0.19204595440784536,408,353
declared,central,Tue,22,300,0.3258665065472737,0.36530649209511734,408,353
declared,central,Tue,22,400,0.49736147340825443,0.5420472481693275,408,353
declared,central,Tue,23,100,0.04319730245500012,0.06122079333454084,395,343
declared,central,Tue,23,200,0.1588324375858121,0.1893549305250084,395,343
declared,central,Tue,23,300,0.32076109928590074,0.360532512226046,395,343
declared,central,Tue,23,400,0.49076564633827535,0.5364581985665122,395,343
declared,central,Wed,0,100,0.04293356616966905,0.060897352964007556,391,340
declared,central,Wed,0,200,0.1577269069733976,0.1882034828059099,391,340
declared,central,Wed,0,300,0.31839444893392355,0.3581778663285637,391,340
declared,central,Wed,0,400,0.4871228460938609,0.5323699122829715,391,340
declared,central,Wed,1,100,0.04136321894809479,0.05709369420653608,385,334
declared,central,Wed,1,200,0.15518939428908807,0.1841410717520118,385,334
declared,central,Wed,1,300,0.3167498493502437,0.3565089140166119,385,334
declared,central,Wed,1,400,0.485917335223257,0.5316971563122622,385,334
declared,central,Wed,2,100,0.04136321894809479,0.05709369420653608,385,334
declared,central,Wed,2,200,0.15518939428908807,0.1841410717520118,385,334
declared,central,Wed,2,300,0.3167498493502437,0.3565089140166119,385,334
declared,central,Wed,2,400,0.485917335223257,0.5316971563122622,385,334
declared,central,Wed,3,100,0.04136321894809479,0.05709369420653608,385,334
declared,central,Wed,3,200,0.15518939428908807,0.1841410717520118,385,334
declared,central,Wed,3,300,0.3167498493502437,0.3565089140166119,385,334
declared,central,Wed,3,400,0.485917335223257,0.5316971563122622,385,334
declared,central,Wed,4,100,0.04285027297998912,0.06084560250472223,390,339
declared,central,Wed,4,200,0.1575286769973093,0.1880870442725179,390,339
declared,central,Wed,4,300,0.3181573522650227,0.35788030118767306,390,339
declared,central,Wed,4,400,0.48690560835307684,0.5322017232902942,390,339
declared,central,Wed,5,100,0.042931743499643495,0.060949103423292884,391,340
declared,central,Wed,5,200,0.1578015164671179,0.18834579656894454,391,340
declared,central,Wed,5,300,0.31858617552142343,0.358268429632313,391,340
declared,central,Wed,5,400,0.48716897983475527,0.5323569746681501,391,340
declared,central,Wed,6,100,0.043473038960286474,0.061595984164359456,402,349
declared,central,Wed,6,200,0.1599009225244646,0.19036406448107226,402,349
declared,central,Wed,6,300,0.3221324673926101,0.36132170673014724,402,349
declared,central,Wed,6,400,0.4925225064133243,0.5365746370999043,402,349
declared,central,Wed,7,100,0.04795413101037986,0.06789660258234792,479,402
declared,central,Wed,7,200,0.1757587911115266,0.20945998395735763,479,402
declared,central,Wed,7,300,0.3527900422948154,0.396783708955417,479,402
declared,central,Wed,7,400,0.5307387450175337,0.5796180816104743,479,402
declared,central,Wed,8,100,0.061595057267168234,0.0851165679095402,670,564
declared,central,Wed,8,200,0.21985719232493323,0.25894636064895077,670,564
declared,central,Wed,8,300,0.4232144366352758,0.4726757574973478,670,564
declared,central,Wed,8,400,0.6095497310909683,0.6626646311486014,670,564
declared,central,Wed,9,100,0.33194379027467025,0.4211969881232696,4744,4166
declared,central,Wed,9,200,0.7087516610278968,0.7814836856677103,4744,4166
declared,central,Wed,9,300,0.8559748864754368,0.9099671384583539,4744,4166
declared,central,Wed,9,400,0.9104066662975402,0.9519755737832173,4744,4166
declared,central,Wed,10,100,0.33258123344886187,0.4219344321680855,4759,4180
declared,central,Wed,10,200,0.7089859492395622,0.7816389370455663,4759,4180
declared,central,Wed,10,300,0.8559748864754368,0.9099671384583539,4759,4180
declared,central,Wed,10,400,0.9104066662975402,0.9519755737832173,4759,4180
declared,central,Wed,11,100,0.33248527761235774,0.42188268170880017,4758,4180
declared,central,Wed,11,200,0.7088135879264332,0.781354309519497,4758,4180
declared,central,Wed,11,300,0.8559278628563459,0.9098765751546045,4758,4180
declared,central,Wed,11,400,0.9104066662975402,0.9519755737832173,4758,4180
declared,central,Wed,12,100,0.33051842929093633,0.4196444743447098,4693,4119
declared,central,Wed,12,200,0.7080597549139427,0.7808368049266438,4693,4119
declared,central,Wed,12,300,0.8556887847645354,0.9098636375397832,4693,4119
declared,central,Wed,12,400,0.9103898074144237,0.9519755737832173,4693,4119
declared,central,Wed,13,100,0.33088488353487644,0.42020079178202707,4725,4143
declared,central,Wed,13,200,0.7075617195611904,0.7804228012523611,4725,4143
declared,central,Wed,13,300,0.8555932101743308,0.9096436980878205,4725,4143
declared,central,Wed,13,400,0.9104051916955918,0.9519885113980386,4725,4143
declared,central,Wed,14,100,0.3326871450700119,0.42196030739772816,4763,4180
declared,central,Wed,14,200,0.7093886665004814,0.7820529407198489,4763,4180
declared,central,Wed,14,300,0.8561299243290829,0.9100706393769245,4763,4180
declared,central,Wed,14,400,0.9104525329162358,0.95200144901286,4763,4180
declared,central,Wed,15,100,0.3327485529060739,0.4221026211607628,4761,4180
declared,central,Wed,15,200,0.7092582295349155,0.7819365021864569,4761,4180
declared,central,Wed,15,300,0.8559036169558161,0.9100188889176392,4761,4180
declared,central,Wed,15,400,0.9103390284507711,0.9519108857091106,4761,4180
declared,central,Wed,16,100,0.331729712720752,0.42087354775273633,4726,4149
declared,central,Wed,16,200,0.7084695065168652,0.7810567443786064,4726,4149
declared,central,Wed,16,300,0.8555117293278929,0.9097860118508552,4726,4149
declared,central,Wed,16,400,0.9101122858516177,0.9517815095608974,4726,4149
declared,central,Wed,17,100,0.32849108761533186,0.41719926514347816,4625,4059
declared,central,Wed,17,200,0.7061911383674436,0.7789220379330867,4625,4059
declared,central,Wed,17,300,0.8545110160780266,0.9091132558801459,4625,4059
declared,central,Wed,17,400,0.9093329018980224,0.9512510673532227,4625,4059
declared,central,Wed,18,100,0.0561739469377239,0.07847957150619712,563,487
declared,central,Wed,18,200,0.2029031718006194,0.23855667969053226,563,487
declared,central,Wed,18,300,0.39477248756202327,0.44121147825186946,563,487
declared,central,Wed,18,400,0.574709901866534,0.6257406784485212,563,487
declared,central,Wed,19,100,0.04909847958693501,0.06851760809377183,478,410
declared,central,Wed,19,200,0.17889787651077585,0.2117499417807333,478,410
declared,central,Wed,19,300,0.35830921689938244,0.4031102026030481,478,410
declared,central,Wed,19,400,0.5376459932937724,0.5885967862964784,478,410
declared,central,Wed,20,100,0.046995991733617445,0.06608533650736151,446,382
declared,central,Wed,20,200,0.1725079017115267,0.20475069216239294,446,382
declared,central,Wed,20,300,0.3481230534449978,0.3906383419152845,446,382
declared,central,Wed,20,400,0.5244664348673258,0.572424767769814,446,382
declared,central,Wed,21,100,0.0451301813300853,0.06382125391362849,424,365
declared,central,Wed,21,200,0.165897950956796,0.19757031593655394,424,365
declared,central,Wed,21,300,0.3354253183789527,0.37709265919735035,424,365
declared,central,Wed,21,400,0.5104519366204655,0.5574818226511761,424,365
declared,central,Wed,22,100,0.04408264082417908,0.06257924289078065,409,354
declared,central,Wed,22,200,0.1621629969788513,0.19343027919372785,409,354
declared,central,Wed,22,300,0.32757520591749806,0.36788107744456233,409,354
declared,central,Wed,22,400,0.5003071045348237,0.5462778482159029,409,354
declared,central,Wed,23,100,0.04345611037429191,0.06169948508293011,396,344
declared,central,Wed,23,200,0.15967529100266195,0.1907392553108909,396,344
declared,central,Wed,23,300,0.322469798656125,0.363107097575491,396,344
declared,central,Wed,23,400,0.49371127746484467,0.5406887986130877,396,344
declared,central,Thu,0,100,0.043192374088960844,0.06137604471239682,392,341
declared,central,Thu,0,200,0.15856976039024745,0.1895878075917924,392,341
declared,central,Thu,0,300,0.3201031483041478,0.3607524516780086,392,341
declared,central,Thu,0,400,0.49006847722043034,0.536600512329547,392,341
declared,central,Thu,1,100,0.041622026867386565,0.05757238595492535,386,335
declared,central,Thu,1,200,0.15603224770593788,0.18552539653789427,386,335
declared,central,Thu,1,300,0.31845854872046797,0.3590834993660569,386,335
declared,central,Thu,1,400,0.4888629663498263,0.5359277563588377,386,335
declared,central,Thu,2,100,0.04136321894809479,0.05709369420653608,385,334
declared,central,Thu,2,200,0.15518939428908807,0.1841410717520118,385,334
declared,central,Thu,2,300,0.3167498493502437,0.3565089140166119,385,334
declared,central,Thu,2,400,0.485917335223257,0.5316971563122622,385,334
declared,central,Thu,3,100,0.04136321894809479,0.05709369420653608,385,334
declared,central,Thu,3,200,0.15518939428908807,0.1841410717520118,385,334
declared,central,Thu,3,300,0.3167498493502437,0.3565089140166119,385,334
declared,central,Thu,3,400,0.485917335223257,0.5316971563122622,385,334
declared,central,Thu,4,100,0.04285027297998912,0.06084560250472223,390,339
declared,central,Thu,4,200,0.1575286769973093,0.1880870442725179,390,339
declared,central,Thu,4,300,0.3181573522650227,0.35788030118767306,390,339
declared,central,Thu,4,400,0.48690560835307684,0.5322017232902942,390,339
declared,central,Thu,5,100,0.042931743499643495,0.060949103423292884,391,340
declared,central,Thu,5,200,0.1578015164671179,0.18834579656894454,391,340
declared,central,Thu,5,300,0.31858617552142343,0.358268429632313,391,340
declared,central,Thu,5,400,0.48716897983475527,0.5323569746681501,391,340
declared,central,Thu,6,100,0.043473038960286474,0.061595984164359456,401,349
declared,central,Thu,6,200,0.1599009225244646,0.19036406448107226,401,349
declared,central,Thu,6,300,0.3219764404265975,0.3612311434263979,401,349
declared,central,Thu,6,400,0.49199215552796655,0.536095945351515,401,349
declared,central,Thu,7,100,0.04810215543418176,0.06814241726395322,479,403
declared,central,Thu,7,200,0.17623458349882382,0.20999042616503222,479,403
declared,central,Thu,7,300,0.35359740104119786,0.39758584107433953,479,403
declared,central,Thu,7,400,0.5321055684902505,0.5812223458483194,479,403
declared,central,Thu,8,100,0.06227804289076572,0.0860998266359614,678,569
declared,central,Thu,8,200,0.22234226118519418,0.26181851113928634,678,569
declared,central,Thu,8,300,0.42781188916511104,0.478381245633555,678,569
declared,central,Thu,8,400,0.6152511531190528,0.6699355706781898,678,569
declared,central,Thu,9,100,0.332353837633221,0.4216109917975522,4746,4167
declared,central,Thu,9,200,0.7096188222507751,0.7826739462312728,4746,4167
declared,central,Thu,9,300,0.8560152897440474,0.9099024503842471,4746,4167
declared,central,Thu,9,400,0.9104102323271407,0.9519755737832173,4746,4167
declared,central,Thu,10,100,0.33301507289709903,0.4223743110720108,4761,4182
declared,central,Thu,10,200,0.7098531104624405,0.7828291976091288,4761,4182
declared,central,Thu,10,300,0.8560152897440474,0.9099024503842471,4761,4182
declared,central,Thu,10,400,0.9104102323271407,0.9519755737832173,4761,4182
declared,central,Thu,11,100,0.3329191170605949,0.42232256061272544,4760,4182
declared,central,Thu,11,200,0.7096807491493113,0.7825445700830594,4760,4182
declared,central,Thu,11,300,0.8559682661249564,0.9098118870804979,4760,4182
declared,central,Thu,11,400,0.9104102323271407,0.9519755737832173,4760,4182
declared,central,Thu,12,100,0.33085571737294844,0.4200067275597071,4691,4119
declared,central,Thu,12,200,0.709024875988888,0.7821176287939555,4691,4119
declared,central,Thu,12,300,0.8558739111434701,0.9098765751546045,4691,4119
declared,central,Thu,12,400,0.9104087577251924,0.9519885113980386,4691,4119
declared,central,Thu,13,100,0.3312906150057869,0.420666545915595,4724,4145
declared,central,Thu,13,200,0.7083559893345311,0.781548373741817,4724,4145
declared,central,Thu,13,300,0.8555588936703529,0.9094755090951432,4724,4145
declared,central,Thu,13,400,0.910380380687448,0.9519755737832173,4724,4145
declared,central,Thu,14,100,0.33292099443730866,0.42224493492379744,4762,4181
declared,central,Thu,14,200,0.7097108479151637,0.7826868838460941,4762,4181
declared,central,Thu,14,300,0.8560152897440474,0.9099024503842471,4762,4181
declared,central,Thu,14,400,0.9104102323271407,0.9519755737832173,4762,4181
declared,central,Thu,15,100,0.332844313329164,0.42220612207933345,4758,4179
declared,central,Thu,15,200,0.7094102794340774,0.7824022563200248,4758,4179
declared,central,Thu,15,300,0.8557889823707805,0.9098506999249618,4758,4179
declared,central,Thu,15,400,0.9102967278616758,0.951885010479468,4758,4179
declared,central,Thu,16,100,0.33182547314384203,0.420977048671307,4723,4148
declared,central,Thu,16,200,0.7086215564160272,0.7815224985121743,4723,4148
declared,central,Thu,16,300,0.8553970947428572,0.9096178228581778,4723,4148
declared,central,Thu,16,400,0.9100699852625226,0.9517556343312547,4723,4148
declared,central,Thu,17,100,0.328436969165086,0.41708282661008617,4623,4057
declared,central,Thu,17,200,0.706432401916776,0.7794524801407613,4623,4057
declared,central,Thu,17,300,0.8545741213161988,0.9091132558801459,4623,4057
declared,central,Thu,17,400,0.909330308518405,0.9512510673532227,4623,4057
declared,central,Thu,18,100,0.05617442995506535,0.07857013480994644,565,487
declared,central,Thu,18,200,0.20274404658845843,0.23871193106838823,565,487
declared,central,Thu,18,300,0.3939458440866443,0.44059047274044555,565,487
declared,central,Thu,18,400,0.5733564067087209,0.6240846637513908,565,487
declared,central,Thu,19,100,0.04888920079080034,0.06824591818252387,478,408
declared,central,Thu,19,200,0.17802667461273675,0.21075374543949077,478,408
declared,central,Thu,19,300,0.3569003568442968,0.4018423163505576,478,408
declared,central,Thu,19,400,0.5360442535885074,0.5867208321473854,478,408
declared,central,Thu,20,100,0.04706648739879378,0.06613708696664683,448,382
declared,central,Thu,20,200,0.1727588438622013,0.2049835692291769,448,382
declared,central,Thu,20,300,0.34838278468129896,0.39085828136724715,448,382
declared,central,Thu,20,400,0.5246795281439145,0.5725153310735632,448,382
declared,central,Thu,21,100,0.04520067699526164,0.06387300437291381,427,365
declared,central,Thu,21,200,0.16614889310747064,0.1978031930033379,427,365
declared,central,Thu,21,300,0.33570752631499035,0.37732553626413434,427,365
declared,central,Thu,21,400,0.5107199693665302,0.5575723859549253,427,365
declared,central,Thu,22,100,0.04408264082417908,0.06257924289078065,409,354
declared,central,Thu,22,200,0.1621629969788513,0.19343027919372785,409,354
declared,central,Thu,22,300,0.32757520591749806,0.36788107744456233,409,354
declared,central,Thu,22,400,0.5003071045348237,0.5462778482159029,409,354
declared,central,Thu,23,100,0.04345611037429191,0.06169948508293011,396,344
declared,central,Thu,23,200,0.15967529100266195,0.1907392553108909,396,344
declared,central,Thu,23,300,0.322469798656125,0.363107097575491,396,344
declared,central,Thu,23,400,0.49371127746484467,0.5406887986130877,396,344
declared,central,Fri,0,100,0.043192374088960844,0.06137604471239682,392,341
declared,central,Fri,0,200,0.15856976039024745,0.1895878075917924,392,341
declared,central,Fri,0,300,0.3201031483041478,0.3607524516780086,392,341
declared,central,Fri,0,400,0.49006847722043034,0.536600512329547,392,341
declared,central,Fri,1,100,0.041622026867386565,0.05757238595492535,386,335
declared,central,Fri,1,200,0.15603224770593788,0.18552539653789427,386,335
declared,central,Fri,1,300,0.31845854872046797,0.3590834993660569,386,335
declared,central,Fri,1,400,0.4888629663498263,0.5359277563588377,386,335
declared,central,Fri,2,100,0.04136321894809479,0.05709369420653608,385,334
declared,central,Fri,2,200,0.15518939428908807,0.1841410717520118,385,334
declared,central,Fri,2,300,0.3167498493502437,0.3565089140166119,385,334
declared,central,Fri,2,400,0.485917335223257,0.5316971563122622,385,334
declared,central,Fri,3,100,0.04136321894809479,0.05709369420653608,385,334
declared,central,Fri,3,200,0.15518939428908807,0.1841410717520118,385,334
declared,central,Fri,3,300,0.3167498493502437,0.3565089140166119,385,334
declared,central,Fri,3,400,0.485917335223257,0.5316971563122622,385,334
declared,central,Fri,4,100,0.04285027297998912,0.06084560250472223,390,339
declared,central,Fri,4,200,0.1575286769973093,0.1880870442725179,390,339
declared,central,Fri,4,300,0.3181573522650227,0.35788030118767306,390,339
declared,central,Fri,4,400,0.48690560835307684,0.5322017232902942,390,339
declared,central,Fri,5,100,0.042931743499643495,0.060949103423292884,391,340
declared,central,Fri,5,200,0.1578015164671179,0.18834579656894454,391,340
declared,central,Fri,5,300,0.31858617552142343,0.358268429632313,391,340
declared,central,Fri,5,400,0.48716897983475527,0.5323569746681501,391,340
declared,central,Fri,6,100,0.043473038960286474,0.061595984164359456,401,349
declared,central,Fri,6,200,0.1599009225244646,0.19036406448107226,401,349
declared,central,Fri,6,300,0.3219764404265975,0.3612311434263979,401,349
declared,central,Fri,6,400,0.49199215552796655,0.536095945351515,401,349
declared,central,Fri,7,100,0.04810215543418176,0.06814241726395322,479,403
declared,central,Fri,7,200,0.17623458349882382,0.20999042616503222,479,403
declared,central,Fri,7,300,0.35359740104119786,0.39758584107433953,479,403
declared,central,Fri,7,400,0.5321055684902505,0.5812223458483194,479,403
declared,central,Fri,8,100,0.06236969914776359,0.08612570186560406,679,570
declared,central,Fri,8,200,0.22272374393415603,0.26223251481356896,679,570
declared,central,Fri,8,300,0.42840009407837815,0.47885993738194427,679,570
declared,central,Fri,8,400,0.6157505159451049,0.6703236991228297,679,570
declared,central,Fri,9,100,0.3324761980967433,0.4217662431754082,4750,4169
declared,central,Fri,9,200,0.7096270506872426,0.7825963205423448,4750,4169
declared,central,Fri,9,300,0.8561568032404435,0.9099800760731751,4750,4169
declared,central,Fri,9,400,0.9104433642441561,0.9519885113980386,4750,4169
declared,central,Fri,10,100,0.33311364127093496,0.4225036872202241,4764,4183
declared,central,Fri,10,200,0.709861338898908,0.7827515719202008,4764,4183
declared,central,Fri,10,300,0.8561568032404435,0.9099800760731751,4764,4183
declared,central,Fri,10,400,0.9104433642441561,0.9519885113980386,4764,4183
declared,central,Fri,11,100,0.3330176854344307,0.42245193676093873,4763,4183
declared,central,Fri,11,200,0.709688977585779,0.7824669443941314,4763,4183
declared,central,Fri,11,300,0.8561097796213526,0.9098895127694259,4763,4183
declared,central,Fri,11,400,0.9104433642441561,0.9519885113980386,4763,4183
declared,central,Fri,12,100,0.3309198436817793,0.4201102284782777,4695,4120
declared,central,Fri,12,200,0.7088931729442851,0.7819494398012783,4695,4120
declared,central,Fri,12,300,0.855870701529542,0.9098765751546045,4695,4120
declared,central,Fri,12,400,0.9104265053610396,0.9519885113980386,4695,4120
declared,central,Fri,13,100,0.33133938469636565,0.420744171604523,4727,4145
declared,central,Fri,13,200,0.7083296150607004,0.781470748052889,4727,4145
declared,central,Fri,13,300,0.8557004071667491,0.9095531347840712,4727,4145
declared,central,Fri,13,400,0.9104135126044633,0.9519885113980386,4727,4145
declared,central,Fri,14,100,0.3328834868777192,0.4222319973089761,4764,4180
declared,central,Fri,14,200,0.7097040515619649,0.7826092581571662,4764,4180
declared,central,Fri,14,300,0.8561568032404435,0.9099800760731751,4764,4180
declared,central,Fri,14,400,0.9104433642441561,0.9519885113980386,4764,4180
declared,central,Fri,15,100,0.332830597859261,0.4222190596941548,4760,4179
declared,central,Fri,15,200,0.7094034830808785,0.7823246306310968,4760,4179
declared,central,Fri,15,300,0.8559304958671766,0.9099283256138898,4760,4179
declared,central,Fri,15,400,0.9103298597786913,0.9518979480942893,4760,4179
declared,central,Fri,16,100,0.3314887261277095,0.420627733071131,4709,4133
declared,central,Fri,16,200,0.7085925428976443,0.7814189975936037,4709,4133
declared,central,Fri,16,300,0.8555386082392534,0.9096954485471058,4709,4133
declared,central,Fri,16,400,0.910103117179538,0.951768571946076,4709,4133
declared,central,Fri,17,100,0.3278469193880713,0.41655238440241155,4618,4050
declared,central,Fri,17,200,0.7051539424494343,0.7782751571920201,4618,4050
declared,central,Fri,17,300,0.8543561349179554,0.9089709421171113,4618,4050
declared,central,Fri,17,400,0.909330566573301,0.9512381297384014,4618,4050
declared,central,Fri,18,100,0.05601560437823968,0.07824669443941315,563,486
declared,central,Fri,18,200,0.20218136842757942,0.23774160995678836,563,486
declared,central,Fri,18,300,0.393738962821122,0.4403575956736616,563,486
declared,central,Fri,18,400,0.5736388038800809,0.6244598545812095,563,486
declared,central,Fri,19,100,0.04894013702745078,0.06828473102698786,479,409
declared,central,Fri,19,200,0.17817607313773584,0.2109348720469894,479,409
declared,central,Fri,19,300,0.35727569215848115,0.40225632002484024,479,409
declared,central,Fri,19,400,0.5366185025555423,0.5873159624291665,479,409
declared,central,Fri,20,100,0.046995991733617445,0.06608533650736151,446,382
declared,central,Fri,20,200,0.1725079017115267,0.20475069216239294,446,382
declared,central,Fri,20,300,0.3481230534449978,0.3906383419152845,446,382
declared,central,Fri,20,400,0.5244664348673258,0.572424767769814,446,382
declared,central,Fri,21,100,0.0451301813300853,0.06382125391362849,425,365
declared,central,Fri,21,200,0.165897950956796,0.19757031593655394,425,365
declared,central,Fri,21,300,0.3354253183789527,0.37709265919735035,425,365
declared,central,Fri,21,400,0.5104519366204655,0.5574818226511761,425,365
declared,central,Fri,22,100,0.04408264082417908,0.06257924289078065,409,354
declared,central,Fri,22,200,0.1621629969788513,0.19343027919372785,409,354
declared,central,Fri,22,300,0.32757520591749806,0.36788107744456233,409,354
declared,central,Fri,22,400,0.5003071045348237,0.5462778482159029,409,354
declared,central,Fri,23,100,0.04345611037429191,0.06169948508293011,396,344
declared,central,Fri,23,200,0.15967529100266195,0.1907392553108909,396,344
declared,central,Fri,23,300,0.322469798656125,0.363107097575491,396,344
declared,central,Fri,23,400,0.49371127746484467,0.5406887986130877,396,344
declared,central,Sat,0,100,0.04209342371326429,0.059875281393122363,380,329
declared,central,Sat,0,200,0.15484143008113935,0.18543483323414495,380,329
declared,central,Sat,0,300,0.31335876292898723,0.35296400755556706,380,329
declared,central,Sat,0,400,0.4818673932887229,0.5274406810360442,380,329
declared,central,Sat,1,100,0.04052307649169002,0.056071622635650895,374,323
declared,central,Sat,1,200,0.15230391739682975,0.18137242218024685,374,323
declared,central,Sat,1,300,0.3117141633453074,0.35129505524361526,374,323
declared,central,Sat,1,400,0.480661882418119,0.526767925065335,374,323
declared,central,Sat,2,100,0.040264268572398246,0.055592930887261624,373,322
declared,central,Sat,2,200,0.1514610639799799,0.1799880973943644,373,322
declared,central,Sat,2,300,0.3100054639750831,0.3487204698941703,373,322
declared,central,Sat,2,400,0.4777162512915497,0.5225373250187595,373,322
declared,central,Sat,3,100,0.040264268572398246,0.055592930887261624,373,322
declared,central,Sat,3,200,0.1514610639799799,0.1799880973943644,373,322
declared,central,Sat,3,300,0.3100054639750831,0.3487204698941703,373,322
declared,central,Sat,3,400,0.4777162512915497,0.5225373250187595,373,322
declared,central,Sat,4,100,0.041751322604292575,0.05934483918544777,378,327
declared,central,Sat,4,200,0.15380034668820117,0.1839340699148705,378,327
declared,central,Sat,4,300,0.3114129668898621,0.35009185706523144,378,327
declared,central,Sat,4,400,0.4787045244213695,0.5230418919967915,378,327
declared,central,Sat,5,100,0.04183279312394696,0.05944834010401842,379,328
declared,central,Sat,5,200,0.1540731861580098,0.18419282221129712,379,328
declared,central,Sat,5,300,0.3118417901462629,0.3504799855098714,379,328
declared,central,Sat,5,400,0.47896789590304795,0.5231971433746474,379,328
declared,central,Sat,6,100,0.042041387453227004,0.0598494061634797,384,332
declared,central,Sat,6,200,0.15496753627536852,0.1851760809377183,384,332
declared,central,Sat,6,300,0.31346641502368383,0.3520454369032525,384,332
declared,central,Sat,6,400,0.481351077010243,0.5251636608274899,384,332
declared,central,Sat,7,100,0.0433212330817893,0.06142779517168215,401,346
declared,central,Sat,7,200,0.160271585442453,0.19145082412606412,401,346
declared,central,Sat,7,300,0.32568019380964774,0.36631562605118123,401,346
declared,central,Sat,7,400,0.49835313128134673,0.5448676482003778,401,346
declared,central,Sat,8,100,0.045114990451705646,0.06374362822470049,440,377
declared,central,Sat,8,200,0.1676155609895778,0.19905814164100707,440,377
declared,central,Sat,8,300,0.3406545531241812,0.38208657851838435,440,377
declared,central,Sat,8,400,0.5172131222494805,0.5634590006986312,440,377
declared,central,Sat,9,100,0.10994691002115649,0.14922244934923798,1111,968
declared,central,Sat,9,200,0.34947175092066746,0.4080653090796181,1111,968
declared,central,Sat,9,300,0.5918964675442158,0.6525862292027842,1111,968
declared,central,Sat,9,400,0.7587954566881036,0.8138924107951458,1111,968
declared,central,Sat,10,100,0.11115782944057484,0.15059383652029912,1124,978
declared,central,Sat,10,200,0.3513146918768134,0.40982482469531917,1124,978
declared,central,Sat,10,300,0.5929264317572809,0.6533236732476001,1124,978
declared,central,Sat,10,400,0.7591693624986929,0.8140994126322871,1124,978
declared,central,Sat,11,100,0.11112425134461913,0.15060677413512044,1124,978
declared,central,Sat,11,200,0.351081024544948,0.40941082102103654,1124,978
declared,central,Sat,11,300,0.5925964640075613,0.6528191062695682,1124,978
declared,central,Sat,11,400,0.7591424360104774,0.8140605997878231,1124,978
declared,central,Sat,12,100,0.11004809497552118,0.14944238880120062,1107,964
declared,central,Sat,12,200,0.34870082447091355,0.40713380081248224,1107,964
declared,central,Sat,12,300,0.5892902705677215,0.6498046420161979,1107,964
declared,central,Sat,12,400,0.7564501893103156,0.8115118896680208,1107,964
declared,central,Sat,13,100,0.11003943870460367,0.14936476311227262,1107,964
declared,central,Sat,13,200,0.3483869463033895,0.4067586099826636,1107,964
declared,central,Sat,13,300,0.5896707118636255,0.6499728310088752,1107,964
declared,central,Sat,13,400,0.7566671468143966,0.8117059538903407,1107,964
declared,central,Sat,14,100,0.11068912725945534,0.14992108054958989,1116,971
declared,central,Sat,14,200,0.34961375156006425,0.4080523714647967,1116,971
declared,central,Sat,14,300,0.591018090500997,0.6513183429502937,1116,971
declared,central,Sat,14,400,0.7573609412966459,0.8123916474758713,1116,971
declared,central,Sat,15,100,0.11086602897909072,0.15016689523119517,1116,971
declared,central,Sat,15,200,0.3501367616581437,0.408686314591042,1116,971
declared,central,Sat,15,300,0.5916396211304344,0.6520299117654669,1116,971
declared,central,Sat,15,400,0.7580307252120063,0.8131420291355086,1116,971
declared,central,Sat,16,100,0.11083477712372719,0.15007633192744585,1115,971
declared,central,Sat,16,200,0.35008532526265884,0.4084793127539007,1115,971
declared,central,Sat,16,300,0.5917876357956091,0.6521204750692162,1115,971
declared,central,Sat,16,400,0.7580307252120063,0.8131420291355086,1115,971
declared,central,Sat,17,100,0.11064583029910714,0.14990814293476853,1112,968
declared,central,Sat,17,200,0.3496048205203619,0.4080264962351541,1112,968
declared,central,Sat,17,300,0.5910393606669896,0.6514994695577924,1112,968
declared,central,Sat,17,400,0.7575683602023706,0.8127797759205113,1112,968
declared,central,Sat,18,100,0.04604408183184774,0.06471394933630036,439,375
declared,central,Sat,18,200,0.16930432362659406,0.20049421688617486,439,375
declared,central,Sat,18,300,0.34264682656717277,0.38301808678552024,439,375
declared,central,Sat,18,400,0.520030239514088,0.5650762025512976,439,375
declared,central,Sat,19,100,0.04384882276845557,0.06191942453489275,413,355
declared,central,Sat,19,200,0.1607710338460548,0.19129557274820813,413,355
declared,central,Sat,19,300,0.3268919709427327,0.3674153233109944,413,355
declared,central,Sat,19,400,0.5015403975642699,0.5476621730017854,413,355
declared,central,Sat,20,100,0.044289414664944585,0.06265686857970865,409,351
declared,central,Sat,20,200,0.16337988923833652,0.194840479209253,409,351
declared,central,Sat,20,300,0.33159193944211696,0.3727714958470256,409,351
declared,central,Sat,20,400,0.5053281199842324,0.5521903381892515,409,351
declared,central,Sat,21,100,0.04313037060377327,0.06111729241597019,399,341
declared,central,Sat,21,200,0.15862123715020965,0.18934199291018708,399,341
declared,central,Sat,21,300,0.32150899198627036,0.3615028333376459,399,341
declared,central,Sat,21,400,0.4933829613371486,0.5391880352938132,399,341
declared,central,Sat,22,100,0.042667406670148025,0.06061272543793826,392,337
declared,central,Sat,22,200,0.15705265680729857,0.18777654151680595,392,337
declared,central,Sat,22,300,0.3179578614654534,0.35731104613553444,392,337
declared,central,Sat,22,400,0.4886592445691823,0.5340129893652806,392,337
declared,central,Sat,23,100,0.04235715999859537,0.06019872176365565,385,332
declared,central,Sat,23,200,0.1559469606935538,0.18658628095324345,385,332
declared,central,Sat,23,300,0.31574788998070086,0.3553315910678707,385,332
declared,central,Sat,23,400,0.485671897098527,0.5315936553936916,385,332
declared,central,Sun,0,100,0.04178277452993401,0.05937071441509043,378,328
declared,central,Sun,0,200,0.1540494982049868,0.18437394881879576,378,328
declared,central,Sun,0,300,0.31307142208623245,0.3527052552591404,378,328
declared,central,Sun,0,400,0.4818305197361548,0.5273889305767588,378,328
declared,central,Sun,1,100,0.04021242730835975,0.05556705565761896,372,322
declared,central,Sun,1,200,0.15151198552067718,0.18031153776489767,372,322
declared,central,Sun,1,300,0.3114268225025526,0.3510363029471887,372,322
declared,central,Sun,1,400,0.48062500886555093,0.5267161746060496,372,322
declared,central,Sun,2,100,0.039953619389067954,0.05508836390922969,371,321
declared,central,Sun,2,200,0.15066913210382735,0.17892721297901518,371,321
declared,central,Sun,2,300,0.3097181231323283,0.3484617175977437,371,321
declared,central,Sun,2,400,0.4776793777389816,0.5224855745594742,371,321
declared,central,Sun,3,100,0.039953619389067954,0.05508836390922969,371,321
declared,central,Sun,3,200,0.15066913210382735,0.17892721297901518,371,321
declared,central,Sun,3,300,0.3097181231323283,0.3484617175977437,371,321
declared,central,Sun,3,400,0.4776793777389816,0.5224855745594742,371,321
declared,central,Sun,4,100,0.0414406734209623,0.05884027220741584,376,326
declared,central,Sun,4,200,0.1530084148120486,0.1828731854995213,376,326
declared,central,Sun,4,300,0.3111256260471073,0.3498331047688048,376,326
declared,central,Sun,4,400,0.4786676508688014,0.5229901415375061,376,326
declared,central,Sun,5,100,0.04152214394061667,0.05894377312598649,377,327
declared,central,Sun,5,200,0.1532812542818572,0.18313193779594794,377,327
declared,central,Sun,5,300,0.31155444930350806,0.3502212332134448,377,327
declared,central,Sun,5,400,0.47893102235047985,0.5231453929153621,377,327
declared,central,Sun,6,100,0.041613233735218386,0.059111962118663805,378,328
declared,central,Sun,6,200,0.15367885320353716,0.18350712862576654,378,328
declared,central,Sun,6,300,0.3118757431916091,0.35054467358397806,378,328
declared,central,Sun,6,400,0.4789397181545663,0.5231453929153621,378,328
declared,central,Sun,7,100,0.04215765318544298,0.05993996946722902,386,334
declared,central,Sun,7,200,0.1561575966821061,0.1867674075607421,386,334
declared,central,Sun,7,300,0.31841862123261777,0.3584366186249903,386,334
declared,central,Sun,7,400,0.49015694462789633,0.5363546976479416,386,334
declared,central,Sun,8,100,0.041996198904128895,0.05944834010401842,399,340
declared,central,Sun,8,200,0.15658919476184704,0.18694853416824075,399,340
declared,central,Sun,8,300,0.3219015902923451,0.3619556498563925,399,340
declared,central,Sun,8,400,0.4965686420412967,0.5416203068802236,399,340
declared,central,Sun,9,100,0.0960448353989553,0.1310192252956245,903,801
declared,central,Sun,9,200,0.31093569908717905,0.3639221673092349,903,801
declared,central,Sun,9,300,0.5467640061330091,0.6060755039200972,903,801
declared,central,Sun,9,400,0.7232999836411798,0.7779517168214868,903,801
declared,central,Sun,10,100,0.0969401088490669,0.13209304732579502,913,811
declared,central,Sun,10,200,0.3125622503802175,0.3656169948508293,913,811
declared,central,Sun,10,300,0.548391917244695,0.6076538929282997,913,811
declared,central,Sun,10,400,0.7249676200394054,0.7796724195927239,913,811
declared,central,Sun,11,100,0.09698841031274472,0.13211892255543767,914,812
declared,central,Sun,11,200,0.3123489701977979,0.3652029911765467,914,812
declared,central,Sun,11,300,0.5480652990490413,0.6071493259502678,914,812
declared,central,Sun,11,400,0.7249406935511897,0.7796336067482599,914,812
declared,central,Sun,12,100,0.09638589108120343,0.13149791704401376,909,807
declared,central,Sun,12,200,0.3114850103261383,0.3644655471317308,909,807
declared,central,Sun,12,300,0.5472214761080137,0.6063730690609879,909,807
declared,central,Sun,12,400,0.7239420935745974,0.7789867260071933,909,807
declared,central,Sun,13,100,0.09605525695770599,0.13109685098455248,906,804
declared,central,Sun,13,200,0.3103561423290973,0.36333997464227497,906,804
declared,central,Sun,13,300,0.5460441849119259,0.6052604341863534,906,804
declared,central,Sun,13,400,0.7230640675155837,0.7781587186586281,906,804
declared,central,Sun,14,100,0.09625304782522995,0.13121328951794448,909,807
declared,central,Sun,14,200,0.310892432609493,0.3639092296944135,909,807
declared,central,Sun,14,300,0.5466395206607053,0.6059331901570626,909,807
declared,central,Sun,14,400,0.7231427779914592,0.7782492819623774,909,807
declared,central,Sun,15,100,0.09625304782522995,0.13121328951794448,909,807
declared,central,Sun,15,200,0.310892432609493,0.3639092296944135,909,807
declared,central,Sun,15,300,0.5466395206607053,0.6059331901570626,909,807
declared,central,Sun,15,400,0.7231427779914592,0.7782492819623774,909,807
declared,central,Sun,16,100,0.09618017760052355,0.13107097575490984,908,806
declared,central,Sun,16,200,0.3106635383398647,0.3635728517090589,908,806
declared,central,Sun,16,300,0.5466395206607053,0.6059331901570626,908,806
declared,central,Sun,16,400,0.7231427779914592,0.7782492819623774,908,806
declared,central,Sun,17,100,0.09601217738790267,0.1308510363029472,904,802
declared,central,Sun,17,200,0.3106526827886252,0.3635728517090589,904,802
declared,central,Sun,17,300,0.5466395206607053,0.6059331901570626,904,802
declared,central,Sun,17,400,0.7231427779914592,0.7782492819623774,904,802
declared,central,Sun,18,100,0.04315238629559485,0.06078091443061557,407,348
declared,central,Sun,18,200,0.15833822026496389,0.18843635987269386,407,348
declared,central,Sun,18,300,0.3252248722848823,0.3647631122726214,407,348
declared,central,Sun,18,400,0.5010916982450087,0.5465107252826868,407,348
declared,central,Sun,19,100,0.04274733498022148,0.060470411674903614,400,343
declared,central,Sun,19,200,0.1567260374374571,0.18700028462752608,400,343
declared,central,Sun,19,300,0.32109294692575097,0.3615028333376459,400,343
declared,central,Sun,19,400,0.49502749840828186,0.5416849949543302,400,343
declared,central,Sun,20,100,0.04287541004159328,0.06084560250472223,392,340
declared,central,Sun,20,200,0.15863001754804323,0.18965249566589903,392,340
declared,central,Sun,20,300,0.32445102655604785,0.3656299324656506,392,340
declared,central,Sun,20,400,0.4978317560746074,0.5451522757264471,392,340
declared,central,Sun,21,100,0.04207135269603311,0.05966827955598106,386,334
declared,central,Sun,21,200,0.15544713208317745,0.1857453359898569,386,334
declared,central,Sun,21,300,0.318191729988564,0.3582166791730277,386,334
declared,central,Sun,21,400,0.49072619427063113,0.5367040132481176,386,334
declared,central,Sun,22,100,0.04183890970388621,0.05944834010401842,384,332
declared,central,Sun,22,200,0.15468936316738666,0.18491732864129168,384,332
declared,central,Sun,22,300,0.3162545371439894,0.3557973452014387,384,332
declared,central,Sun,22,400,0.48828324625523006,0.5337671746836753,384,332
declared,central,Sun,23,100,0.04169756165397535,0.05925427588169845,380,329
declared,central,Sun,23,200,0.15407446336210212,0.18423163505576112,380,329
declared,central,Sun,23,300,0.31460739353729317,0.35429658188216423,380,329
declared,central,Sun,23,400,0.48545660995839396,0.531451341630657,380,329
strict,central,Mon,0,100,0.031737242371298456,0.04620022252697493,264,230
strict,central,Mon,0,200,0.11850742549528444,0.14475897223587858,264,230
strict,central,Mon,0,300,0.24947959973623274,0.28555903433642976,264,230
strict,central,Mon,0,400,0.4007207582396075,0.44456232049059435,264,230
strict,central,Mon,1,100,0.030565807697587877,0.04306931974021269,260,226
strict,central,Mon,1,200,0.11629234598399732,0.1413175666934044,260,226
strict,central,Mon,1,300,0.24737626948967062,0.2835278288094807,260,226
strict,central,Mon,1,400,0.3982841298706205,0.4426216782673946,260,226
strict,central,Mon,2,100,0.030306999778296092,0.04259062799182343,259,225
strict,central,Mon,2,200,0.1154494925671475,0.13993324190752193,259,225
strict,central,Mon,2,300,0.24566757011944637,0.2809532434600357,259,225
strict,central,Mon,2,400,0.39533849874405114,0.4383910782208192,259,225
strict,central,Mon,3,100,0.030306999778296092,0.04259062799182343,259,225
strict,central,Mon,3,200,0.1154494925671475,0.13993324190752193,259,225
strict,central,Mon,3,300,0.24566757011944637,0.2809532434600357,259,225
strict,central,Mon,3,400,0.39533849874405114,0.4383910782208192,259,225
strict,central,Mon,4,100,0.03147843445200667,0.04572153077858566,263,229
strict,central,Mon,4,200,0.11766457207843461,0.14337464744999612,263,229
strict,central,Mon,4,300,0.24777090036600843,0.28298444898698477,263,229
strict,central,Mon,4,400,0.3977751271130382,0.4403317204440189,263,229
strict,central,Mon,5,100,0.03147843445200667,0.04572153077858566,263,229
strict,central,Mon,5,200,0.11766457207843461,0.14337464744999612,263,229
strict,central,Mon,5,300,0.24777090036600843,0.28298444898698477,263,229
strict,central,Mon,5,400,0.3977751271130382,0.4403317204440189,263,229
strict,central,Mon,6,100,0.03177103042168498,0.04599322068983362,268,233
strict,central,Mon,6,200,0.11882168566712462,0.1446295960876653,268,233
strict,central,Mon,6,300,0.2502902363037518,0.28549434626232306,268,233
strict,central,Mon,6,400,0.4013886272486826,0.4433720599270318,268,233
strict,central,Mon,7,100,0.0343103818851754,0.04993919321033974,303,258
strict,central,Mon,7,200,0.12828842487835507,0.15655807695293295,303,258
strict,central,Mon,7,300,0.26920643473086014,0.30759179237715734,303,258
strict,central,Mon,7,400,0.42362770757890433,0.46813465469506044,303,258
strict,central,Mon,8,100,0.04249681607011851,0.060470411674903614,397,336
strict,central,Mon,8,200,0.15769441327464237,0.1895878075917924,397,336
strict,central,Mon,8,300,0.32323777917939,0.3663673765104665,397,336
strict,central,Mon,8,400,0.49213559367055776,0.5421507490878982,397,336
strict,central,Mon,9,100,0.2657417349014576,0.3430667322172484,3187,2844
strict,central,Mon,9,200,0.6426107778425755,0.7200170776515642,3187,2844
strict,central,Mon,9,300,0.8253410829794687,0.8831345253189122,3187,2844
strict,central,Mon,9,400,0.8947682375768826,0.9404999094366963,3187,2844
strict,central,Mon,10,100,0.2659390898981198,0.3432349212099257,3194,2851
strict,central,Mon,10,200,0.6427035152775906,0.7200947033404922,3194,2851
strict,central,Mon,10,300,0.8253496097896955,0.8831345253189122,3194,2851
strict,central,Mon,10,400,0.8947682375768826,0.9404999094366963,3194,2851
strict,central,Mon,11,100,0.2659390898981198,0.3432349212099257,3193,2851
strict,central,Mon,11,200,0.6427035152775906,0.7200947033404922,3193,2851
strict,central,Mon,11,300,0.8253496097896955,0.8831345253189122,3193,2851
strict,central,Mon,11,400,0.8947682375768826,0.9404999094366963,3193,2851
strict,central,Mon,12,100,0.2648902902522198,0.3419929101870779,3164,2825
strict,central,Mon,12,200,0.6420941963985046,0.7196289492069242,3164,2825
strict,central,Mon,12,300,0.8250339413287344,0.8829663363262349,3164,2825
strict,central,Mon,12,400,0.8946153368815555,0.940448158977411,3164,2825
strict,central,Mon,13,100,0.2648944782969595,0.3419929101870779,3179,2836
strict,central,Mon,13,200,0.6417148735121104,0.7192278831474629,3179,2836
strict,central,Mon,13,300,0.8248921349532471,0.8826817088001656,3179,2836
strict,central,Mon,13,400,0.8946679007241938,0.9404093461329469,3179,2836
strict,central,Mon,14,100,0.26580947160507595,0.3430667322172484,3193,2849
strict,central,Mon,14,200,0.6425228092670124,0.7199135767329935,3193,2849
strict,central,Mon,14,300,0.8253457816743299,0.8831215877040909,3193,2849
strict,central,Mon,14,400,0.8947682375768826,0.9404999094366963,3193,2849
strict,central,Mon,15,100,0.2657499008138516,0.34302791937278443,3191,2848
strict,central,Mon,15,200,0.6422222407859263,0.7196289492069242,3191,2848
strict,central,Mon,15,300,0.8250919557960193,0.8830180867855202,3191,2848
strict,central,Mon,15,400,0.8946391627211229,0.9404093461329469,3191,2848
strict,central,Mon,16,100,0.2652708392057677,0.34239397624653917,3175,2833
strict,central,Mon,16,200,0.6415244026555275,0.7188526923176444,3175,2833
strict,central,Mon,16,300,0.8248339318919037,0.8828757730224855,3175,2833
strict,central,Mon,16,400,0.894519596100072,0.940370533288483,3175,2833
strict,central,Mon,17,100,0.26320624971179657,0.3398711413563795,3137,2801
strict,central,Mon,17,200,0.6394212138954687,0.7167567987165886,3137,2801
strict,central,Mon,17,300,0.8243501617813815,0.882267705125883,3137,2801
strict,central,Mon,17,400,0.8944948075314426,0.9403317204440189,3137,2801
strict,central,Mon,18,100,0.03952842648670685,0.056744378606360134,348,301
strict,central,Mon,18,200,0.14653914875616875,0.1772970735115274,348,301
strict,central,Mon,18,300,0.3017270251159699,0.34477449737366417,348,301
strict,central,Mon,18,400,0.4650405088645421,0.5144642533702487,348,301
strict,central,Mon,19,100,0.036011784048624734,0.051284705151758224,309,269
strict,central,Mon,19,200,0.1332597055553432,0.1613708696664683,309,269
strict,central,Mon,19,300,0.2780167725638959,0.3182911998343985,309,269
strict,central,Mon,19,400,0.4379743698009612,0.4859885631484979,309,269
strict,central,Mon,20,100,0.03362552224323202,0.048114989520531996,286,249
strict,central,Mon,20,200,0.12651077268943384,0.15298729526224544,286,249
strict,central,Mon,20,300,0.2672338814398886,0.30328356664165396,286,249
strict,central,Mon,20,400,0.4233804965299612,0.46609051155329,286,249
strict,central,Mon,21,100,0.03287038302615324,0.0473775454757161,279,243
strict,central,Mon,21,200,0.12357768916836129,0.15017983284601652,279,243
strict,central,Mon,21,300,0.2607007130955915,0.2969570729940228,279,243
strict,central,Mon,21,400,0.4156834955531197,0.45872900871995237,279,243
strict,central,Mon,22,100,0.032024485343245604,0.046368411519652236,269,234
strict,central,Mon,22,200,0.12031744039788318,0.1462726731699744,269,234
strict,central,Mon,22,300,0.2534837118269657,0.2886640618935493,269,234
strict,central,Mon,22,400,0.4058649404051993,0.44841772970735116,269,234
strict,central,Mon,23,100,0.03179979939480493,0.04610965922322561,265,231
strict,central,Mon,23,200,0.11902218671842443,0.14491422361373457,265,231
strict,central,Mon,23,300,0.2503452320588053,0.2857530985587497,265,231
strict,central,Mon,23,400,0.4011507642016146,0.44409656635702643,265,231
strict,central,Tue,0,100,0.03166406182305836,0.045941470230548294,264,230
strict,central,Tue,0,200,0.11848532391275347,0.14437084379123866,264,230
strict,central,Tue,0,300,0.2490179375686572,0.2843170233135819,264,230
strict,central,Tue,0,400,0.39842714356555,0.4409139131109789,264,230
strict,central,Tue,1,100,0.030492627149347775,0.042810567443786064,260,226
strict,central,Tue,1,200,0.11627024440146635,0.14092943824876447,260,226
strict,central,Tue,1,300,0.24736011725246504,0.28277744714984343,260,226
strict,central,Tue,1,400,0.39707542174239624,0.439904779154915,260,226
strict,central,Tue,2,100,0.030492627149347775,0.042810567443786064,260,226
strict,central,Tue,2,200,0.11627024440146635,0.14092943824876447,260,226
strict,central,Tue,2,300,0.24736011725246504,0.28277744714984343,260,226
strict,central,Tue,2,400,0.39707542174239624,0.439904779154915,260,226
strict,central,Tue,3,100,0.030492627149347775,0.042810567443786064,260,226
strict,central,Tue,3,200,0.11627024440146635,0.14092943824876447,260,226
strict,central,Tue,3,300,0.24736011725246504,0.28277744714984343,260,226
strict,central,Tue,3,400,0.39707542174239624,0.439904779154915,260,226
strict,central,Tue,4,100,0.03166406182305836,0.045941470230548294,264,230
strict,central,Tue,4,200,0.11848532391275347,0.14437084379123866,264,230
strict,central,Tue,4,300,0.2490179375686572,0.2843170233135819,264,230
strict,central,Tue,4,400,0.39842714356555,0.4409139131109789,264,230
strict,central,Tue,5,100,0.03166406182305836,0.045941470230548294,264,230
strict,central,Tue,5,200,0.11848532391275347,0.14437084379123866,264,230
strict,central,Tue,5,300,0.2490179375686572,0.2843170233135819,264,230
strict,central,Tue,5,400,0.39842714356555,0.4409139131109789,264,230
strict,central,Tue,6,100,0.03195665779273666,0.04621316014179626,269,234
strict,central,Tue,6,200,0.11964243750144349,0.1456257924289078,269,234
strict,central,Tue,6,300,0.2515372735064006,0.28682692058892023,269,234
strict,central,Tue,6,400,0.4020406437011943,0.4439542525939918,269,234
strict,central,Tue,7,100,0.03449600925622709,0.050159132662302375,304,259
strict,central,Tue,7,200,0.1291091767126739,0.15755427329417548,304,259
strict,central,Tue,7,300,0.27045347193350894,0.3089243667037545,304,259
strict,central,Tue,7,400,0.42425455864788686,0.46871684736202035,304,259
strict,central,Tue,8,100,0.04255171192231909,0.06053509974901027,398,337
strict,central,Tue,8,200,0.15800448984601126,0.18982068465857635,398,337
strict,central,Tue,8,300,0.32398429513499805,0.36702719486635443,398,337
strict,central,Tue,8,400,0.4932284884167613,0.5430305068957487,398,337
strict,central,Tue,9,100,0.2663944926544666,0.3438947395658136,3191,2850
strict,central,Tue,9,200,0.6434833604031387,0.7208062721556654,3191,2850
strict,central,Tue,9,300,0.8265015867139337,0.8845059124899733,3191,2850
strict,central,Tue,9,400,0.896016186829311,0.9417677956891868,3191,2850
strict,central,Tue,10,100,0.2667144283092541,0.3442052423215256,3198,2857
strict,central,Tue,10,200,0.6435919452943433,0.7208968354594147,3198,2857
strict,central,Tue,10,300,0.8265101135241607,0.8845059124899733,3198,2857
strict,central,Tue,10,400,0.896016186829311,0.9417677956891868,3198,2857
strict,central,Tue,11,100,0.2667144283092541,0.3442052423215256,3197,2857
strict,central,Tue,11,200,0.6435919452943433,0.7208968354594147,3197,2857
strict,central,Tue,11,300,0.8265101135241607,0.8845059124899733,3197,2857
strict,central,Tue,11,400,0.896016186829311,0.9417677956891868,3197,2857
strict,central,Tue,12,100,0.26544463906650173,0.3426786037726085,3167,2831
strict,central,Tue,12,200,0.6429072517904015,0.7203922684813828,3167,2831
strict,central,Tue,12,300,0.826191789348456,0.884337723497296,3167,2831
strict,central,Tue,12,400,0.8958632861339839,0.9417160452299014,3167,2831
strict,central,Tue,13,100,0.26562133756658873,0.34285973038010714,3183,2843
strict,central,Tue,13,200,0.642544228774359,0.7200170776515642,3183,2843
strict,central,Tue,13,300,0.8260499829729685,0.8840530959712267,3183,2843
strict,central,Tue,13,400,0.8959158499766221,0.9416772323854374,3183,2843
strict,central,Tue,14,100,0.26653633087470524,0.3439335524102776,3197,2856
strict,central,Tue,14,200,0.6433521645292611,0.7207027712370947,3197,2856
strict,central,Tue,14,300,0.8265036296940514,0.884492974875152,3197,2856
strict,central,Tue,14,400,0.896016186829311,0.9417677956891868,3197,2856
strict,central,Tue,15,100,0.2665266898807028,0.3439335524102776,3196,2856
strict,central,Tue,15,200,0.6430520484623368,0.7204310813258468,3196,2856
strict,central,Tue,15,300,0.8262498038157409,0.8843894739565814,3196,2856
strict,central,Tue,15,400,0.8958871119735512,0.9416772323854374,3196,2856
strict,central,Tue,16,100,0.266047628272619,0.3432996092840324,3180,2841
strict,central,Tue,16,200,0.6423542103319381,0.7196548244365669,3180,2841
strict,central,Tue,16,300,0.8259917799116252,0.8842471601935468,3180,2841
strict,central,Tue,16,400,0.8957675453525004,0.9416384195409734,3180,2841
strict,central,Tue,17,100,0.26393310898142586,0.3407379615494088,3141,2808
strict,central,Tue,17,200,0.6402505691577173,0.7175459932206898,3141,2808
strict,central,Tue,17,300,0.8255034765731686,0.8836390922969442,3141,2808
strict,central,Tue,17,400,0.8957427567838709,0.9415996066965094,3141,2808
strict,central,Tue,18,100,0.03977438253572293,0.05696431805832277,351,304
strict,central,Tue,18,200,0.1476599596265289,0.17828033223794862,351,304
strict,central,Tue,18,300,0.3042062314813335,0.34661163867829325,351,304
strict,central,Tue,18,400,0.4686815793574003,0.5172846534012989,351,304
strict,central,Tue,19,100,0.03605831224255486,0.051336455611043545,310,270
strict,central,Tue,19,200,0.13355553389227812,0.16172018526664425,310,270
strict,central,Tue,19,300,0.2786273051693242,0.31882164204207314,310,270
strict,central,Tue,19,400,0.4388777553830527,0.48701063471938316,310,270
strict,central,Tue,20,100,0.03367205043716215,0.04816673997981732,287,250
strict,central,Tue,20,200,0.12680660102636873,0.1533366108624214,287,250
strict,central,Tue,20,300,0.26784441404531684,0.3038140088493285,287,250
strict,central,Tue,20,400,0.42428388211205265,0.46711258312417525,287,250
strict,central,Tue,21,100,0.03291691122008337,0.04742929593500142,280,244
strict,central,Tue,21,200,0.12387351750529618,0.15052914844619247,280,244
strict,central,Tue,21,300,0.26131124570101977,0.2974875152016974,280,244
strict,central,Tue,21,400,0.41658688113521114,0.45975108029083755,280,244
strict,central,Tue,22,100,0.03207101353717573,0.046420161978937564,270,235
strict,central,Tue,22,200,0.12061326873481808,0.14662198877015034,270,235
strict,central,Tue,22,300,0.25409424443239403,0.2891945041012239,270,235
strict,central,Tue,22,400,0.40676832598729085,0.44943980127823635,270,235
strict,central,Tue,23,100,0.031846327588735054,0.04616140968251093,266,232
strict,central,Tue,23,200,0.11931801505535933,0.14526353921391053,266,232
strict,central,Tue,23,300,0.25095576466423364,0.2862835407664243,266,232
strict,central,Tue,23,400,0.40205414978370607,0.4451186379279116,266,232
strict,central,Wed,0,100,0.03166406182305836,0.045941470230548294,264,230
strict,central,Wed,0,200,0.11848532391275347,0.14437084379123866,264,230
strict,central,Wed,0,300,0.2490179375686572,0.2843170233135819,264,230
strict,central,Wed,0,400,0.39842714356555,0.4409139131109789,264,230
strict,central,Wed,1,100,0.030492627149347775,0.042810567443786064,260,226
strict,central,Wed,1,200,0.11627024440146635,0.14092943824876447,260,226
strict,central,Wed,1,300,0.24736011725246504,0.28277744714984343,260,226
strict,central,Wed,1,400,0.39707542174239624,0.439904779154915,260,226
strict,central,Wed,2,100,0.030492627149347775,0.042810567443786064,260,226
strict,central,Wed,2,200,0.11627024440146635,0.14092943824876447,260,226
strict,central,Wed,2,300,0.24736011725246504,0.28277744714984343,260,226
strict,central,Wed,2,400,0.39707542174239624,0.439904779154915,260,226
strict,central,Wed,3,100,0.030492627149347775,0.042810567443786064,260,226
strict,central,Wed,3,200,0.11627024440146635,0.14092943824876447,260,226
strict,central,Wed,3,300,0.24736011725246504,0.28277744714984343,260,226
strict,central,Wed,3,400,0.39707542174239624,0.439904779154915,260,226
strict,central,Wed,4,100,0.03166406182305836,0.045941470230548294,264,230
strict,central,Wed,4,200,0.11848532391275347,0.14437084379123866,264,230
strict,central,Wed,4,300,0.2490179375686572,0.2843170233135819,264,230
strict,central,Wed,4,400,0.39842714356555,0.4409139131109789,264,230
strict,central,Wed,5,100,0.03166406182305836,0.045941470230548294,264,230
strict,central,Wed,5,200,0.11848532391275347,0.14437084379123866,264,230
strict,central,Wed,5,300,0.2490179375686572,0.2843170233135819,264,230
strict,central,Wed,5,400,0.39842714356555,0.4409139131109789,264,230
strict,central,Wed,6,100,0.03195665779273666,0.04621316014179626,269,234
strict,central,Wed,6,200,0.11964243750144349,0.1456257924289078,269,234
strict,central,Wed,6,300,0.2515372735064006,0.28682692058892023,269,234
strict,central,Wed,6,400,0.4020406437011943,0.4439542525939918,269,234
strict,central,Wed,7,100,0.03453629708654064,0.05034025926980102,304,259
strict,central,Wed,7,200,0.12925089446949092,0.1581752788055994,304,259
strict,central,Wed,7,300,0.271113604043235,0.31047688048231425,304,259
strict,central,Wed,7,400,0.42571335719878495,0.47129143271146534,304,259
strict,central,Wed,8,100,0.0425134778113145,0.06061272543793826,396,336
strict,central,Wed,8,200,0.15812060114516283,0.19044169017000026,396,336
strict,central,Wed,8,300,0.3246584009787885,0.36857970864491424,396,336
strict,central,Wed,8,400,0.49458960212600356,0.545501591326623,396,336
strict,central,Wed,9,100,0.2659942907743453,0.3435842368101017,3183,2844
strict,central,Wed,9,200,0.6422485040781455,0.7195254482883535,3183,2844
strict,central,Wed,9,300,0.8263769242072467,0.884609413408544,3183,2844
strict,central,Wed,9,400,0.895977522129976,0.9417548580743654,3183,2844
strict,central,Wed,10,100,0.26631422642913277,0.3438947395658136,3190,2851
strict,central,Wed,10,200,0.6423570889693498,0.7196160115921029,3190,2851
strict,central,Wed,10,300,0.8263854510174736,0.884609413408544,3190,2851
strict,central,Wed,10,400,0.895977522129976,0.9417548580743654,3190,2851
strict,central,Wed,11,100,0.26631422642913277,0.3438947395658136,3189,2851
strict,central,Wed,11,200,0.6423570889693498,0.7196160115921029,3189,2851
strict,central,Wed,11,300,0.8263854510174736,0.884609413408544,3189,2851
strict,central,Wed,11,400,0.895977522129976,0.9417548580743654,3189,2851
strict,central,Wed,12,100,0.26518937431903755,0.3425621652392165,3160,2826
strict,central,Wed,12,200,0.6417612108209529,0.7191631950733562,3160,2826
strict,central,Wed,12,300,0.8260697825565125,0.8844412244158667,3160,2826
strict,central,Wed,12,400,0.8958246214346489,0.9417031076150801,3160,2826
strict,central,Wed,13,100,0.2653422150408913,0.34270447900225115,3175,2837
strict,central,Wed,13,200,0.6413718550974409,0.7187880042435376,3175,2837
strict,central,Wed,13,300,0.825927976181025,0.8841565968897974,3175,2837
strict,central,Wed,13,400,0.8958771852772873,0.9416642947706161,3175,2837
strict,central,Wed,14,100,0.2664327595758608,0.3439594276399203,3191,2852
strict,central,Wed,14,200,0.6426678724121921,0.7199653271922788,3191,2852
strict,central,Wed,14,300,0.8264657690985314,0.884609413408544,3191,2852
strict,central,Wed,14,400,0.8959950117109272,0.9417677956891868,3191,2852
strict,central,Wed,15,100,0.2664874856391567,0.34407586617331226,3190,2852
strict,central,Wed,15,200,0.6425461383088872,0.7198488886588869,3190,2852
strict,central,Wed,15,300,0.8262157713355864,0.8845188501047947,3190,2852
strict,central,Wed,15,400,0.8958659368551676,0.9416772323854374,3190,2852
strict,central,Wed,16,100,0.2660084240310729,0.34344192304706705,3174,2837
strict,central,Wed,16,200,0.6418483001784883,0.719072631769607,3174,2837
strict,central,Wed,16,300,0.8259577474314709,0.8843765363417601,3174,2837
strict,central,Wed,16,400,0.8957463702341167,0.9416384195409734,3174,2837
strict,central,Wed,17,100,0.26394383453710174,0.3409190881569074,3137,2806
strict,central,Wed,17,200,0.6397451114184294,0.7169767381685512,3137,2806
strict,central,Wed,17,300,0.8254739773209486,0.8837684684451574,3137,2806
strict,central,Wed,17,400,0.8957215816654873,0.9415996066965094,3137,2806
strict,central,Wed,18,100,0.0403129649163257,0.057766450177245326,354,307
strict,central,Wed,18,200,0.14962495709209242,0.18089373043185758,354,307
strict,central,Wed,18,300,0.30758352214294477,0.35067404973219135,354,307
strict,central,Wed,18,400,0.47344204346582347,0.5234817709007168,354,307
strict,central,Wed,19,100,0.03659689462315765,0.0521385877299661,313,273
strict,central,Wed,19,200,0.13552053135784164,0.1643335834605532,313,273
strict,central,Wed,19,300,0.2820045958309354,0.32288405309597124,313,273
strict,central,Wed,19,400,0.4436382194914758,0.4932077522188009,313,273
strict,central,Wed,20,100,0.033930858356453944,0.04864543172820659,288,251
strict,central,Wed,20,200,0.12764945444321854,0.1547209356483039,288,251
strict,central,Wed,20,300,0.2695531134155411,0.3063885941987735,288,251
strict,central,Wed,20,400,0.427229513238622,0.47134318317075063,288,251
strict,central,Wed,21,100,0.03317571913937516,0.04790798768339069,280,245
strict,central,Wed,21,200,0.12471637092214602,0.15191347323207494,280,245
strict,central,Wed,21,300,0.26301994507124404,0.3000621005511424,280,245
strict,central,Wed,21,400,0.41953251226178045,0.463981680337413,280,245
strict,central,Wed,22,100,0.03232982145646751,0.04689885372732683,271,236
strict,central,Wed,22,200,0.1214561221516679,0.1480063135560328,271,236
strict,central,Wed,22,300,0.2558029438026183,0.2917690894506689,271,236
strict,central,Wed,22,400,0.40971395711386016,0.45367040132481173,271,236
strict,central,Wed,23,100,0.032105135508026836,0.0466401014309002,267,233
strict,central,Wed,23,200,0.12016086847220915,0.146647863999793,267,233
strict,central,Wed,23,300,0.2526644640344579,0.28885812611586925,267,233
strict,central,Wed,23,400,0.4049997809102754,0.449349237974487,267,233
strict,central,Thu,0,100,0.03192286974235014,0.046420161978937564,265,231
strict,central,Thu,0,200,0.1193281773296033,0.14575516857712112,265,231
strict,central,Thu,0,300,0.2507266369388815,0.2868916086630269,265,231
strict,central,Thu,0,400,0.4013727746921193,0.44514451315755427,265,231
strict,central,Thu,1,100,0.030751435068639563,0.04328925919217533,261,227
strict,central,Thu,1,200,0.11711309781831619,0.14231376303464693,261,227
strict,central,Thu,1,300,0.2490688166226893,0.2853520324992884,261,227
strict,central,Thu,1,400,0.40002105286896555,0.44413537920149043,261,227
strict,central,Thu,2,100,0.030492627149347775,0.042810567443786064,260,226
strict,central,Thu,2,200,0.11627024440146635,0.14092943824876447,260,226
strict,central,Thu,2,300,0.24736011725246504,0.28277744714984343,260,226
strict,central,Thu,2,400,0.39707542174239624,0.439904779154915,260,226
strict,central,Thu,3,100,0.030492627149347775,0.042810567443786064,260,226
strict,central,Thu,3,200,0.11627024440146635,0.14092943824876447,260,226
strict,central,Thu,3,300,0.24736011725246504,0.28277744714984343,260,226
strict,central,Thu,3,400,0.39707542174239624,0.439904779154915,260,226
strict,central,Thu,4,100,0.03166406182305836,0.045941470230548294,264,230
strict,central,Thu,4,200,0.11848532391275347,0.14437084379123866,264,230
strict,central,Thu,4,300,0.2490179375686572,0.2843170233135819,264,230
strict,central,Thu,4,400,0.39842714356555,0.4409139131109789,264,230
strict,central,Thu,5,100,0.03166406182305836,0.045941470230548294,264,230
strict,central,Thu,5,200,0.11848532391275347,0.14437084379123866,264,230
strict,central,Thu,5,300,0.2490179375686572,0.2843170233135819,264,230
strict,central,Thu,5,400,0.39842714356555,0.4409139131109789,264,230
strict,central,Thu,6,100,0.03195665779273666,0.04621316014179626,269,234
strict,central,Thu,6,200,0.11964243750144349,0.1456257924289078,269,234
strict,central,Thu,6,300,0.2515372735064006,0.28682692058892023,269,234
strict,central,Thu,6,400,0.4020406437011943,0.4439542525939918,269,234
strict,central,Thu,7,100,0.03475481717551888,0.050637824410691645,305,260
strict,central,Thu,7,200,0.12995203012952375,0.15893859808005795,305,260
strict,central,Thu,7,300,0.27216217130373316,0.3114989520531995,305,260
strict,central,Thu,7,400,0.42720018977445623,0.47294744740859573,305,260
strict,central,Thu,8,100,0.042810519841610876,0.061013791497399536,399,338
strict,central,Thu,8,200,0.1588473432628611,0.1912050094444588,399,338
strict,central,Thu,8,300,0.3256929945052223,0.3696017802157994,399,338
strict,central,Thu,8,400,0.49596946766254574,0.5470152922607188,399,338
strict,central,Thu,9,100,0.26598586070050617,0.34348073589153105,3182,2841
strict,central,Thu,9,200,0.6429661775064228,0.7205863327037028,3182,2841
strict,central,Thu,9,300,0.826541816809945,0.8845835381789013,3182,2841
strict,central,Thu,9,400,0.8959933505920945,0.9417677956891868,3182,2841
strict,central,Thu,10,100,0.2663057963552937,0.343791238647243,3189,2848
strict,central,Thu,10,200,0.6430747623976275,0.7206768960074521,3189,2848
strict,central,Thu,10,300,0.8265503436201718,0.8845835381789013,3189,2848
strict,central,Thu,10,400,0.8959933505920945,0.9417677956891868,3189,2848
strict,central,Thu,11,100,0.2663057963552937,0.343791238647243,3188,2848
strict,central,Thu,11,200,0.6430747623976275,0.7206768960074521,3188,2848
strict,central,Thu,11,300,0.8265503436201718,0.8845835381789013,3188,2848
strict,central,Thu,11,400,0.8959933505920945,0.9417677956891868,3188,2848
strict,central,Thu,12,100,0.2651809442451985,0.34245866432064587,3159,2823
strict,central,Thu,12,200,0.6424765382296224,0.7202240794887055,3159,2823
strict,central,Thu,12,300,0.8262346751592108,0.884415349186224,3159,2823
strict,central,Thu,12,400,0.8958404498967675,0.9417160452299014,3159,2823
strict,central,Thu,13,100,0.26535764274528556,0.3426397909281445,3175,2835
strict,central,Thu,13,200,0.6421158612331879,0.7198488886588869,3175,2835
strict,central,Thu,13,300,0.8260928687837232,0.8841307216601547,3175,2835
strict,central,Thu,13,400,0.8958930137394057,0.9416772323854374,3175,2835
strict,central,Thu,14,100,0.2662726360534019,0.343713612958315,3189,2848
strict,central,Thu,14,200,0.6429237969880899,0.7205345822444175,3189,2848
strict,central,Thu,14,300,0.8265465155048061,0.88457060056408,3189,2848
strict,central,Thu,14,400,0.8959933505920945,0.9417677956891868,3189,2848
strict,central,Thu,15,100,0.26621306526217753,0.343674800113851,3187,2847
strict,central,Thu,15,200,0.6426232285070036,0.7202499547183481,3187,2847
strict,central,Thu,15,300,0.8262926896264956,0.8844670996455094,3187,2847
strict,central,Thu,15,400,0.8958642757363349,0.9416772323854374,3187,2847
strict,central,Thu,16,100,0.2657340036540937,0.3430408569876058,3171,2832
strict,central,Thu,16,200,0.6419123804709804,0.7194736978290682,3171,2832
strict,central,Thu,16,300,0.82603466572238,0.8843247858824748,3171,2832
strict,central,Thu,16,400,0.895744709115284,0.9416384195409734,3171,2832
strict,central,Thu,17,100,0.2636694141601226,0.34051802209744614,3134,2801
strict,central,Thu,17,200,0.6398091917109215,0.7173778042280126,3134,2801
strict,central,Thu,17,300,0.8255508956118577,0.8837167179858721,3134,2801
strict,central,Thu,17,400,0.8957199205466546,0.9415996066965094,3134,2801
strict,central,Thu,18,100,0.0402405577453453,0.05777938779206666,354,306
strict,central,Thu,18,200,0.1491461374945309,0.18073847905400162,354,306
strict,central,Thu,18,300,0.3066016034526388,0.3502212332134448,354,306
strict,central,Thu,18,400,0.47165732385562525,0.5215281910626957,354,306
strict,central,Thu,19,100,0.036317120161846635,0.051815147359432816,311,271
strict,central,Thu,19,200,0.1343983873091279,0.1631045100525267,311,271
strict,central,Thu,19,300,0.2803360045395485,0.3213962273915181,311,271
strict,central,Thu,19,400,0.441823386509622,0.49124123476595855,311,271
strict,central,Thu,20,100,0.033930858356453944,0.04864543172820659,288,251
strict,central,Thu,20,200,0.12764945444321854,0.1547209356483039,288,251
strict,central,Thu,20,300,0.2695531134155411,0.3063885941987735,288,251
strict,central,Thu,20,400,0.427229513238622,0.47134318317075063,288,251
strict,central,Thu,21,100,0.03317571913937516,0.04790798768339069,281,245
strict,central,Thu,21,200,0.12471637092214602,0.15191347323207494,281,245
strict,central,Thu,21,300,0.26301994507124404,0.3000621005511424,281,245
strict,central,Thu,21,400,0.41953251226178045,0.463981680337413,281,245
strict,central,Thu,22,100,0.03232982145646751,0.04689885372732683,271,236
strict,central,Thu,22,200,0.1214561221516679,0.1480063135560328,271,236
strict,central,Thu,22,300,0.2558029438026183,0.2917690894506689,271,236
strict,central,Thu,22,400,0.40971395711386016,0.45367040132481173,271,236
strict,central,Thu,23,100,0.032105135508026836,0.0466401014309002,267,233
strict,central,Thu,23,200,0.12016086847220915,0.146647863999793,267,233
strict,central,Thu,23,300,0.2526644640344579,0.28885812611586925,267,233
strict,central,Thu,23,400,0.4049997809102754,0.449349237974487,267,233
strict,central,Fri,0,100,0.03192286974235014,0.046420161978937564,265,231
strict,central,Fri,0,200,0.1193281773296033,0.14575516857712112,265,231
strict,central,Fri,0,300,0.2507266369388815,0.2868916086630269,265,231
strict,central,Fri,0,400,0.4013727746921193,0.44514451315755427,265,231
strict,central,Fri,1,100,0.030751435068639563,0.04328925919217533,261,227
strict,central,Fri,1,200,0.11711309781831619,0.14231376303464693,261,227
strict,central,Fri,1,300,0.2490688166226893,0.2853520324992884,261,227
strict,central,Fri,1,400,0.40002105286896555,0.44413537920149043,261,227
strict,central,Fri,2,100,0.030492627149347775,0.042810567443786064,260,226
strict,central,Fri,2,200,0.11627024440146635,0.14092943824876447,260,226
strict,central,Fri,2,300,0.24736011725246504,0.28277744714984343,260,226
strict,central,Fri,2,400,0.39707542174239624,0.439904779154915,260,226
strict,central,Fri,3,100,0.030492627149347775,0.042810567443786064,260,226
strict,central,Fri,3,200,0.11627024440146635,0.14092943824876447,260,226
strict,central,Fri,3,300,0.24736011725246504,0.28277744714984343,260,226
strict,central,Fri,3,400,0.39707542174239624,0.439904779154915,260,226
strict,central,Fri,4,100,0.03166406182305836,0.045941470230548294,264,230
strict,central,Fri,4,200,0.11848532391275347,0.14437084379123866,264,230
strict,central,Fri,4,300,0.2490179375686572,0.2843170233135819,264,230
strict,central,Fri,4,400,0.39842714356555,0.4409139131109789,264,230
strict,central,Fri,5,100,0.03166406182305836,0.045941470230548294,264,230
strict,central,Fri,5,200,0.11848532391275347,0.14437084379123866,264,230
strict,central,Fri,5,300,0.2490179375686572,0.2843170233135819,264,230
strict,central,Fri,5,400,0.39842714356555,0.4409139131109789,264,230
strict,central,Fri,6,100,0.03195665779273666,0.04621316014179626,269,234
strict,central,Fri,6,200,0.11964243750144349,0.1456257924289078,269,234
strict,central,Fri,6,300,0.2515372735064006,0.28682692058892023,269,234
strict,central,Fri,6,400,0.4020406437011943,0.4439542525939918,269,234
strict,central,Fri,7,100,0.03475481717551888,0.050637824410691645,305,260
strict,central,Fri,7,200,0.12995203012952375,0.15893859808005795,305,260
strict,central,Fri,7,300,0.27216217130373316,0.3114989520531995,305,260
strict,central,Fri,7,400,0.42720018977445623,0.47294744740859573,305,260
strict,central,Fri,8,100,0.042810519841610876,0.061013791497399536,399,338
strict,central,Fri,8,200,0.1588473432628611,0.1912050094444588,399,338
strict,central,Fri,8,300,0.3256929945052223,0.3696017802157994,399,338
strict,central,Fri,8,400,0.49596946766254574,0.5470152922607188,399,338
strict,central,Fri,9,100,0.2663843529248258,0.34414055424741896,3185,2845
strict,central,Fri,9,200,0.6428926194541076,0.7205087070147748,3185,2845
strict,central,Fri,9,300,0.8260654966996632,0.884337723497296,3185,2845
strict,central,Fri,9,400,0.8959521102224025,0.9417677956891868,3185,2845
strict,central,Fri,10,100,0.26670428857961337,0.3444510570031309,3192,2852
strict,central,Fri,10,200,0.6430012043453119,0.7205992703185241,3192,2852
strict,central,Fri,10,300,0.8260740235098901,0.884337723497296,3192,2852
strict,central,Fri,10,400,0.8959521102224025,0.9417677956891868,3192,2852
strict,central,Fri,11,100,0.26670428857961337,0.3444510570031309,3191,2852
strict,central,Fri,11,200,0.6430012043453119,0.7205992703185241,3191,2852
strict,central,Fri,11,300,0.8260740235098901,0.884337723497296,3191,2852
strict,central,Fri,11,400,0.8959521102224025,0.9417677956891868,3191,2852
strict,central,Fri,12,100,0.2655400108782029,0.3430796698320698,3162,2827
strict,central,Fri,12,200,0.6423888060492788,0.7201464537997775,3162,2827
strict,central,Fri,12,300,0.825758355048929,0.8841695345046188,3162,2827
strict,central,Fri,12,400,0.8957992095270756,0.9417160452299014,3162,2827
strict,central,Fri,13,100,0.2657025712975436,0.34324785882474707,3177,2838
strict,central,Fri,13,200,0.6420257830332363,0.7197712629699589,3177,2838
strict,central,Fri,13,300,0.8256165486734416,0.8838849069785495,3177,2838
strict,central,Fri,13,400,0.8958517733697139,0.9416772323854374,3177,2838
strict,central,Fri,14,100,0.26651444839287664,0.34423111755116825,3190,2850
strict,central,Fri,14,200,0.6428332741239763,0.7204569565554895,3190,2850
strict,central,Fri,14,300,0.8260701953945244,0.8843247858824748,3190,2850
strict,central,Fri,14,400,0.8959521102224025,0.9417677956891868,3190,2850
strict,central,Fri,15,100,0.2664548776016522,0.34419230470670426,3187,2849
strict,central,Fri,15,200,0.6425327056428901,0.7201723290294202,3187,2849
strict,central,Fri,15,300,0.8258163695162138,0.8842212849639041,3187,2849
strict,central,Fri,15,400,0.895823035366643,0.9416772323854374,3187,2849
strict,central,Fri,16,100,0.26588541186119674,0.3435066111211737,3167,2831
strict,central,Fri,16,200,0.6418286269189041,0.7193960721401402,3167,2831
strict,central,Fri,16,300,0.8255583456120983,0.8840789712008694,3167,2831
strict,central,Fri,16,400,0.8957034687455921,0.9416384195409734,3167,2831
strict,central,Fri,17,100,0.2637566234476228,0.3408414624679794,3132,2801
strict,central,Fri,17,200,0.6392246386198027,0.7167567987165886,3132,2801
strict,central,Fri,17,300,0.8249931325640874,0.8834579656894455,3132,2801
strict,central,Fri,17,400,0.8956611905960116,0.9415866690816881,3132,2801
strict,central,Fri,18,100,0.04008412669166516,0.05748182265117603,352,306
strict,central,Fri,18,200,0.14865221156837774,0.17984578363132972,352,306
strict,central,Fri,18,300,0.3062902661657423,0.34960022770202087,352,306
strict,central,Fri,18,400,0.472148457398214,0.522084508500013,352,306
strict,central,Fri,19,100,0.03636805639849709,0.05185396020389681,312,272
strict,central,Fri,19,200,0.134547785834127,0.16328563666002535,312,272
strict,central,Fri,19,300,0.2807113398537329,0.3218102310658007,312,272
strict,central,Fri,19,400,0.44239763547665706,0.4918363650477398,312,272
strict,central,Fri,20,100,0.033930858356453944,0.04864543172820659,288,251
strict,central,Fri,20,200,0.12764945444321854,0.1547209356483039,288,251
strict,central,Fri,20,300,0.2695531134155411,0.3063885941987735,288,251
strict,central,Fri,20,400,0.427229513238622,0.47134318317075063,288,251
strict,central,Fri,21,100,0.03317571913937516,0.04790798768339069,281,245
strict,central,Fri,21,200,0.12471637092214602,0.15191347323207494,281,245
strict,central,Fri,21,300,0.26301994507124404,0.3000621005511424,281,245
strict,central,Fri,21,400,0.41953251226178045,0.463981680337413,281,245
strict,central,Fri,22,100,0.03232982145646751,0.04689885372732683,271,236
strict,central,Fri,22,200,0.1214561221516679,0.1480063135560328,271,236
strict,central,Fri,22,300,0.2558029438026183,0.2917690894506689,271,236
strict,central,Fri,22,400,0.40971395711386016,0.45367040132481173,271,236
strict,central,Fri,23,100,0.032105135508026836,0.0466401014309002,267,233
strict,central,Fri,23,200,0.12016086847220915,0.146647863999793,267,233
strict,central,Fri,23,300,0.2526644640344579,0.28885812611586925,267,233
strict,central,Fri,23,400,0.4049997809102754,0.449349237974487,267,233
strict,central,Sat,0,100,0.030961323393610535,0.045152275726447075,257,223
strict,central,Sat,0,200,0.11583714229771842,0.14171863275286567,257,223
strict,central,Sat,0,300,0.24314265711588043,0.27843040856987605,257,223
strict,central,Sat,0,400,0.39078420634310074,0.4333454084404999,257,223
strict,central,Sat,1,100,0.02978988871989996,0.04202137293968484,253,219
strict,central,Sat,1,200,0.11362206278643132,0.13827722721039148,253,219
strict,central,Sat,1,300,0.2414848367996883,0.2768908324061376,253,219
strict,central,Sat,1,400,0.389432484519947,0.43233627448443607,253,219
strict,central,Sat,2,100,0.029531080800608175,0.041542681191295575,252,218
strict,central,Sat,2,200,0.11277920936958148,0.13689290242450902,252,218
strict,central,Sat,2,300,0.239776137429464,0.2743162470566926,252,218
strict,central,Sat,2,400,0.3864868533933776,0.42810567443786063,252,218
strict,central,Sat,3,100,0.029531080800608175,0.041542681191295575,252,218
strict,central,Sat,3,200,0.11277920936958148,0.13689290242450902,252,218
strict,central,Sat,3,300,0.239776137429464,0.2743162470566926,252,218
strict,central,Sat,3,400,0.3864868533933776,0.42810567443786063,252,218
strict,central,Sat,4,100,0.03070251547431875,0.044673583978057804,256,222
strict,central,Sat,4,200,0.11499428888086859,0.1403343079669832,256,222
strict,central,Sat,4,300,0.24143395774565615,0.27585582322043106,256,222
strict,central,Sat,4,400,0.38783857521653137,0.4291148083939245,256,222
strict,central,Sat,5,100,0.03070251547431875,0.044673583978057804,256,222
strict,central,Sat,5,200,0.11499428888086859,0.1403343079669832,256,222
strict,central,Sat,5,300,0.24143395774565615,0.27585582322043106,256,222
strict,central,Sat,5,400,0.38783857521653137,0.4291148083939245,256,222
strict,central,Sat,6,100,0.030735571279622672,0.04473827205216446,257,223
strict,central,Sat,6,200,0.11529102449480012,0.14064481072269516,257,223
strict,central,Sat,6,300,0.24230801944742447,0.2766579553393536,257,223
strict,central,Sat,6,400,0.3895214422347429,0.43062850932802027,257,223
strict,central,Sat,7,100,0.031205477379590337,0.04538515279323104,262,227
strict,central,Sat,7,200,0.11695185071086618,0.14294770616089217,262,227
strict,central,Sat,7,300,0.24631473997976627,0.28170362511967295,262,227
strict,central,Sat,7,400,0.39566479902991325,0.43852045436903253,262,227
strict,central,Sat,8,100,0.03240294418606944,0.04696354180143349,280,241
strict,central,Sat,8,200,0.120972721308777,0.14649261262193702,280,241
strict,central,Sat,8,300,0.2547067196727592,0.2898155096126478,280,241
strict,central,Sat,8,400,0.4092972676688189,0.4511863792791161,280,241
strict,central,Sat,9,100,0.07451618867456754,0.10219421947369783,698,605
strict,central,Sat,9,200,0.25392709164818056,0.30067016844774497,698,605
strict,central,Sat,9,300,0.4711583445746013,0.5262892333169457,698,605
strict,central,Sat,9,400,0.6574133635803817,0.711892255543768,698,605
strict,central,Sat,10,100,0.07531037304106854,0.10303516443708438,704,611
strict,central,Sat,10,200,0.25500461763706295,0.3018345537816648,704,611
strict,central,Sat,10,300,0.47180227415888926,0.5268973012135483,704,611
strict,central,Sat,10,400,0.657714999359726,0.7121510078401946,704,611
strict,central,Sat,11,100,0.07531037304106854,0.10303516443708438,704,611
strict,central,Sat,11,200,0.25500461763706295,0.3018345537816648,704,611
strict,central,Sat,11,300,0.47180227415888926,0.5268973012135483,704,611
strict,central,Sat,11,400,0.657714999359726,0.7121510078401946,704,611
strict,central,Sat,12,100,0.07473199898307532,0.10241415892566047,696,606
strict,central,Sat,12,200,0.25369330869208734,0.3005407922995317,696,606
strict,central,Sat,12,300,0.47099705526762414,0.526224545242839,696,606
strict,central,Sat,12,400,0.6566154710305182,0.7113747509509147,696,606
strict,central,Sat,13,100,0.07455284364944877,0.10219421947369783,695,605
strict,central,Sat,13,200,0.2530663391785551,0.2999974124770357,695,605
strict,central,Sat,13,300,0.46996167622806007,0.5251119103682045,695,605
strict,central,Sat,13,400,0.6557514146230529,0.7105079307578854,695,605
strict,central,Sat,14,100,0.07483293931933661,0.10241415892566047,698,608
strict,central,Sat,14,200,0.25380217280207756,0.3006054803736383,698,608
strict,central,Sat,14,300,0.4704240923177507,0.5253577250498098,698,608
strict,central,Sat,14,400,0.6560890169265291,0.7108184335135974,698,608
strict,central,Sat,15,100,0.07505145940831484,0.10271172406655109,699,609
strict,central,Sat,15,200,0.25450264077430046,0.3013687996480969,699,609
strict,central,Sat,15,300,0.4711936376123627,0.5261598571687324,699,609
strict,central,Sat,15,400,0.6567588008418894,0.7115688151732347,699,609
strict,central,Sat,16,100,0.07505145940831484,0.10271172406655109,699,609
strict,central,Sat,16,200,0.25450264077430046,0.3013687996480969,699,609
strict,central,Sat,16,300,0.4711936376123627,0.5261598571687324,699,609
strict,central,Sat,16,400,0.6567588008418894,0.7115688151732347,699,609
strict,central,Sat,17,100,0.07497328706107567,0.10262116076280177,698,608
strict,central,Sat,17,200,0.2541499609000334,0.3009677335886356,698,608
strict,central,Sat,17,300,0.47083032710388856,0.5258105415685564,698,608
strict,central,Sat,17,400,0.6566125740344477,0.711387688565736,698,608
strict,central,Sat,18,100,0.033600889923143445,0.04833492897249463,284,248
strict,central,Sat,18,200,0.12484535173322182,0.15117602918725903,284,248
strict,central,Sat,18,300,0.26189975697623874,0.2975263280461614,284,248
strict,central,Sat,18,400,0.41993110977436643,0.4624938546329599,284,248
strict,central,Sat,19,100,0.032209240852153376,0.04657541335679354,269,235
strict,central,Sat,19,200,0.11900876253221349,0.14491422361373457,269,235
strict,central,Sat,19,300,0.2487170753477459,0.2843428985432246,269,235
strict,central,Sat,19,400,0.4004885821480994,0.4433979351566745,269,235
strict,central,Sat,20,100,0.031757355462974396,0.04598028307501229,265,231
strict,central,Sat,20,200,0.11922411264385488,0.1451341630656972,265,231
strict,central,Sat,20,300,0.2511932127767986,0.2864905426035656,265,231
strict,central,Sat,20,400,0.40351842939949967,0.4462700856470101,265,231
strict,central,Sat,21,100,0.03142429718408114,0.045669780319300336,263,229
strict,central,Sat,21,200,0.11789472883867116,0.14384040158356406,263,229
strict,central,Sat,21,300,0.24796068568187882,0.28326907651305405,263,229
strict,central,Sat,21,400,0.3987430245414547,0.4415478562372241,263,229
strict,central,Sat,22,100,0.031158940884082425,0.04538515279323104,260,226
strict,central,Sat,22,200,0.11683574625677376,0.14280539239785753,260,226
strict,central,Sat,22,300,0.24567689890892883,0.28092736823039305,260,226
strict,central,Sat,22,400,0.3956971258465313,0.43870158097653117,260,226
strict,central,Sat,23,100,0.031143589159287235,0.04537221517840971,259,225
strict,central,Sat,23,200,0.11666983344032428,0.14261132817553757,259,225
strict,central,Sat,23,300,0.24508048421145687,0.28039692602271843,259,225
strict,central,Sat,23,400,0.39441121256125683,0.43755013325743264,259,225
strict,central,Sun,0,100,0.03065067421028025,0.044647708748415144,255,222
strict,central,Sun,0,200,0.11503652945748095,0.14065774833751649,255,222
strict,central,Sun,0,300,0.24246348890279232,0.27761533883613215,255,222
strict,central,Sun,0,400,0.39017635000155987,0.432530338706756,255,222
strict,central,Sun,1,100,0.02947923953656968,0.04151680596165291,251,218
strict,central,Sun,1,200,0.11282144994619384,0.1372163427950423,251,218
strict,central,Sun,1,300,0.24080566858660016,0.2760757626723937,251,218
strict,central,Sun,1,400,0.38882462817840613,0.43152120475069217,251,218
strict,central,Sun,2,100,0.02922043161727789,0.04103811421326364,250,217
strict,central,Sun,2,200,0.11197859652934401,0.13583201800915984,250,217
strict,central,Sun,2,300,0.23909696921637588,0.27350117732294876,250,217
strict,central,Sun,2,400,0.38587899705183676,0.4272906047041167,250,217
strict,central,Sun,3,100,0.02922043161727789,0.04103811421326364,250,217
strict,central,Sun,3,200,0.11197859652934401,0.13583201800915984,250,217
strict,central,Sun,3,300,0.23909696921637588,0.27350117732294876,250,217
strict,central,Sun,3,400,0.38587899705183676,0.4272906047041167,250,217
strict,central,Sun,4,100,0.03039186629098847,0.04416901700002587,254,221
strict,central,Sun,4,200,0.11419367604063112,0.13927342355163402,254,221
strict,central,Sun,4,300,0.24075478953256807,0.2750407534866872,254,221
strict,central,Sun,4,400,0.3872307188749905,0.4282997386601806,254,221
strict,central,Sun,5,100,0.03039186629098847,0.04416901700002587,254,221
strict,central,Sun,5,200,0.11419367604063112,0.13927342355163402,254,221
strict,central,Sun,5,300,0.24075478953256807,0.2750407534866872,254,221
strict,central,Sun,5,400,0.3872307188749905,0.4282997386601806,254,221
strict,central,Sun,6,100,0.03039186629098847,0.04416901700002587,254,221
strict,central,Sun,6,200,0.11419367604063112,0.13927342355163402,254,221
strict,central,Sun,6,300,0.24075478953256807,0.2750407534866872,254,221
strict,central,Sun,6,400,0.3872307188749905,0.4282997386601806,254,221
strict,central,Sun,7,100,0.03071218183196403,0.044699459207700465,257,224
strict,central,Sun,7,200,0.11533160527199125,0.14100706393769244,257,224
strict,central,Sun,7,300,0.2436463453938227,0.27863741040701734,257,224
strict,central,Sun,7,400,0.3925370955770172,0.4349367350635237,257,224
strict,central,Sun,8,100,0.030901837108820586,0.04493233627448444,262,228
strict,central,Sun,8,200,0.11615119298513166,0.14169275752322302,262,228
strict,central,Sun,8,300,0.24649163578472585,0.2814060599787823,262,228
strict,central,Sun,8,400,0.39908134194737405,0.4411079773332988,262,228
strict,central,Sun,9,100,0.06524457430808182,0.09021398814914483,576,513
strict,central,Sun,9,200,0.22523843958116324,0.26941289103940796,576,513
strict,central,Sun,9,300,0.42967553233557865,0.483025849354413,576,513
strict,central,Sun,9,400,0.6120575071625752,0.665614407327865,576,513
strict,central,Sun,10,100,0.06594239310214951,0.09091261934949672,582,519
strict,central,Sun,10,200,0.22656096979588283,0.2707972158252904,582,519
strict,central,Sun,10,300,0.4307764510243677,0.48398323285119155,582,519
strict,central,Sun,10,400,0.6124030381969856,0.6658731596242916,582,519
strict,central,Sun,11,100,0.0660250653690006,0.09092555696431806,583,520
strict,central,Sun,11,200,0.2265612232918168,0.2707972158252904,583,520
strict,central,Sun,11,300,0.4307764510243677,0.48398323285119155,583,520
strict,central,Sun,11,400,0.6124030381969856,0.6658731596242916,583,520
strict,central,Sun,12,100,0.06547285700731115,0.09038217714182213,579,516
strict,central,Sun,12,200,0.22534981848009675,0.2695034543431573,579,516
strict,central,Sun,12,300,0.43009146805431897,0.483375164954589,579,516
strict,central,Sun,12,400,0.6121280137499895,0.6659507853132196,579,516
strict,central,Sun,13,100,0.0652543369183329,0.09008461200093151,577,514
strict,central,Sun,13,200,0.2246493505078738,0.26874013506869876,577,514
strict,central,Sun,13,300,0.42932192275970693,0.48257303283566644,577,514
strict,central,Sun,13,400,0.611458229834629,0.6652004036535825,577,514
strict,central,Sun,14,100,0.06535099385930393,0.09013636246021683,578,515
strict,central,Sun,14,200,0.2250491786040929,0.26903770020958934,578,515
strict,central,Sun,14,300,0.42957772479438566,0.4827800346728077,578,515
strict,central,Sun,14,400,0.6117161472815297,0.6654074054907237,578,515
strict,central,Sun,15,100,0.06535099385930393,0.09013636246021683,578,515
strict,central,Sun,15,200,0.2250491786040929,0.26903770020958934,578,515
strict,central,Sun,15,300,0.42957772479438566,0.4827800346728077,578,515
strict,central,Sun,15,400,0.6117161472815297,0.6654074054907237,578,515
strict,central,Sun,16,100,0.06535099385930393,0.09013636246021683,578,515
strict,central,Sun,16,200,0.2250491786040929,0.26903770020958934,578,515
strict,central,Sun,16,300,0.42957772479438566,0.4827800346728077,578,515
strict,central,Sun,16,400,0.6117161472815297,0.6654074054907237,578,515
strict,central,Sun,17,100,0.06527974429158631,0.09004579915646752,577,514
strict,central,Sun,17,200,0.22479708131737566,0.2687789479131627,577,514
strict,central,Sun,17,300,0.42957772479438566,0.4827800346728077,577,514
strict,central,Sun,17,400,0.6117161472815297,0.6654074054907237,577,514
strict,central,Sun,18,100,0.03184373904438157,0.045850906926798975,269,235
strict,central,Sun,18,200,0.11790322142075034,0.14347814836856676,269,235
strict,central,Sun,18,300,0.2487818296885163,0.28315263797966206,269,235
strict,central,Sun,18,400,0.40117367453725916,0.4428674929489999,269,235
strict,central,Sun,19,100,0.0314386877290082,0.04554040417108702,263,230
strict,central,Sun,19,200,0.11629103859324355,0.14204207312339898,263,230
strict,central,Sun,19,300,0.24464990432938497,0.2798923590446865,263,230
strict,central,Sun,19,400,0.3951358422867898,0.4380676378502859,263,230
strict,central,Sun,20,100,0.030791770001890758,0.04479002251144979,258,225
strict,central,Sun,20,200,0.1157425253707437,0.14126581623411907,258,225
strict,central,Sun,20,300,0.24509949221545654,0.28002173519289986,258,225
strict,central,Sun,20,400,0.39592670749106473,0.4385722048283178,258,225
strict,central,Sun,21,100,0.030791770001890758,0.04479002251144979,258,225
strict,central,Sun,21,200,0.1157425253707437,0.14126581623411907,258,225
strict,central,Sun,21,300,0.24509949221545654,0.28002173519289986,258,225
strict,central,Sun,21,400,0.39592670749106473,0.4385722048283178,258,225
strict,central,Sun,22,100,0.030662664329700457,0.044660646363236474,257,224
strict,central,Sun,22,200,0.11521438158221743,0.1407483116412658,257,224
strict,central,Sun,22,300,0.243750693493192,0.27877972417005203,257,224
strict,central,Sun,22,400,0.3944372530524786,0.43730431857582736,257,224
strict,central,Sun,23,100,0.030647312604905264,0.044647708748415144,256,223
strict,central,Sun,23,200,0.11504846876576792,0.14055424741894584,256,223
strict,central,Sun,23,300,0.24315427879572002,0.2782492819623774,256,223
strict,central,Sun,23,400,0.3931513397672042,0.4361528708567289,256,223
strict_unconditional,central,Mon,0,100,0.029865981370290375,0.044091391311097884,247,215
strict_unconditional,central,Mon,0,200,0.11117893143179447,0.13575439232023184,247,215
strict_unconditional,central,Mon,0,300,0.23447425980666267,0.2689730121354827,247,215
strict_unconditional,central,Mon,0,400,0.3793910331154936,0.4217921184050508,247,215
strict_unconditional,central,Mon,1,100,0.028694546696579802,0.040960488524335655,243,211
strict_unconditional,central,Mon,1,200,0.10896385192050737,0.13231298677775766,243,211
strict_unconditional,central,Mon,1,300,0.23237092956010058,0.26694180660853367,243,211
strict_unconditional,central,Mon,1,400,0.3769544047465065,0.4198514761818511,243,211
strict_unconditional,central,Mon,2,100,0.028435738777288007,0.040481796775946384,242,210
strict_unconditional,central,Mon,2,200,0.10812099850365751,0.13092866199187517,242,210
strict_unconditional,central,Mon,2,300,0.2306622301898763,0.2643672212590887,242,210
strict_unconditional,central,Mon,2,400,0.3740087736199371,0.4156208761352757,242,210
strict_unconditional,central,Mon,3,100,0.028435738777288007,0.040481796775946384,242,210
strict_unconditional,central,Mon,3,200,0.10812099850365751,0.13092866199187517,242,210
strict_unconditional,central,Mon,3,300,0.2306622301898763,0.2643672212590887,242,210
strict_unconditional,central,Mon,3,400,0.3740087736199371,0.4156208761352757,242,210
strict_unconditional,central,Mon,4,100,0.02960717345099859,0.04361269956270862,246,214
strict_unconditional,central,Mon,4,200,0.11033607801494463,0.13437006753434938,246,214
strict_unconditional,central,Mon,4,300,0.2327655604364384,0.2663984267860377,246,214
strict_unconditional,central,Mon,4,400,0.3764454019889243,0.41756151835847544,246,214
strict_unconditional,central,Mon,5,100,0.02960717345099859,0.04361269956270862,246,214
strict_unconditional,central,Mon,5,200,0.11033607801494463,0.13437006753434938,246,214
strict_unconditional,central,Mon,5,300,0.2327655604364384,0.2663984267860377,246,214
strict_unconditional,central,Mon,5,400,0.3764454019889243,0.41756151835847544,246,214
strict_unconditional,central,Mon,6,100,0.02989976942067689,0.04388438947395658,251,218
strict_unconditional,central,Mon,6,200,0.11149319160363466,0.13562501617201853,251,218
strict_unconditional,central,Mon,6,300,0.23528489637418176,0.26890832406137605,251,218
strict_unconditional,central,Mon,6,400,0.3805589570924135,0.4210805495898776,251,218
strict_unconditional,central,Mon,7,100,0.03243912088416732,0.0478303619944627,282,243
strict_unconditional,central,Mon,7,200,0.12104430823712607,0.1476699355706782,282,243
strict_unconditional,central,Mon,7,300,0.25470757462853516,0.2915362123838849,282,243
strict_unconditional,central,Mon,7,400,0.4044204689985464,0.4477449737366419,282,243
strict_unconditional,central,Mon,8,100,0.04054442707362702,0.05819339146634926,373,319
strict_unconditional,central,Mon,8,200,0.1501805295740804,0.180285662535255,373,319
strict_unconditional,central,Mon,8,300,0.30942979772678336,0.35132093047325796,373,319
strict_unconditional,central,Mon,8,400,0.4757072058427129,0.5247625947680286,373,319
strict_unconditional,central,Mon,9,100,0.26186769517805036,0.3388620074003157,3117,2788
strict_unconditional,central,Mon,9,200,0.6377903326400252,0.7147644060341035,3117,2788
strict_unconditional,central,Mon,9,300,0.8220314344768085,0.8792661784873341,3117,2788
strict_unconditional,central,Mon,9,400,0.8929576565601022,0.9388568323543871,3117,2788
strict_unconditional,central,Mon,10,100,0.26201512037749064,0.338991383548529,3123,2794
strict_unconditional,central,Mon,10,200,0.6378826176608781,0.7148290941082102,3123,2794
strict_unconditional,central,Mon,10,300,0.8220399612870354,0.8792661784873341,3123,2794
strict_unconditional,central,Mon,10,400,0.8929576565601022,0.9388568323543871,3123,2794
strict_unconditional,central,Mon,11,100,0.26201512037749064,0.338991383548529,3123,2794
strict_unconditional,central,Mon,11,200,0.6378826176608781,0.7148290941082102,3123,2794
strict_unconditional,central,Mon,11,300,0.8220399612870354,0.8792661784873341,3123,2794
strict_unconditional,central,Mon,11,400,0.8929576565601022,0.9388568323543871,3123,2794
strict_unconditional,central,Mon,12,100,0.26101493023269906,0.33778818537014516,3095,2769
strict_unconditional,central,Mon,12,200,0.6372737511959541,0.7143762775894636,3095,2769
strict_unconditional,central,Mon,12,300,0.8217242928260743,0.8790979894946568,3095,2769
strict_unconditional,central,Mon,12,400,0.892804755864775,0.9388050818951018,3095,2769
strict_unconditional,central,Mon,13,100,0.26117042983524585,0.3379304991331798,3110,2781
strict_unconditional,central,Mon,13,200,0.6371798069983012,0.714195150981965,3110,2781
strict_unconditional,central,Mon,13,300,0.8218578061058421,0.8791368023391207,3110,2781
strict_unconditional,central,Mon,13,400,0.8929236929680215,0.9388309571247445,3110,2781
strict_unconditional,central,Mon,14,100,0.2619354318816687,0.3388620074003157,3123,2793
strict_unconditional,central,Mon,14,200,0.637702364064462,0.7146609051155329,3123,2793
strict_unconditional,central,Mon,14,300,0.8220361331716698,0.8792532408725128,3123,2793
strict_unconditional,central,Mon,14,400,0.8929576565601022,0.9388568323543871,3123,2793
strict_unconditional,central,Mon,15,100,0.2618758610904443,0.3388231945558517,3121,2792
strict_unconditional,central,Mon,15,200,0.6374017955833757,0.7143762775894636,3121,2792
strict_unconditional,central,Mon,15,300,0.8217823072933593,0.8791497399539421,3121,2792
strict_unconditional,central,Mon,15,400,0.8928285817043424,0.9387662690506379,3121,2792
strict_unconditional,central,Mon,16,100,0.2613967994823605,0.33818925142960643,3105,2777
strict_unconditional,central,Mon,16,200,0.6367039574529769,0.7136000207001837,3105,2777
strict_unconditional,central,Mon,16,300,0.8215242833892435,0.8790074261909074,3105,2777
strict_unconditional,central,Mon,16,400,0.8927090150832916,0.9387274562061738,3105,2777
strict_unconditional,central,Mon,17,100,0.2593891363940905,0.3357052293839108,3068,2746
strict_unconditional,central,Mon,17,200,0.6345796376473749,0.711504127099128,3068,2746
strict_unconditional,central,Mon,17,300,0.8210405132787212,0.8783993582943048,3068,2746
strict_unconditional,central,Mon,17,400,0.8926842265146622,0.9386886433617099,3068,2746
strict_unconditional,central,Mon,18,100,0.03759823652307109,0.05450617124226977,327,284
strict_unconditional,central,Mon,18,200,0.13918950158599194,0.16811136698838203,327,284
strict_unconditional,central,Mon,18,300,0.28725832288172415,0.32858954123217843,327,284
strict_unconditional,central,Mon,18,400,0.44713596212991663,0.49549771004217663,327,284
strict_unconditional,central,Mon,19,100,0.034097852458675366,0.04908531063213186,290,253
strict_unconditional,central,Mon,19,200,0.1259347318678648,0.1522627888322509,290,253
strict_unconditional,central,Mon,19,300,0.2630712481517275,0.30152405102595287,290,253
strict_unconditional,central,Mon,19,400,0.41842619663110225,0.46521075374543946,290,253
strict_unconditional,central,Mon,20,100,0.03170850622448416,0.04591559500090563,267,233
strict_unconditional,central,Mon,20,200,0.11897875338525235,0.14367221259088675,267,233
strict_unconditional,central,Mon,20,300,0.2518259305503757,0.2861671022330323,267,233
strict_unconditional,central,Mon,20,400,0.40214171115207487,0.44361787460863716,267,233
strict_unconditional,central,Mon,21,100,0.030953367007405377,0.045178150956089735,261,227
strict_unconditional,central,Mon,21,200,0.1160456698641798,0.1408647501746578,261,227
strict_unconditional,central,Mon,21,300,0.2451946822521091,0.27978885812611587,261,227
strict_unconditional,central,Mon,21,400,0.3937397221503296,0.4353507387378063,261,227
strict_unconditional,central,Mon,22,100,0.030153224342237515,0.0442595803037752,252,219
strict_unconditional,central,Mon,22,200,0.11298894633439323,0.13726809325432762,252,219
strict_unconditional,central,Mon,22,300,0.2384783718973957,0.27207803969260225,252,219
strict_unconditional,central,Mon,22,400,0.3846774910290043,0.42585452945894897,252,219
strict_unconditional,central,Mon,23,100,0.02992853839379685,0.044000828007348565,248,216
strict_unconditional,central,Mon,23,200,0.11169369265493445,0.13590964369808783,248,216
strict_unconditional,central,Mon,23,300,0.23533989212923528,0.2691670763578027,248,216
strict_unconditional,central,Mon,23,400,0.37982103907750064,0.4213263642714829,248,216
strict_unconditional,central,Tue,0,100,0.029792800822050273,0.04383263901467126,247,215
strict_unconditional,central,Tue,0,200,0.1111568298492635,0.1353662638755919,247,215
strict_unconditional,central,Tue,0,300,0.23401259763908716,0.26773100111263487,247,215
strict_unconditional,central,Tue,0,400,0.37709741844143596,0.41814371102543535,247,215
strict_unconditional,central,Tue,1,100,0.0286213661483397,0.04070173622790902,243,211
strict_unconditional,central,Tue,1,200,0.10894175033797639,0.1319248583331177,243,211
strict_unconditional,central,Tue,1,300,0.23235477732289497,0.2661914249488964,243,211
strict_unconditional,central,Tue,1,400,0.3757456966182822,0.4171345770693715,243,211
strict_unconditional,central,Tue,2,100,0.0286213661483397,0.04070173622790902,243,211
strict_unconditional,central,Tue,2,200,0.10894175033797639,0.1319248583331177,243,211
strict_unconditional,central,Tue,2,300,0.23235477732289497,0.2661914249488964,243,211
strict_unconditional,central,Tue,2,400,0.3757456966182822,0.4171345770693715,243,211
strict_unconditional,central,Tue,3,100,0.0286213661483397,0.04070173622790902,243,211
strict_unconditional,central,Tue,3,200,0.10894175033797639,0.1319248583331177,243,211
strict_unconditional,central,Tue,3,300,0.23235477732289497,0.2661914249488964,243,211
strict_unconditional,central,Tue,3,400,0.3757456966182822,0.4171345770693715,243,211
strict_unconditional,central,Tue,4,100,0.029792800822050273,0.04383263901467126,247,215
strict_unconditional,central,Tue,4,200,0.1111568298492635,0.1353662638755919,247,215
strict_unconditional,central,Tue,4,300,0.23401259763908716,0.26773100111263487,247,215
strict_unconditional,central,Tue,4,400,0.37709741844143596,0.41814371102543535,247,215
strict_unconditional,central,Tue,5,100,0.029792800822050273,0.04383263901467126,247,215
strict_unconditional,central,Tue,5,200,0.1111568298492635,0.1353662638755919,247,215
strict_unconditional,central,Tue,5,300,0.23401259763908716,0.26773100111263487,247,215
strict_unconditional,central,Tue,5,400,0.37709741844143596,0.41814371102543535,247,215
strict_unconditional,central,Tue,6,100,0.03008539679172858,0.044104328925919214,252,219
strict_unconditional,central,Tue,6,200,0.11231394343795353,0.13662121251326106,252,219
strict_unconditional,central,Tue,6,300,0.23653193357683053,0.2702408983879732,252,219
strict_unconditional,central,Tue,6,400,0.3812109735449253,0.42166274225683753,252,219
strict_unconditional,central,Tue,7,100,0.03262474825521901,0.04805030144642534,283,244
strict_unconditional,central,Tue,7,200,0.12186506007144493,0.1486661319119207,283,244
strict_unconditional,central,Tue,7,300,0.2559546118311839,0.29286878671048205,283,244
strict_unconditional,central,Tue,7,400,0.40504732006752897,0.4483271664036018,283,244
strict_unconditional,central,Tue,8,100,0.04059932292582761,0.05825807954045592,374,320
strict_unconditional,central,Tue,8,200,0.15049060614544923,0.18051853960203898,374,320
strict_unconditional,central,Tue,8,300,0.31017631368239135,0.3519807488291459,374,320
strict_unconditional,central,Tue,8,400,0.4768001005889165,0.5256423525758791,374,320
strict_unconditional,central,Tue,9,100,0.2625204529310593,0.3396900147488809,3121,2794
strict_unconditional,central,Tue,9,200,0.6386482259647508,0.7155147876937408,3121,2794
strict_unconditional,central,Tue,9,300,0.8231804471757205,0.8806246280435739,3121,2794
strict_unconditional,central,Tue,9,400,0.8942056058125305,0.9401247186068776,3121,2794
strict_unconditional,central,Tue,10,100,0.26284038858584685,0.34000051750459287,3128,2801
strict_unconditional,central,Tue,10,200,0.6387568108559554,0.7156053509974901,3128,2801
strict_unconditional,central,Tue,10,300,0.8231889739859475,0.8806246280435739,3128,2801
strict_unconditional,central,Tue,10,400,0.8942056058125305,0.9401247186068776,3128,2801
strict_unconditional,central,Tue,11,100,0.26284038858584685,0.34000051750459287,3128,2801
strict_unconditional,central,Tue,11,200,0.6387568108559554,0.7156053509974901,3128,2801
strict_unconditional,central,Tue,11,300,0.8231889739859475,0.8806246280435739,3128,2801
strict_unconditional,central,Tue,11,400,0.8942056058125305,0.9401247186068776,3128,2801
strict_unconditional,central,Tue,12,100,0.26152275085305093,0.3384221284963904,3097,2774
strict_unconditional,central,Tue,12,200,0.6380428291651352,0.7150749087898155,3097,2774
strict_unconditional,central,Tue,12,300,0.8228706498102427,0.8804564390508965,3097,2774
strict_unconditional,central,Tue,12,400,0.8940527051172035,0.9400729681475923,3097,2774
strict_unconditional,central,Tue,13,100,0.261850760910945,0.3387455688669237,3113,2787
strict_unconditional,central,Tue,13,200,0.6379651848378339,0.7149196574119595,3113,2787
strict_unconditional,central,Tue,13,300,0.8230041630900106,0.8804952518953606,3113,2787
strict_unconditional,central,Tue,13,400,0.8941716422204499,0.9400988433772349,3113,2787
strict_unconditional,central,Tue,14,100,0.2626157629573679,0.3396770771340596,3126,2799
strict_unconditional,central,Tue,14,200,0.6384877419039947,0.7153854115455275,3126,2799
strict_unconditional,central,Tue,14,300,0.8231824901558382,0.8806116904287525,3126,2799
strict_unconditional,central,Tue,14,400,0.8942056058125305,0.9401247186068776,3126,2799
strict_unconditional,central,Tue,15,100,0.26255619216614345,0.3396382642895956,3124,2798
strict_unconditional,central,Tue,15,200,0.6381871734229083,0.7151007840194582,3124,2798
strict_unconditional,central,Tue,15,300,0.8229286642775278,0.880508189510182,3124,2798
strict_unconditional,central,Tue,15,400,0.8940765309567708,0.9400341553031283,3124,2798
strict_unconditional,central,Tue,16,100,0.26207713055805965,0.33900432116335033,3108,2783
strict_unconditional,central,Tue,16,200,0.6374893352925096,0.7143245271301782,3108,2783
strict_unconditional,central,Tue,16,300,0.822670640373412,0.8803658757471473,3108,2783
strict_unconditional,central,Tue,16,400,0.8939569643357199,0.9399953424586643,3108,2783
strict_unconditional,central,Tue,17,100,0.2600694674697897,0.3365202991176547,3071,2752
strict_unconditional,central,Tue,17,200,0.6353650154869076,0.7122286335291226,3071,2752
strict_unconditional,central,Tue,17,300,0.8221823370349555,0.8797578078505447,3071,2752
strict_unconditional,central,Tue,17,400,0.8939321757670906,0.9399565296142003,3071,2752
strict_unconditional,central,Tue,18,100,0.037797664378157035,0.05467436023494709,329,286
strict_unconditional,central,Tue,18,200,0.14001448411941717,0.16874531011462726,329,286
strict_unconditional,central,Tue,18,300,0.28912699664165953,0.3298962403291329,329,286
strict_unconditional,central,Tue,18,400,0.450010795791096,0.497386601806091,329,286
strict_unconditional,central,Tue,19,100,0.034097852458675366,0.04908531063213186,290,253
strict_unconditional,central,Tue,19,200,0.1259347318678648,0.1522627888322509,290,253
strict_unconditional,central,Tue,19,300,0.2630712481517275,0.30152405102595287,290,253
strict_unconditional,central,Tue,19,400,0.41842619663110225,0.46521075374543946,290,253
strict_unconditional,central,Tue,20,100,0.03170850622448416,0.04591559500090563,267,233
strict_unconditional,central,Tue,20,200,0.11897875338525235,0.14367221259088675,267,233
strict_unconditional,central,Tue,20,300,0.2518259305503757,0.2861671022330323,267,233
strict_unconditional,central,Tue,20,400,0.40214171115207487,0.44361787460863716,267,233
strict_unconditional,central,Tue,21,100,0.030953367007405377,0.045178150956089735,261,227
strict_unconditional,central,Tue,21,200,0.1160456698641798,0.1408647501746578,261,227
strict_unconditional,central,Tue,21,300,0.2451946822521091,0.27978885812611587,261,227
strict_unconditional,central,Tue,21,400,0.3937397221503296,0.4353507387378063,261,227
strict_unconditional,central,Tue,22,100,0.030153224342237515,0.0442595803037752,252,219
strict_unconditional,central,Tue,22,200,0.11298894633439323,0.13726809325432762,252,219
strict_unconditional,central,Tue,22,300,0.2384783718973957,0.27207803969260225,252,219
strict_unconditional,central,Tue,22,400,0.3846774910290043,0.42585452945894897,252,219
strict_unconditional,central,Tue,23,100,0.02992853839379685,0.044000828007348565,248,216
strict_unconditional,central,Tue,23,200,0.11169369265493445,0.13590964369808783,248,216
strict_unconditional,central,Tue,23,300,0.23533989212923528,0.2691670763578027,248,216
strict_unconditional,central,Tue,23,400,0.37982103907750064,0.4213263642714829,248,216
strict_unconditional,central,Wed,0,100,0.029792800822050273,0.04383263901467126,247,215
strict_unconditional,central,Wed,0,200,0.1111568298492635,0.1353662638755919,247,215
strict_unconditional,central,Wed,0,300,0.23401259763908716,0.26773100111263487,247,215
strict_unconditional,central,Wed,0,400,0.37709741844143596,0.41814371102543535,247,215
strict_unconditional,central,Wed,1,100,0.0286213661483397,0.04070173622790902,243,211
strict_unconditional,central,Wed,1,200,0.10894175033797639,0.1319248583331177,243,211
strict_unconditional,central,Wed,1,300,0.23235477732289497,0.2661914249488964,243,211
strict_unconditional,central,Wed,1,400,0.3757456966182822,0.4171345770693715,243,211
strict_unconditional,central,Wed,2,100,0.0286213661483397,0.04070173622790902,243,211
strict_unconditional,central,Wed,2,200,0.10894175033797639,0.1319248583331177,243,211
strict_unconditional,central,Wed,2,300,0.23235477732289497,0.2661914249488964,243,211
strict_unconditional,central,Wed,2,400,0.3757456966182822,0.4171345770693715,243,211
strict_unconditional,central,Wed,3,100,0.0286213661483397,0.04070173622790902,243,211
strict_unconditional,central,Wed,3,200,0.10894175033797639,0.1319248583331177,243,211
strict_unconditional,central,Wed,3,300,0.23235477732289497,0.2661914249488964,243,211
strict_unconditional,central,Wed,3,400,0.3757456966182822,0.4171345770693715,243,211
strict_unconditional,central,Wed,4,100,0.029792800822050273,0.04383263901467126,247,215
strict_unconditional,central,Wed,4,200,0.1111568298492635,0.1353662638755919,247,215
strict_unconditional,central,Wed,4,300,0.23401259763908716,0.26773100111263487,247,215
strict_unconditional,central,Wed,4,400,0.37709741844143596,0.41814371102543535,247,215
strict_unconditional,central,Wed,5,100,0.029792800822050273,0.04383263901467126,247,215
strict_unconditional,central,Wed,5,200,0.1111568298492635,0.1353662638755919,247,215
strict_unconditional,central,Wed,5,300,0.23401259763908716,0.26773100111263487,247,215
strict_unconditional,central,Wed,5,400,0.37709741844143596,0.41814371102543535,247,215
strict_unconditional,central,Wed,6,100,0.03008539679172858,0.044104328925919214,252,219
strict_unconditional,central,Wed,6,200,0.11231394343795353,0.13662121251326106,252,219
strict_unconditional,central,Wed,6,300,0.23653193357683053,0.2702408983879732,252,219
strict_unconditional,central,Wed,6,400,0.3812109735449253,0.42166274225683753,252,219
strict_unconditional,central,Wed,7,100,0.03266503608553256,0.048231428053923976,283,244
strict_unconditional,central,Wed,7,200,0.12190836390035698,0.1491965741195953,283,244
strict_unconditional,central,Wed,7,300,0.2559788829141181,0.29372266928868995,283,244
strict_unconditional,central,Wed,7,400,0.4051412448334801,0.449543302196807,283,244
strict_unconditional,central,Wed,8,100,0.04056108881482303,0.05833570522938391,372,319
strict_unconditional,central,Wed,8,200,0.1505083035166958,0.18104898180971357,372,319
strict_unconditional,central,Wed,8,300,0.3102230491382461,0.3528346314073537,372,319
strict_unconditional,central,Wed,8,400,0.47720591174382704,0.5271689911247962,372,319
strict_unconditional,central,Wed,9,100,0.26212840204634424,0.33937951199316896,3115,2789
strict_unconditional,central,Wed,9,200,0.6374373779052737,0.7142469014412502,3115,2789
strict_unconditional,central,Wed,9,300,0.8230567606393943,0.8807410665769658,3115,2789
strict_unconditional,central,Wed,9,400,0.8941669411131956,0.9401117809920563,3115,2789
strict_unconditional,central,Wed,10,100,0.2624483377011318,0.3396900147488809,3122,2796
strict_unconditional,central,Wed,10,200,0.6375459627964782,0.7143374647449996,3122,2796
strict_unconditional,central,Wed,10,300,0.8230652874496212,0.8807410665769658,3122,2796
strict_unconditional,central,Wed,10,400,0.8941669411131956,0.9401117809920563,3122,2796
strict_unconditional,central,Wed,11,100,0.2624483377011318,0.3396900147488809,3122,2796
strict_unconditional,central,Wed,11,200,0.6375459627964782,0.7143374647449996,3122,2796
strict_unconditional,central,Wed,11,300,0.8230652874496212,0.8807410665769658,3122,2796
strict_unconditional,central,Wed,11,400,0.8941669411131956,0.9401117809920563,3122,2796
strict_unconditional,central,Wed,12,100,0.261275637100993,0.3383056899629984,3092,2770
strict_unconditional,central,Wed,12,200,0.6369207964612028,0.7138587729966104,3092,2770
strict_unconditional,central,Wed,12,300,0.8227496189886602,0.8805728775842886,3092,2770
strict_unconditional,central,Wed,12,400,0.8940140404178685,0.940060030532771,3092,2770
strict_unconditional,central,Wed,13,100,0.2615797893806538,0.3385903174890677,3107,2782
strict_unconditional,central,Wed,13,200,0.6368168194264321,0.7137035216187544,3107,2782
strict_unconditional,central,Wed,13,300,0.8228831322684278,0.8806116904287525,3107,2782
strict_unconditional,central,Wed,13,400,0.8941329775211151,0.9400859057624137,3107,2782
strict_unconditional,central,Wed,14,100,0.2625203426539297,0.33970295236370224,3122,2796
strict_unconditional,central,Wed,14,200,0.6378274580524419,0.7146609051155329,3122,2796
strict_unconditional,central,Wed,14,300,0.823145605530679,0.8807410665769658,3122,2796
strict_unconditional,central,Wed,14,400,0.8941844306941468,0.9401247186068776,3122,2796
strict_unconditional,central,Wed,15,100,0.26257506871722563,0.33981939089709423,3121,2796
strict_unconditional,central,Wed,15,200,0.6377057239491369,0.7145444665821409,3121,2796
strict_unconditional,central,Wed,15,300,0.8228956077677341,0.8806505032732166,3121,2796
strict_unconditional,central,Wed,15,400,0.8940553558383871,0.9400341553031283,3121,2796
strict_unconditional,central,Wed,16,100,0.2620960071091417,0.33918544777084897,3105,2781
strict_unconditional,central,Wed,16,200,0.6370078858187381,0.713768209692861,3105,2781
strict_unconditional,central,Wed,16,300,0.8226375838636184,0.880508189510182,3105,2781
strict_unconditional,central,Wed,16,400,0.8939357892173363,0.9399953424586643,3105,2781
strict_unconditional,central,Wed,17,100,0.26008834402087183,0.3367014257251533,3069,2751
strict_unconditional,central,Wed,17,200,0.634883566013136,0.7116723160918054,3069,2751
strict_unconditional,central,Wed,17,300,0.8221538137530962,0.8799001216135793,3069,2751
strict_unconditional,central,Wed,17,400,0.8939110006487071,0.9399565296142003,3069,2751
strict_unconditional,central,Wed,18,100,0.038336246758759816,0.05547649235386964,332,289
strict_unconditional,central,Wed,18,200,0.1420778955128857,0.17144927161228557,332,289
strict_unconditional,central,Wed,18,300,0.2931401483300627,0.33465728258338295,332,289
strict_unconditional,central,Wed,18,400,0.45613613368446615,0.5049421688617487,332,289
strict_unconditional,central,Wed,19,100,0.034636434839278155,0.04988744275105442,293,256
strict_unconditional,central,Wed,19,200,0.1279981432613333,0.15496675032990917,293,256
strict_unconditional,central,Wed,19,300,0.26708439984013066,0.30628509328020287,293,256
strict_unconditional,central,Wed,19,400,0.42455153452447225,0.4727663208010971,293,256
strict_unconditional,central,Wed,20,100,0.031967314143775946,0.0463942867492949,268,234
strict_unconditional,central,Wed,20,200,0.11982160680210219,0.1450565373767692,268,234
strict_unconditional,central,Wed,20,300,0.2535346299206,0.2887416875824773,268,234
strict_unconditional,central,Wed,20,400,0.4050873422786441,0.44784847465521255,268,234
strict_unconditional,central,Wed,21,100,0.03121217492669716,0.045656842704479,261,228
strict_unconditional,central,Wed,21,200,0.11688852328102964,0.14224907496054026,261,228
strict_unconditional,central,Wed,21,300,0.24690338162233336,0.28236344347556086,261,228
strict_unconditional,central,Wed,21,400,0.39668535327689897,0.4395813387843817,261,228
strict_unconditional,central,Wed,22,100,0.0304120322615293,0.04473827205216446,253,220
strict_unconditional,central,Wed,22,200,0.11383179975124304,0.1386524180402101,253,220
strict_unconditional,central,Wed,22,300,0.24018707126761996,0.27465262504204724,253,220
strict_unconditional,central,Wed,22,400,0.38762312215557365,0.43008512950552436,253,220
strict_unconditional,central,Wed,23,100,0.030187346313088635,0.044479519755737836,249,217
strict_unconditional,central,Wed,23,200,0.11253654607178429,0.1372939684839703,249,217
strict_unconditional,central,Wed,23,300,0.23704859149945953,0.2717416617072477,249,217
strict_unconditional,central,Wed,23,400,0.38276667020407,0.42555696431805834,249,217
strict_unconditional,central,Thu,0,100,0.030051608741342058,0.04431133076306052,248,216
strict_unconditional,central,Thu,0,200,0.11199968326611334,0.13675058866147438,248,216
strict_unconditional,central,Thu,0,300,0.2357212970093114,0.27030558646207986,248,216
strict_unconditional,central,Thu,0,400,0.38004304956800533,0.4223743110720108,248,216
strict_unconditional,central,Thu,1,100,0.028880174067631485,0.04118042797629829,244,212
strict_unconditional,central,Thu,1,200,0.10978460375482621,0.13330918311900017,244,212
strict_unconditional,central,Thu,1,300,0.23406347669311925,0.2687660102983414,244,212
strict_unconditional,central,Thu,1,400,0.3786913277448516,0.4213651771159469,244,212
strict_unconditional,central,Thu,2,100,0.0286213661483397,0.04070173622790902,243,211
strict_unconditional,central,Thu,2,200,0.10894175033797639,0.1319248583331177,243,211
strict_unconditional,central,Thu,2,300,0.23235477732289497,0.2661914249488964,243,211
strict_unconditional,central,Thu,2,400,0.3757456966182822,0.4171345770693715,243,211
strict_unconditional,central,Thu,3,100,0.0286213661483397,0.04070173622790902,243,211
strict_unconditional,central,Thu,3,200,0.10894175033797639,0.1319248583331177,243,211
strict_unconditional,central,Thu,3,300,0.23235477732289497,0.2661914249488964,243,211
strict_unconditional,central,Thu,3,400,0.3757456966182822,0.4171345770693715,243,211
strict_unconditional,central,Thu,4,100,0.029792800822050273,0.04383263901467126,247,215
strict_unconditional,central,Thu,4,200,0.1111568298492635,0.1353662638755919,247,215
strict_unconditional,central,Thu,4,300,0.23401259763908716,0.26773100111263487,247,215
strict_unconditional,central,Thu,4,400,0.37709741844143596,0.41814371102543535,247,215
strict_unconditional,central,Thu,5,100,0.029792800822050273,0.04383263901467126,247,215
strict_unconditional,central,Thu,5,200,0.1111568298492635,0.1353662638755919,247,215
strict_unconditional,central,Thu,5,300,0.23401259763908716,0.26773100111263487,247,215
strict_unconditional,central,Thu,5,400,0.37709741844143596,0.41814371102543535,247,215
strict_unconditional,central,Thu,6,100,0.03008539679172858,0.044104328925919214,252,219
strict_unconditional,central,Thu,6,200,0.11231394343795353,0.13662121251326106,252,219
strict_unconditional,central,Thu,6,300,0.23653193357683053,0.2702408983879732,252,219
strict_unconditional,central,Thu,6,400,0.3812109735449253,0.42166274225683753,252,219
strict_unconditional,central,Thu,7,100,0.03288355617451079,0.0485289931948146,284,245
strict_unconditional,central,Thu,7,200,0.12270791348829475,0.1500504566978032,284,245
strict_unconditional,central,Thu,7,300,0.2576633112014082,0.29544337205992705,284,245
strict_unconditional,central,Thu,7,400,0.4079929511940983,0.45255776645017726,284,245
strict_unconditional,central,Thu,8,100,0.04085813084511939,0.05873677128884519,375,321
strict_unconditional,central,Thu,8,200,0.15133345956229907,0.18190286438792144,375,321
strict_unconditional,central,Thu,8,300,0.3118850130526156,0.3545553341785908,375,321
strict_unconditional,central,Thu,8,400,0.479541079834701,0.5296271379408493,375,321
strict_unconditional,central,Thu,9,100,0.26211182097709895,0.33927601107459826,3112,2785
strict_unconditional,central,Thu,9,200,0.6380352914517997,0.7151913473232074,3112,2785
strict_unconditional,central,Thu,9,300,0.8231223221754013,0.8806116904287525,3112,2785
strict_unconditional,central,Thu,9,400,0.8941622103134345,0.9401247186068776,3112,2785
strict_unconditional,central,Thu,10,100,0.26243175663188645,0.33958651383031024,3119,2792
strict_unconditional,central,Thu,10,200,0.6381438763430041,0.7152819106269568,3119,2792
strict_unconditional,central,Thu,10,300,0.8231308489856283,0.8806116904287525,3119,2792
strict_unconditional,central,Thu,10,400,0.8941622103134345,0.9401247186068776,3119,2792
strict_unconditional,central,Thu,11,100,0.26243175663188645,0.33958651383031024,3119,2792
strict_unconditional,central,Thu,11,200,0.6381438763430041,0.7152819106269568,3119,2792
strict_unconditional,central,Thu,11,300,0.8231308489856283,0.8806116904287525,3119,2792
strict_unconditional,central,Thu,11,400,0.8941622103134345,0.9401247186068776,3119,2792
strict_unconditional,central,Thu,12,100,0.26125905603174765,0.3382021890444278,3089,2766
strict_unconditional,central,Thu,12,200,0.6375163639881205,0.7148032188785676,3089,2766
strict_unconditional,central,Thu,12,300,0.8228151805246672,0.8804435014360752,3089,2766
strict_unconditional,central,Thu,12,400,0.8940093096181073,0.9400729681475923,3089,2766
strict_unconditional,central,Thu,13,100,0.26158706608964166,0.33852562941496106,3105,2779
strict_unconditional,central,Thu,13,200,0.6374410656804272,0.7146479675007116,3105,2779
strict_unconditional,central,Thu,13,300,0.822948693804435,0.8804823142805392,3105,2779
strict_unconditional,central,Thu,13,400,0.8941282467213538,0.9400988433772349,3105,2779
strict_unconditional,central,Thu,14,100,0.2623520681360646,0.33945713768209695,3118,2791
strict_unconditional,central,Thu,14,200,0.637963622746588,0.7151137216342796,3118,2791
strict_unconditional,central,Thu,14,300,0.8231270208702626,0.8805987528139312,3118,2791
strict_unconditional,central,Thu,14,400,0.8941622103134345,0.9401247186068776,3118,2791
strict_unconditional,central,Thu,15,100,0.26229249734484017,0.33941832483763296,3116,2790
strict_unconditional,central,Thu,15,200,0.6376630542655016,0.7148290941082102,3116,2790
strict_unconditional,central,Thu,15,300,0.8228731949919521,0.8804952518953606,3116,2790
strict_unconditional,central,Thu,15,400,0.8940331354576747,0.9400341553031283,3116,2790
strict_unconditional,central,Thu,16,100,0.2618134357367563,0.3387843817113877,3100,2775
strict_unconditional,central,Thu,16,200,0.6369522062294785,0.7140528372189303,3100,2775
strict_unconditional,central,Thu,16,300,0.8226151710878365,0.880352938132326,3100,2775
strict_unconditional,central,Thu,16,400,0.8939135688366239,0.9399953424586643,3100,2775
strict_unconditional,central,Thu,17,100,0.2598057726484864,0.33630035966569205,3064,2745
strict_unconditional,central,Thu,17,200,0.6348278864238764,0.7119569436178746,3064,2745
strict_unconditional,central,Thu,17,300,0.8221314009773141,0.8797448702357233,3064,2745
strict_unconditional,central,Thu,17,400,0.8938887802679945,0.9399565296142003,3064,2745
strict_unconditional,central,Thu,18,100,0.038263839587779416,0.055489429968690974,332,288
strict_unconditional,central,Thu,18,200,0.14150066198741923,0.17120345693068026,332,288
strict_unconditional,central,Thu,18,300,0.2915358302947385,0.3335058348642844,332,288
strict_unconditional,central,Thu,18,400,0.45302133821688206,0.5016689523119517,332,288
strict_unconditional,central,Thu,19,100,0.034356660377967155,0.049564002380521124,291,254
strict_unconditional,central,Thu,19,200,0.12677758528471464,0.15364711361813335,291,254
strict_unconditional,central,Thu,19,300,0.26477994752195183,0.30409863637539786,291,254
strict_unconditional,central,Thu,19,400,0.42137182775767157,0.4694413537920149,291,254
strict_unconditional,central,Thu,20,100,0.031967314143775946,0.0463942867492949,268,234
strict_unconditional,central,Thu,20,200,0.11982160680210219,0.1450565373767692,268,234
strict_unconditional,central,Thu,20,300,0.2535346299206,0.2887416875824773,268,234
strict_unconditional,central,Thu,20,400,0.4050873422786441,0.44784847465521255,268,234
strict_unconditional,central,Thu,21,100,0.03121217492669716,0.045656842704479,262,228
strict_unconditional,central,Thu,21,200,0.11688852328102964,0.14224907496054026,262,228
strict_unconditional,central,Thu,21,300,0.24690338162233336,0.28236344347556086,262,228
strict_unconditional,central,Thu,21,400,0.39668535327689897,0.4395813387843817,262,228
strict_unconditional,central,Thu,22,100,0.0304120322615293,0.04473827205216446,253,220
strict_unconditional,central,Thu,22,200,0.11383179975124304,0.1386524180402101,253,220
strict_unconditional,central,Thu,22,300,0.24018707126761996,0.27465262504204724,253,220
strict_unconditional,central,Thu,22,400,0.38762312215557365,0.43008512950552436,253,220
strict_unconditional,central,Thu,23,100,0.030187346313088635,0.044479519755737836,249,217
strict_unconditional,central,Thu,23,200,0.11253654607178429,0.1372939684839703,249,217
strict_unconditional,central,Thu,23,300,0.23704859149945953,0.2717416617072477,249,217
strict_unconditional,central,Thu,23,400,0.38276667020407,0.42555696431805834,249,217
strict_unconditional,central,Fri,0,100,0.030051608741342058,0.04431133076306052,248,216
strict_unconditional,central,Fri,0,200,0.11199968326611334,0.13675058866147438,248,216
strict_unconditional,central,Fri,0,300,0.2357212970093114,0.27030558646207986,248,216
strict_unconditional,central,Fri,0,400,0.38004304956800533,0.4223743110720108,248,216
strict_unconditional,central,Fri,1,100,0.028880174067631485,0.04118042797629829,244,212
strict_unconditional,central,Fri,1,200,0.10978460375482621,0.13330918311900017,244,212
strict_unconditional,central,Fri,1,300,0.23406347669311925,0.2687660102983414,244,212
strict_unconditional,central,Fri,1,400,0.3786913277448516,0.4213651771159469,244,212
strict_unconditional,central,Fri,2,100,0.0286213661483397,0.04070173622790902,243,211
strict_unconditional,central,Fri,2,200,0.10894175033797639,0.1319248583331177,243,211
strict_unconditional,central,Fri,2,300,0.23235477732289497,0.2661914249488964,243,211
strict_unconditional,central,Fri,2,400,0.3757456966182822,0.4171345770693715,243,211
strict_unconditional,central,Fri,3,100,0.0286213661483397,0.04070173622790902,243,211
strict_unconditional,central,Fri,3,200,0.10894175033797639,0.1319248583331177,243,211
strict_unconditional,central,Fri,3,300,0.23235477732289497,0.2661914249488964,243,211
strict_unconditional,central,Fri,3,400,0.3757456966182822,0.4171345770693715,243,211
strict_unconditional,central,Fri,4,100,0.029792800822050273,0.04383263901467126,247,215
strict_unconditional,central,Fri,4,200,0.1111568298492635,0.1353662638755919,247,215
strict_unconditional,central,Fri,4,300,0.23401259763908716,0.26773100111263487,247,215
strict_unconditional,central,Fri,4,400,0.37709741844143596,0.41814371102543535,247,215
strict_unconditional,central,Fri,5,100,0.029792800822050273,0.04383263901467126,247,215
strict_unconditional,central,Fri,5,200,0.1111568298492635,0.1353662638755919,247,215
strict_unconditional,central,Fri,5,300,0.23401259763908716,0.26773100111263487,247,215
strict_unconditional,central,Fri,5,400,0.37709741844143596,0.41814371102543535,247,215
strict_unconditional,central,Fri,6,100,0.03008539679172858,0.044104328925919214,252,219
strict_unconditional,central,Fri,6,200,0.11231394343795353,0.13662121251326106,252,219
strict_unconditional,central,Fri,6,300,0.23653193357683053,0.2702408983879732,252,219
strict_unconditional,central,Fri,6,400,0.3812109735449253,0.42166274225683753,252,219
strict_unconditional,central,Fri,7,100,0.03288355617451079,0.0485289931948146,284,245
strict_unconditional,central,Fri,7,200,0.12270791348829475,0.1500504566978032,284,245
strict_unconditional,central,Fri,7,300,0.2576633112014082,0.29544337205992705,284,245
strict_unconditional,central,Fri,7,400,0.4079929511940983,0.45255776645017726,284,245
strict_unconditional,central,Fri,8,100,0.04085813084511939,0.05873677128884519,375,321
strict_unconditional,central,Fri,8,200,0.15133345956229907,0.18190286438792144,375,321
strict_unconditional,central,Fri,8,300,0.3118850130526156,0.3545553341785908,375,321
strict_unconditional,central,Fri,8,400,0.479541079834701,0.5296271379408493,375,321
strict_unconditional,central,Fri,9,100,0.26251031320141854,0.33993582943048617,3116,2789
strict_unconditional,central,Fri,9,200,0.6379617333994841,0.7151137216342796,3116,2789
strict_unconditional,central,Fri,9,300,0.8226468600662049,0.8803658757471473,3116,2789
strict_unconditional,central,Fri,9,400,0.8941218279448279,0.9401247186068776,3116,2789
strict_unconditional,central,Fri,10,100,0.2628302488562061,0.34024633218619815,3123,2796
strict_unconditional,central,Fri,10,200,0.6380703182906886,0.7152042849380288,3123,2796
strict_unconditional,central,Fri,10,300,0.8226553868764319,0.8803658757471473,3123,2796
strict_unconditional,central,Fri,10,400,0.8941218279448279,0.9401247186068776,3123,2796
strict_unconditional,central,Fri,11,100,0.2628302488562061,0.34024633218619815,3123,2796
strict_unconditional,central,Fri,11,200,0.6380703182906886,0.7152042849380288,3123,2796
strict_unconditional,central,Fri,11,300,0.8226553868764319,0.8803658757471473,3123,2796
strict_unconditional,central,Fri,11,400,0.8941218279448279,0.9401247186068776,3123,2796
strict_unconditional,central,Fri,12,100,0.2616763693665667,0.3388620074003157,3094,2771
strict_unconditional,central,Fri,12,200,0.6374465711740479,0.7147255931896396,3094,2771
strict_unconditional,central,Fri,12,300,0.8223397184154708,0.88019768675447,3094,2771
strict_unconditional,central,Fri,12,400,0.8939689272495008,0.9400729681475923,3094,2771
strict_unconditional,central,Fri,13,100,0.2619902413437145,0.3391725101560276,3109,2783
strict_unconditional,central,Fri,13,200,0.6373689268467466,0.7145703418117836,3109,2783
strict_unconditional,central,Fri,13,300,0.8224732316952386,0.8802364995989339,3109,2783
strict_unconditional,central,Fri,13,400,0.8940878643527472,0.9400988433772349,3109,2783
strict_unconditional,central,Fri,14,100,0.2626521271773538,0.34001345511941417,3121,2794
strict_unconditional,central,Fri,14,200,0.6378910392487456,0.7150360959453516,3121,2794
strict_unconditional,central,Fri,14,300,0.8226515587610663,0.880352938132326,3121,2794
strict_unconditional,central,Fri,14,400,0.8941218279448279,0.9401247186068776,3121,2794
strict_unconditional,central,Fri,15,100,0.26259255638612944,0.33997464227495017,3118,2793
strict_unconditional,central,Fri,15,200,0.6375904707676592,0.7147514684192823,3118,2793
strict_unconditional,central,Fri,15,300,0.8223977328827557,0.8802494372137553,3118,2793
strict_unconditional,central,Fri,15,400,0.8939927530890681,0.9400341553031283,3118,2793
strict_unconditional,central,Fri,16,100,0.262023090645674,0.3392889486894196,3098,2775
strict_unconditional,central,Fri,16,200,0.6368473216318589,0.7139752115300023,3098,2775
strict_unconditional,central,Fri,16,300,0.8221397089786401,0.8801071234507206,3098,2775
strict_unconditional,central,Fri,16,400,0.8938731864680173,0.9399953424586643,3098,2775
strict_unconditional,central,Fri,17,100,0.2598929819359866,0.33662380003622533,3063,2745
strict_unconditional,central,Fri,17,200,0.6342433333327576,0.7113359381064507,3063,2745
strict_unconditional,central,Fri,17,300,0.8215744959306293,0.8794861179392968,3063,2745
strict_unconditional,central,Fri,17,400,0.8938309083184367,0.939943591999379,3063,2745
strict_unconditional,central,Fri,18,100,0.038056472297448816,0.05515305198333635,329,287
strict_unconditional,central,Fri,18,200,0.140857337536267,0.17012963490050975,329,287
strict_unconditional,central,Fri,18,300,0.2908356960118838,0.3324708256785779,329,287
strict_unconditional,central,Fri,18,400,0.45290342486487456,0.5015913266230237,329,287
strict_unconditional,central,Fri,19,100,0.034356660377967155,0.049564002380521124,291,254
strict_unconditional,central,Fri,19,200,0.12677758528471464,0.15364711361813335,291,254
strict_unconditional,central,Fri,19,300,0.26477994752195183,0.30409863637539786,291,254
strict_unconditional,central,Fri,19,400,0.42137182775767157,0.4694413537920149,291,254
strict_unconditional,central,Fri,20,100,0.031967314143775946,0.0463942867492949,268,234
strict_unconditional,central,Fri,20,200,0.11982160680210219,0.1450565373767692,268,234
strict_unconditional,central,Fri,20,300,0.2535346299206,0.2887416875824773,268,234
strict_unconditional,central,Fri,20,400,0.4050873422786441,0.44784847465521255,268,234
strict_unconditional,central,Fri,21,100,0.03121217492669716,0.045656842704479,262,228
strict_unconditional,central,Fri,21,200,0.11688852328102964,0.14224907496054026,262,228
strict_unconditional,central,Fri,21,300,0.24690338162233336,0.28236344347556086,262,228
strict_unconditional,central,Fri,21,400,0.39668535327689897,0.4395813387843817,262,228
strict_unconditional,central,Fri,22,100,0.0304120322615293,0.04473827205216446,253,220
strict_unconditional,central,Fri,22,200,0.11383179975124304,0.1386524180402101,253,220
strict_unconditional,central,Fri,22,300,0.24018707126761996,0.27465262504204724,253,220
strict_unconditional,central,Fri,22,400,0.38762312215557365,0.43008512950552436,253,220
strict_unconditional,central,Fri,23,100,0.030187346313088635,0.044479519755737836,249,217
strict_unconditional,central,Fri,23,200,0.11253654607178429,0.1372939684839703,249,217
strict_unconditional,central,Fri,23,300,0.23704859149945953,0.2717416617072477,249,217
strict_unconditional,central,Fri,23,400,0.38276667020407,0.42555696431805834,249,217
strict_unconditional,central,Sat,0,100,0.029090062392602454,0.04304344451057003,240,208
strict_unconditional,central,Sat,0,200,0.10850864823422844,0.13271405283721893,240,208
strict_unconditional,central,Sat,0,300,0.2281373171863104,0.26184438636892904,240,208
strict_unconditional,central,Sat,0,400,0.3694544812189868,0.4105752063549564,240,208
strict_unconditional,central,Sat,1,100,0.027918627718891878,0.0399125417238078,236,204
strict_unconditional,central,Sat,1,200,0.10629356872294132,0.12927264729474475,236,204
strict_unconditional,central,Sat,1,300,0.22647949687011823,0.2603048102051906,236,204
strict_unconditional,central,Sat,1,400,0.36810275939583303,0.40956607239889253,236,204
strict_unconditional,central,Sat,2,100,0.02765981979960009,0.03943384997541853,235,203
strict_unconditional,central,Sat,2,200,0.10545071530609151,0.12788832250886226,235,203
strict_unconditional,central,Sat,2,300,0.22477079749989395,0.2577302248557456,235,203
strict_unconditional,central,Sat,2,400,0.3651571282692637,0.40533547235231715,235,203
strict_unconditional,central,Sat,3,100,0.02765981979960009,0.03943384997541853,235,203
strict_unconditional,central,Sat,3,200,0.10545071530609151,0.12788832250886226,235,203
strict_unconditional,central,Sat,3,300,0.22477079749989395,0.2577302248557456,235,203
strict_unconditional,central,Sat,3,400,0.3651571282692637,0.40533547235231715,235,203
strict_unconditional,central,Sat,4,100,0.02883125447331067,0.04256475276218077,239,207
strict_unconditional,central,Sat,4,200,0.10766579481737862,0.13132972805133644,239,207
strict_unconditional,central,Sat,4,300,0.22642861781608611,0.25926980101948405,239,207
strict_unconditional,central,Sat,4,400,0.3665088500924174,0.406344606308381,239,207
strict_unconditional,central,Sat,5,100,0.02883125447331067,0.04256475276218077,239,207
strict_unconditional,central,Sat,5,200,0.10766579481737862,0.13132972805133644,239,207
strict_unconditional,central,Sat,5,300,0.22642861781608611,0.25926980101948405,239,207
strict_unconditional,central,Sat,5,400,0.3665088500924174,0.406344606308381,239,207
strict_unconditional,central,Sat,6,100,0.02886431027861459,0.04262944083628742,240,208
strict_unconditional,central,Sat,6,200,0.10796253043131016,0.13164023080704843,240,208
strict_unconditional,central,Sat,6,300,0.2273026795178544,0.2600719331384066,240,208
strict_unconditional,central,Sat,6,400,0.3684080969572303,0.4081041219240821,240,208
strict_unconditional,central,Sat,7,100,0.029334216378582252,0.043276321577354,245,212
strict_unconditional,central,Sat,7,200,0.10962335664737623,0.13394312624524543,245,212
strict_unconditional,central,Sat,7,300,0.2313094000501962,0.2651176029187259,245,212
strict_unconditional,central,Sat,7,400,0.3745514537524008,0.41599606696509434,245,212
strict_unconditional,central,Sat,8,100,0.030572249928415778,0.04489352343002044,263,226
strict_unconditional,central,Sat,8,200,0.11385440331631991,0.1377079721582529,263,226
strict_unconditional,central,Sat,8,300,0.24025483189319347,0.27379874246383934,263,226
strict_unconditional,central,Sat,8,400,0.3888842248813125,0.4293994359199938,263,226
strict_unconditional,central,Sat,9,100,0.07207329470782457,0.0994773203612182,671,584
strict_unconditional,central,Sat,9,200,0.24621954065760995,0.2911351463244236,671,584
strict_unconditional,central,Sat,9,300,0.4594577494661953,0.5136491836365048,671,584
strict_unconditional,central,Sat,9,400,0.6456592583543065,0.699485082930111,671,584
strict_unconditional,central,Sat,10,100,0.07286747907432559,0.10031826532460475,677,590
strict_unconditional,central,Sat,10,200,0.2472970666464924,0.2922995316583435,677,590
strict_unconditional,central,Sat,10,300,0.46010167905048316,0.5142572515331073,677,590
strict_unconditional,central,Sat,10,400,0.6459608941336505,0.6997438352265376,677,590
strict_unconditional,central,Sat,11,100,0.07286747907432559,0.10031826532460475,677,590
strict_unconditional,central,Sat,11,200,0.2472970666464924,0.2922995316583435,677,590
strict_unconditional,central,Sat,11,300,0.46010167905048316,0.5142572515331073,677,590
strict_unconditional,central,Sat,11,400,0.6459608941336505,0.6997438352265376,677,590
strict_unconditional,central,Sat,12,100,0.07224257682240223,0.09964550935389552,668,584
strict_unconditional,central,Sat,12,200,0.2456899293645818,0.29065645457603434,668,584
strict_unconditional,central,Sat,12,300,0.4586859275537898,0.5130540533547235,668,584
strict_unconditional,central,Sat,12,400,0.6440678894674452,0.6980360700701219,668,584
strict_unconditional,central,Sat,13,100,0.07206342148877566,0.09942556990193288,667,583
strict_unconditional,central,Sat,13,200,0.24496454592314462,0.29002251144978913,667,583
strict_unconditional,central,Sat,13,300,0.45701468748743374,0.5112427872797372,667,583
strict_unconditional,central,Sat,13,400,0.6419933652933463,0.6959531140838875,667,583
strict_unconditional,central,Sat,14,100,0.07234351715866351,0.09964550935389552,670,586
strict_unconditional,central,Sat,14,200,0.2457003795466671,0.2906305793463917,670,586
strict_unconditional,central,Sat,14,300,0.4574771035771243,0.5114886019613424,670,586
strict_unconditional,central,Sat,14,400,0.6423423185111742,0.6962636168395995,670,586
strict_unconditional,central,Sat,15,100,0.07256203724764174,0.09994307449478614,671,587
strict_unconditional,central,Sat,15,200,0.246499261446795,0.2914844619245996,671,587
strict_unconditional,central,Sat,15,300,0.4588825098985283,0.5129893652806169,671,587
strict_unconditional,central,Sat,15,400,0.6442225701931683,0.6982301342924419,671,587
strict_unconditional,central,Sat,16,100,0.07256203724764174,0.09994307449478614,671,587
strict_unconditional,central,Sat,16,200,0.246499261446795,0.2914844619245996,671,587
strict_unconditional,central,Sat,16,300,0.4588825098985283,0.5129893652806169,671,587
strict_unconditional,central,Sat,16,400,0.6442225701931683,0.6982301342924419,671,587
strict_unconditional,central,Sat,17,100,0.07248386490040258,0.09985251119103682,670,586
strict_unconditional,central,Sat,17,200,0.24614658157252792,0.2910833958651383,670,586
strict_unconditional,central,Sat,17,300,0.4585191993900542,0.512640049680441,670,586
strict_unconditional,central,Sat,17,400,0.6440763433857265,0.6980490076849432,670,586
strict_unconditional,central,Sat,18,100,0.031723667471559656,0.04621316014179626,266,232
strict_unconditional,central,Sat,18,200,0.11752961933173486,0.1421326364271483,266,232
strict_unconditional,central,Sat,18,300,0.24747319761803663,0.28167774989003025,266,232
strict_unconditional,central,Sat,18,400,0.40030439433978576,0.44131497917044016,266,232
strict_unconditional,central,Sat,19,100,0.030332018400569583,0.04445364452609517,251,219
strict_unconditional,central,Sat,19,200,0.11159461620282153,0.13578026754987452,251,219
strict_unconditional,central,Sat,19,300,0.23365465496275187,0.2677956891867415,251,219
strict_unconditional,central,Sat,19,400,0.3792585023313304,0.420666545915595,251,219
strict_unconditional,central,Sat,20,100,0.02983956626803619,0.04381970139984993,247,215
strict_unconditional,central,Sat,20,200,0.11159979024343002,0.13578026754987452,247,215
strict_unconditional,central,Sat,20,300,0.2355773402418003,0.26937407819494397,247,215
strict_unconditional,central,Sat,20,400,0.38169097573354527,0.42290475327968535,247,215
strict_unconditional,central,Sat,21,100,0.029506507989142935,0.043509198644137964,245,213
strict_unconditional,central,Sat,21,200,0.1102704064382463,0.13448650606774135,245,213
strict_unconditional,central,Sat,21,300,0.23234481314688046,0.2661526121044324,245,213
strict_unconditional,central,Sat,21,400,0.3769155708755003,0.41818252386989935,245,213
strict_unconditional,central,Sat,22,100,0.029241151689144217,0.043224571118068676,242,210
strict_unconditional,central,Sat,22,200,0.1092114238563489,0.13345149688203484,242,210
strict_unconditional,central,Sat,22,300,0.23006102637393047,0.2638109038217714,242,210
strict_unconditional,central,Sat,22,400,0.3736062908882447,0.4151163091572438,242,210
strict_unconditional,central,Sat,23,100,0.029225799964349024,0.04321163350324734,241,209
strict_unconditional,central,Sat,23,200,0.1090455110398994,0.13325743265971485,241,209
strict_unconditional,central,Sat,23,300,0.2294646116764585,0.26328046161409685,241,209
strict_unconditional,central,Sat,23,400,0.37217810185505146,0.413757859601004,241,209
strict_unconditional,central,Sun,0,100,0.02877941320927217,0.0425388775325381,238,207
strict_unconditional,central,Sun,0,200,0.10770803539399099,0.13165316842186975,238,207
strict_unconditional,central,Sun,0,300,0.22745814897322225,0.26102931663518514,238,207
strict_unconditional,central,Sun,0,400,0.3688466248774459,0.4097601366212125,238,207
strict_unconditional,central,Sun,1,100,0.027607978535561593,0.03940797474577587,234,203
strict_unconditional,central,Sun,1,200,0.10549295588270388,0.12821176287939556,234,203
strict_unconditional,central,Sun,1,300,0.2258003286570301,0.2594897404714467,234,203
strict_unconditional,central,Sun,1,400,0.3674949030542921,0.40875100266514863,234,203
strict_unconditional,central,Sun,2,100,0.027349170616269812,0.0389292829973866,233,202
strict_unconditional,central,Sun,2,200,0.10465010246585406,0.12682743809351307,233,202
strict_unconditional,central,Sun,2,300,0.22409162928680587,0.2569151551220017,233,202
strict_unconditional,central,Sun,2,400,0.3645492719277228,0.40452040261857325,233,202
strict_unconditional,central,Sun,3,100,0.027349170616269812,0.0389292829973866,233,202
strict_unconditional,central,Sun,3,200,0.10465010246585406,0.12682743809351307,233,202
strict_unconditional,central,Sun,3,300,0.22409162928680587,0.2569151551220017,233,202
strict_unconditional,central,Sun,3,400,0.3645492719277228,0.40452040261857325,233,202
strict_unconditional,central,Sun,4,100,0.028520605289980388,0.042060185784148836,237,206
strict_unconditional,central,Sun,4,200,0.10686518197714116,0.13026884363598726,237,206
strict_unconditional,central,Sun,4,300,0.22574944960299803,0.25845473128574015,237,206
strict_unconditional,central,Sun,4,400,0.36590099375087654,0.4055295365746371,237,206
strict_unconditional,central,Sun,5,100,0.028520605289980388,0.042060185784148836,237,206
strict_unconditional,central,Sun,5,200,0.10686518197714116,0.13026884363598726,237,206
strict_unconditional,central,Sun,5,300,0.22574944960299803,0.25845473128574015,237,206
strict_unconditional,central,Sun,5,400,0.36590099375087654,0.4055295365746371,237,206
strict_unconditional,central,Sun,6,100,0.028520605289980388,0.042060185784148836,237,206
strict_unconditional,central,Sun,6,200,0.10686518197714116,0.13026884363598726,237,206
strict_unconditional,central,Sun,6,300,0.22574944960299803,0.25845473128574015,237,206
strict_unconditional,central,Sun,6,400,0.36590099375087654,0.4055295365746371,237,206
strict_unconditional,central,Sun,7,100,0.02884092083095595,0.04259062799182343,240,209
strict_unconditional,central,Sun,7,200,0.1080031112085013,0.1320024840220457,240,209
strict_unconditional,central,Sun,7,300,0.2286410054642527,0.2620513882060703,240,209
strict_unconditional,central,Sun,7,400,0.37134964620082217,0.4123735348151215,240,209
strict_unconditional,central,Sun,8,100,0.029071142851166926,0.04286231790307139,245,213
strict_unconditional,central,Sun,8,200,0.10903287499267458,0.1329081170595389,245,213
strict_unconditional,central,Sun,8,300,0.2320397480051601,0.26538929282997387,245,213
strict_unconditional,central,Sun,8,400,0.3785746291428177,0.41928222112971253,245,213
strict_unconditional,central,Sun,9,100,0.06294276476064546,0.08772996610344917,552,493
strict_unconditional,central,Sun,9,200,0.21759536671152177,0.26008487075322795,552,493
strict_unconditional,central,Sun,9,300,0.4173248741211233,0.4696483556291562,552,493
strict_unconditional,central,Sun,9,400,0.5989905326284307,0.6518358475431469,552,493
strict_unconditional,central,Sun,10,100,0.06364058355471316,0.08842859730380107,558,499
strict_unconditional,central,Sun,10,200,0.21891789692624136,0.2614691955391104,558,499
strict_unconditional,central,Sun,10,300,0.4184257928099124,0.47060573912593473,558,499
strict_unconditional,central,Sun,10,400,0.5993360636628411,0.6520945998395736,558,499
strict_unconditional,central,Sun,11,100,0.06372325582156425,0.0884415349186224,559,500
strict_unconditional,central,Sun,11,200,0.21891815042217533,0.2614691955391104,559,500
strict_unconditional,central,Sun,11,300,0.4184257928099124,0.47060573912593473,559,500
strict_unconditional,central,Sun,11,400,0.5993360636628411,0.6520945998395736,559,500
strict_unconditional,central,Sun,12,100,0.06312451926594466,0.08784640463684115,554,495
strict_unconditional,central,Sun,12,200,0.21741091727352038,0.2598261184568013,554,495
strict_unconditional,central,Sun,12,300,0.4171302772344353,0.46946722902165755,554,495
strict_unconditional,central,Sun,12,400,0.5982834514698143,0.6512407172613657,554,495
strict_unconditional,central,Sun,13,100,0.06290599917696643,0.08754883949595052,552,493
strict_unconditional,central,Sun,13,200,0.2166120353733925,0.2589722358785934,552,493
strict_unconditional,central,Sun,13,300,0.41572487091303134,0.4679664657023831,552,493
strict_unconditional,central,Sun,13,400,0.5964031997878202,0.6492741998085233,552,493
strict_unconditional,central,Sun,14,100,0.06300265611793746,0.08760058995523586,553,494
strict_unconditional,central,Sun,14,200,0.21701186346961154,0.25926980101948405,553,494
strict_unconditional,central,Sun,14,300,0.41598067294771,0.46817346753952443,553,494
strict_unconditional,central,Sun,14,400,0.5966724681490726,0.6494812016456646,553,494
strict_unconditional,central,Sun,15,100,0.06300265611793746,0.08760058995523586,553,494
strict_unconditional,central,Sun,15,200,0.21701186346961154,0.25926980101948405,553,494
strict_unconditional,central,Sun,15,300,0.41598067294771,0.46817346753952443,553,494
strict_unconditional,central,Sun,15,400,0.5966724681490726,0.6494812016456646,553,494
strict_unconditional,central,Sun,16,100,0.06300265611793746,0.08760058995523586,553,494
strict_unconditional,central,Sun,16,200,0.21701186346961154,0.25926980101948405,553,494
strict_unconditional,central,Sun,16,300,0.41598067294771,0.46817346753952443,553,494
strict_unconditional,central,Sun,16,400,0.5966724681490726,0.6494812016456646,553,494
strict_unconditional,central,Sun,17,100,0.06300265611793746,0.08760058995523586,553,494
strict_unconditional,central,Sun,17,200,0.21701186346961154,0.25926980101948405,553,494
strict_unconditional,central,Sun,17,300,0.41598067294771,0.46817346753952443,553,494
strict_unconditional,central,Sun,17,400,0.5966724681490726,0.6494812016456646,553,494
strict_unconditional,central,Sun,18,100,0.029966516592797785,0.0437291380961006,251,219
strict_unconditional,central,Sun,18,200,0.11048907509135837,0.1343441923047067,251,219
strict_unconditional,central,Sun,18,300,0.23371940930352228,0.26660542862317904,251,219
strict_unconditional,central,Sun,18,400,0.3800900020946737,0.42029135508577636,251,219
strict_unconditional,central,Sun,19,100,0.029561465277424415,0.043418635340388645,245,214
strict_unconditional,central,Sun,19,200,0.10887689226385161,0.1329081170595389,245,214
strict_unconditional,central,Sun,19,300,0.22958748394439094,0.2633451496882035,245,214
strict_unconditional,central,Sun,19,400,0.37383165837133836,0.41529743576474243,245,214
strict_unconditional,central,Sun,20,100,0.028873980806952547,0.04262944083628742,240,209
strict_unconditional,central,Sun,20,200,0.10811820297031885,0.13191192071829638,240,209
strict_unconditional,central,Sun,20,300,0.2294836196804582,0.2629052707842782,240,209
strict_unconditional,central,Sun,20,400,0.374025149726428,0.4151680596165291,240,209
strict_unconditional,central,Sun,21,100,0.028873980806952547,0.04262944083628742,240,209
strict_unconditional,central,Sun,21,200,0.10811820297031885,0.13191192071829638,240,209
strict_unconditional,central,Sun,21,300,0.2294836196804582,0.2629052707842782,240,209
strict_unconditional,central,Sun,21,400,0.374025149726428,0.4151680596165291,240,209
strict_unconditional,central,Sun,22,100,0.028744875134762246,0.04250006468807411,239,208
strict_unconditional,central,Sun,22,200,0.10759005918179257,0.13139441612544311,239,208
strict_unconditional,central,Sun,22,300,0.22813482095819368,0.2616632597614304,239,208
strict_unconditional,central,Sun,22,400,0.3723464180941921,0.41371904675654,239,208
strict_unconditional,central,Sun,23,100,0.028729523409967057,0.04248712707325278,238,207
strict_unconditional,central,Sun,23,200,0.10742414636534307,0.13120035190312315,238,207
strict_unconditional,central,Sun,23,300,0.2275384062607217,0.2611328175537558,238,207
strict_unconditional,central,Sun,23,400,0.3709182290609988,0.41236059720030016,238,207
declared,low,Mon,0,100,0.042843424927671105,0.06093616580847155,390,339
declared,low,Mon,0,200,0.15748919493494837,0.18829404610965922,390,339
declared,low,Mon,0,300,0.31927246940323134,0.35998913240355007,390,339
declared,low,Mon,0,400,0.49005176719825494,0.5365746370999043,390,339
declared,low,Mon,1,100,0.041273077706096825,0.05713250705100008,384,333
declared,low,Mon,1,200,0.15495168225063877,0.18423163505576112,384,333
declared,low,Mon,1,300,0.31746311784182973,0.358151991098921,384,333
declared,low,Mon,1,400,0.48856490120067886,0.5356301912179471,384,333
declared,low,Mon,2,100,0.04101426978680505,0.05665381530261081,383,332
declared,low,Mon,2,200,0.15410882883378893,0.18284731026987863,383,332
declared,low,Mon,2,300,0.31575441847160546,0.35557740574947605,383,332
declared,low,Mon,2,400,0.4856192700741095,0.5313995911713717,383,332
declared,low,Mon,3,100,0.04101426978680505,0.05665381530261081,383,332
declared,low,Mon,3,200,0.15410882883378893,0.18284731026987863,383,332
declared,low,Mon,3,300,0.31575441847160546,0.35557740574947605,383,332
declared,low,Mon,3,400,0.4856192700741095,0.5313995911713717,383,332
declared,low,Mon,4,100,0.04250132381869939,0.060405723600796955,388,337
declared,low,Mon,4,200,0.15644811154201016,0.18679328279038476,388,337
declared,low,Mon,4,300,0.3173266733641062,0.3571169819132145,388,337
declared,low,Mon,4,400,0.48688889833090154,0.5321758480606515,388,337
declared,low,Mon,5,100,0.04258279433835376,0.06050922451936761,389,338
declared,low,Mon,5,200,0.15672095101181877,0.1870520350868114,389,338
declared,low,Mon,5,300,0.31775549662050695,0.3575051103578544,389,338
declared,low,Mon,5,400,0.48715226981257986,0.5323310994385075,389,338
declared,low,Mon,6,100,0.04312408979899674,0.06115610526043418,399,347
declared,low,Mon,6,200,0.1588203570691655,0.18907030299893912,399,347
declared,low,Mon,6,300,0.32114576152568103,0.36046782415193934,399,347
declared,low,Mon,6,400,0.4919754455057912,0.5360700701218724,399,347
declared,low,Mon,7,100,0.04756489401877658,0.06727559707092401,478,400
declared,low,Mon,7,200,0.17453650789941047,0.20754521696380054,478,400
declared,low,Mon,7,300,0.3512992312841728,0.3944678759023986,478,400
declared,low,Mon,7,400,0.5292894134602095,0.577030558646208,478,400
declared,low,Mon,8,100,0.06211102332093912,0.08562113488757213,678,569
declared,low,Mon,8,200,0.22183549570299035,0.26079643956840115,678,569
declared,low,Mon,8,300,0.4264562266477377,0.47605247496571534,678,569
declared,low,Mon,8,400,0.6124791679935203,0.6660542862317903,678,569
declared,low,Mon,9,100,0.07440192923782496,0.10153440111780992,820,698
declared,low,Mon,9,200,0.2584276217813909,0.3001138510104277,820,698
declared,low,Mon,9,300,0.4776083069500946,0.5295106994074572,820,698
declared,low,Mon,9,400,0.6600850953945807,0.7172096152353352,820,698
declared,low,Mon,10,100,0.33248812112683573,0.4215204284938029,4768,4183
declared,low,Mon,10,200,0.7092925102420924,0.7819623774160995,4768,4183
declared,low,Mon,10,300,0.8548009384546539,0.908531063213186,4768,4183
declared,low,Mon,10,400,0.9093138897963614,0.9508111884492975,4768,4183
declared,low,Mon,11,100,0.33239216529033155,0.42146867803451754,4767,4183
declared,low,Mon,11,200,0.7091201489289632,0.7816777498900302,4767,4183
declared,low,Mon,11,300,0.854753914835563,0.9084404999094366,4767,4183
declared,low,Mon,11,400,0.9093138897963614,0.9508111884492975,4767,4183
declared,low,Mon,12,100,0.3303831748616665,0.41924340828524853,4699,4120
declared,low,Mon,12,200,0.7084420301559724,0.7812119957564624,4699,4120
declared,low,Mon,12,300,0.8546595598540768,0.9085051879835434,4699,4120
declared,low,Mon,12,400,0.9093124151944132,0.9508241260641188,4699,4120
declared,low,Mon,13,100,0.3306709702331759,0.4197221000336378,4730,4145
declared,low,Mon,13,200,0.7077731435016158,0.7806427407043237,4730,4145
declared,low,Mon,13,300,0.8543445423809595,0.9081041219240821,4730,4145
declared,low,Mon,13,400,0.9092840381566687,0.9508111884492975,4730,4145
declared,low,Mon,14,100,0.3322975846758932,0.42130048904184025,4768,4181
declared,low,Mon,14,200,0.7091205070937749,0.781781250808601,4768,4181
declared,low,Mon,14,300,0.8548009384546539,0.908531063213186,4768,4181
declared,low,Mon,14,400,0.9093138897963614,0.9508111884492975,4768,4181
declared,low,Mon,15,100,0.3322209035677486,0.42126167619737626,4764,4179
declared,low,Mon,15,200,0.7088199386126887,0.7814966232825317,4764,4179
declared,low,Mon,15,300,0.8545746310813872,0.9084793127539007,4764,4179
declared,low,Mon,15,400,0.9092003853308966,0.9507206251455481,4764,4179
declared,low,Mon,16,100,0.3312020633824266,0.42003260278934973,4729,4148
declared,low,Mon,16,200,0.7080312155946384,0.7806168654746811,4729,4148
declared,low,Mon,16,300,0.8541827434534638,0.9082464356871167,4729,4148
declared,low,Mon,16,400,0.9089736427317433,0.9505912489973348,4729,4148
declared,low,Mon,17,100,0.06532424391285754,0.08994229823789686,695,588
declared,low,Mon,17,200,0.23354640123467185,0.27222035345563694,695,588
declared,low,Mon,17,300,0.44384595493337226,0.4935958806634409,695,588
declared,low,Mon,17,400,0.6248156595565231,0.6790695267420498,695,588
declared,low,Mon,18,100,0.05525626151524265,0.07727637332781329,555,480
declared,low,Mon,18,200,0.1994812847181525,0.2345977695552048,555,480
declared,low,Mon,18,300,0.3886758388753368,0.435066111211737,555,480
declared,low,Mon,18,400,0.5662336775977037,0.6167102233032318,555,480
declared,low,Mon,19,100,0.048380222019539704,0.06748259890806531,473,405
declared,low,Mon,19,200,0.1763009719617342,0.2084249747716511,473,405
declared,low,Mon,19,300,0.35408124197263136,0.3982715346598701,473,405
declared,low,Mon,19,400,0.5319181627000908,0.5813387843817114,473,405
declared,low,Mon,20,100,0.046394186837295105,0.06515382824022563,442,378
declared,low,Mon,20,200,0.17072544645969265,0.20227960773151862,442,378
declared,low,Mon,20,300,0.34550016825973584,0.3872486868320956,442,378
declared,low,Mon,20,400,0.5208554203925089,0.5674955365228866,442,378
declared,low,Mon,21,100,0.04452837643376296,0.0628897456464926,421,361
declared,low,Mon,21,200,0.16411549570496198,0.19509923150567962,421,361
declared,low,Mon,21,300,0.3327806320254353,0.3737030041141615,421,361
declared,low,Mon,21,400,0.5068172093631941,0.5524749657153207,421,361
declared,low,Mon,22,100,0.04348083592785673,0.061647734623644784,405,350
declared,low,Mon,22,200,0.16038054172701732,0.19095919476285353,405,350
declared,low,Mon,22,300,0.32493051956398067,0.36449142236137344,405,350
declared,low,Mon,22,400,0.49669064527162826,0.5413486169689756,405,350
declared,low,Mon,23,100,0.04298745247083195,0.060949103423292884,393,341
declared,low,Mon,23,200,0.15822891449737117,0.18863042409501385,393,341
declared,low,Mon,23,300,0.32006526396231927,0.3599632571739074,393,341
declared,low,Mon,23,400,0.4901642438931947,0.5357983802106243,393,341
declared,low,Tue,0,100,0.042770244379431006,0.06067741351204492,390,339
declared,low,Tue,0,200,0.15741921222189156,0.1878282919760913,390,339
declared,low,Tue,0,300,0.31830914621577033,0.3581390534840997,390,339
declared,low,Tue,0,400,0.4871228460938609,0.5323699122829715,390,339
declared,low,Tue,1,100,0.041199897157856734,0.056873754754573444,384,333
declared,low,Tue,1,200,0.154881699537582,0.18376588092219318,384,333
declared,low,Tue,1,300,0.3166645466320905,0.3564701011721479,384,333
declared,low,Tue,1,400,0.485917335223257,0.5316971563122622,384,333
declared,low,Tue,2,100,0.041199897157856734,0.056873754754573444,384,333
declared,low,Tue,2,200,0.154881699537582,0.18376588092219318,384,333
declared,low,Tue,2,300,0.3166645466320905,0.3564701011721479,384,333
declared,low,Tue,2,400,0.485917335223257,0.5316971563122622,384,333
declared,low,Tue,3,100,0.041199897157856734,0.056873754754573444,384,333
declared,low,Tue,3,200,0.154881699537582,0.18376588092219318,384,333
declared,low,Tue,3,300,0.3166645466320905,0.3564701011721479,384,333
declared,low,Tue,3,400,0.485917335223257,0.5316971563122622,384,333
declared,low,Tue,4,100,0.04268695118975108,0.06062566305275959,389,338
declared,low,Tue,4,200,0.15722098224580325,0.1877118534426993,389,338
declared,low,Tue,4,300,0.3180720495468695,0.35784148834320906,389,338
declared,low,Tue,4,400,0.48690560835307684,0.5322017232902942,389,338
declared,low,Tue,5,100,0.042768421709405445,0.06072916397133025,390,339
declared,low,Tue,5,200,0.15749382171561183,0.18797060573912594,390,339
declared,low,Tue,5,300,0.3185008728032703,0.358229616787849,390,339
declared,low,Tue,5,400,0.48716897983475527,0.5323569746681501,390,339
declared,low,Tue,6,100,0.043309717170048424,0.06137604471239682,400,348
declared,low,Tue,6,200,0.15959322777295856,0.18998887365125366,400,348
declared,low,Tue,6,300,0.32189113770844435,0.3611923305819339,400,348
declared,low,Tue,6,400,0.49199215552796655,0.536095945351515,400,348
declared,low,Tue,7,100,0.04768002572465192,0.06744378606360131,477,401
declared,low,Tue,7,200,0.17508403533046793,0.20823091054933113,477,401
declared,low,Tue,7,300,0.3518033989528205,0.39497244288043054,477,401
declared,low,Tue,7,400,0.5291599373636813,0.576991745801744,477,401
declared,low,Tue,8,100,0.062019234971473935,0.08562113488757213,677,568
declared,low,Tue,8,200,0.22149940776834437,0.2604341863534039,677,568
declared,low,Tue,8,300,0.42610318979488676,0.47580666028411,677,568
declared,low,Tue,8,400,0.6126948026144655,0.6662095376096463,677,568
declared,low,Tue,9,100,0.07459108147465018,0.1017284653401299,827,704
declared,low,Tue,9,200,0.25888224072439675,0.30045022899578233,827,704
declared,low,Tue,9,300,0.478599504652064,0.5300282040003105,827,704
declared,low,Tue,9,400,0.6624562236130975,0.718529251947111,827,704
declared,low,Tue,10,100,0.33320687276282085,0.4225036872202241,4776,4192
declared,low,Tue,10,200,0.7102074017296878,0.7830750122907341,4776,4192
declared,low,Tue,10,300,0.8560323983280169,0.9099153879990685,4776,4192
declared,low,Tue,10,400,0.9104493851063098,0.9519885113980386,4776,4192
declared,low,Tue,11,100,0.3331109169263167,0.42245193676093873,4775,4192
declared,low,Tue,11,200,0.7100350404165586,0.7827903847646648,4775,4192
declared,low,Tue,11,300,0.855985374708926,0.9098248246953192,4775,4192
declared,low,Tue,11,400,0.9104493851063098,0.9519885113980386,4775,4192
declared,low,Tue,12,100,0.33100170080485786,0.42009729086345643,4706,4128
declared,low,Tue,12,200,0.7092506892894406,0.7822599425569902,4706,4128
declared,low,Tue,12,300,0.8557462966171155,0.9098118870804979,4706,4128
declared,low,Tue,12,400,0.9104325262231934,0.9519885113980386,4706,4128
declared,low,Tue,13,100,0.3314859838881954,0.42079592206380834,4740,4155
declared,low,Tue,13,200,0.7087036084116524,0.781781250808601,4740,4155
declared,low,Tue,13,300,0.8555760022543226,0.9094884467099645,4740,4155
declared,low,Tue,13,400,0.9104195334666171,0.9519885113980386,4740,4155
declared,low,Tue,14,100,0.3331125983309128,0.4223743110720108,4779,4192
declared,low,Tue,14,200,0.7100509720038116,0.7829197609128781,4779,4192
declared,low,Tue,14,300,0.8560323983280169,0.9099153879990685,4779,4192
declared,low,Tue,14,400,0.9104493851063098,0.9519885113980386,4779,4192
declared,low,Tue,15,100,0.33310963910967656,0.42240018630165344,4778,4193
declared,low,Tue,15,200,0.7097508559368875,0.7826480710016301,4778,4193
declared,low,Tue,15,300,0.8558060909547502,0.9098636375397832,4778,4193
declared,low,Tue,15,400,0.910335880640845,0.9518979480942893,4778,4193
declared,low,Tue,16,100,0.33209079892435456,0.4211711128936269,4742,4161
declared,low,Tue,16,200,0.7089621329188371,0.7817683131937796,4742,4161
declared,low,Tue,16,300,0.8554142033268269,0.9096307604729992,4742,4161
declared,low,Tue,16,400,0.9101091380416917,0.951768571946076,4742,4161
declared,low,Tue,17,100,0.06542837538756853,0.09001992392682485,702,591
declared,low,Tue,17,200,0.23366115649093952,0.2725567314409915,702,591
declared,low,Tue,17,300,0.44386196718503934,0.4932077522188009,702,591
declared,low,Tue,17,400,0.625643521642823,0.6795352808756178,702,591
declared,low,Tue,18,100,0.05570825474544297,0.07775506507620256,563,485
declared,low,Tue,18,200,0.2013661902582427,0.2363960980153699,563,485
declared,low,Tue,18,300,0.39190774311536763,0.437601883716718,563,485
declared,low,Tue,18,400,0.5704308791511015,0.6198540637048153,563,485
declared,low,Tue,19,100,0.04863039287150856,0.0677672264341346,477,407
declared,low,Tue,19,200,0.17718382119588696,0.2093694206536083,477,407
declared,low,Tue,19,300,0.3551916574740725,0.3992677310011126,477,407
declared,low,Tue,19,400,0.533098622461938,0.5824902321008099,477,407
declared,low,Tue,20,100,0.046737183814325664,0.06560664475897224,445,381
declared,low,Tue,20,200,0.17166504829467688,0.20336636737651045,445,381
declared,low,Tue,20,300,0.3464143540747735,0.3880637565658395,445,381
declared,low,Tue,20,400,0.5215208037407564,0.5681941677232385,445,381
declared,low,Tue,21,100,0.044871373410793516,0.06334256216523922,424,364
declared,low,Tue,21,200,0.1650550975399462,0.19618599115067145,424,364
declared,low,Tue,21,300,0.3337166190087284,0.3745180738479054,424,364
declared,low,Tue,21,400,0.5075063054938962,0.5532512226046006,424,364
declared,low,Tue,22,100,0.0438238329048873,0.06210055114239139,408,353
declared,low,Tue,22,200,0.1613201435620015,0.19204595440784536,408,353
declared,low,Tue,22,300,0.3258665065472737,0.36530649209511734,408,353
declared,low,Tue,22,400,0.49736147340825443,0.5420472481693275,408,353
declared,low,Tue,23,100,0.04319730245500012,0.06122079333454084,395,343
declared,low,Tue,23,200,0.1588324375858121,0.1893549305250084,395,343
declared,low,Tue,23,300,0.32076109928590074,0.360532512226046,395,343
declared,low,Tue,23,400,0.49076564633827535,0.5364581985665122,395,343
declared,low,Wed,0,100,0.04293356616966905,0.060897352964007556,391,340
declared,low,Wed,0,200,0.1577269069733976,0.1882034828059099,391,340
declared,low,Wed,0,300,0.31839444893392355,0.3581778663285637,391,340
declared,low,Wed,0,400,0.4871228460938609,0.5323699122829715,391,340
declared,low,Wed,1,100,0.04136321894809479,0.05709369420653608,385,334
declared,low,Wed,1,200,0.15518939428908807,0.1841410717520118,385,334
declared,low,Wed,1,300,0.3167498493502437,0.3565089140166119,385,334
declared,low,Wed,1,400,0.485917335223257,0.5316971563122622,385,334
declared,low,Wed,2,100,0.04136321894809479,0.05709369420653608,385,334
declared,low,Wed,2,200,0.15518939428908807,0.1841410717520118,385,334
declared,low,Wed,2,300,0.3167498493502437,0.3565089140166119,385,334
declared,low,Wed,2,400,0.485917335223257,0.5316971563122622,385,334
declared,low,Wed,3,100,0.04136321894809479,0.05709369420653608,385,334
declared,low,Wed,3,200,0.15518939428908807,0.1841410717520118,385,334
declared,low,Wed,3,300,0.3167498493502437,0.3565089140166119,385,334
declared,low,Wed,3,400,0.485917335223257,0.5316971563122622,385,334
declared,low,Wed,4,100,0.04285027297998912,0.06084560250472223,390,339
declared,low,Wed,4,200,0.1575286769973093,0.1880870442725179,390,339
declared,low,Wed,4,300,0.3181573522650227,0.35788030118767306,390,339
declared,low,Wed,4,400,0.48690560835307684,0.5322017232902942,390,339
declared,low,Wed,5,100,0.042931743499643495,0.060949103423292884,391,340
declared,low,Wed,5,200,0.1578015164671179,0.18834579656894454,391,340
declared,low,Wed,5,300,0.31858617552142343,0.358268429632313,391,340
declared,low,Wed,5,400,0.48716897983475527,0.5323569746681501,391,340
declared,low,Wed,6,100,0.043473038960286474,0.061595984164359456,402,349
declared,low,Wed,6,200,0.1599009225244646,0.19036406448107226,402,349
declared,low,Wed,6,300,0.3221324673926101,0.36132170673014724,402,349
declared,low,Wed,6,400,0.4925225064133243,0.5365746370999043,402,349
declared,low,Wed,7,100,0.04795413101037986,0.06789660258234792,479,402
declared,low,Wed,7,200,0.1757587911115266,0.20945998395735763,479,402
declared,low,Wed,7,300,0.3527900422948154,0.396783708955417,479,402
declared,low,Wed,7,400,0.5307387450175337,0.5796180816104743,479,402
declared,low,Wed,8,100,0.061595057267168234,0.0851165679095402,670,564
declared,low,Wed,8,200,0.21985719232493323,0.25894636064895077,670,564
declared,low,Wed,8,300,0.4232144366352758,0.4726757574973478,670,564
declared,low,Wed,8,400,0.6095497310909683,0.6626646311486014,670,564
declared,low,Wed,9,100,0.0739558614517273,0.10108158459906331,817,697
declared,low,Wed,9,200,0.25641014556258657,0.2982378968613346,817,697
declared,low,Wed,9,300,0.4749797579198395,0.5263927342355164,817,697
declared,low,Wed,9,400,0.6590974473871509,0.7146738427303543,817,697
declared,low,Wed,10,100,0.33258123344886187,0.4219344321680855,4759,4180
declared,low,Wed,10,200,0.7089859492395622,0.7816389370455663,4759,4180
declared,low,Wed,10,300,0.8559748864754368,0.9099671384583539,4759,4180
declared,low,Wed,10,400,0.9104066662975402,0.9519755737832173,4759,4180
declared,low,Wed,11,100,0.33248527761235774,0.42188268170880017,4758,4180
declared,low,Wed,11,200,0.7088135879264332,0.781354309519497,4758,4180
declared,low,Wed,11,300,0.8559278628563459,0.9098765751546045,4758,4180
declared,low,Wed,11,400,0.9104066662975402,0.9519755737832173,4758,4180
declared,low,Wed,12,100,0.33051842929093633,0.4196444743447098,4693,4119
declared,low,Wed,12,200,0.7080597549139427,0.7808368049266438,4693,4119
declared,low,Wed,12,300,0.8556887847645354,0.9098636375397832,4693,4119
declared,low,Wed,12,400,0.9103898074144237,0.9519755737832173,4693,4119
declared,low,Wed,13,100,0.33088488353487644,0.42020079178202707,4725,4143
declared,low,Wed,13,200,0.7075617195611904,0.7804228012523611,4725,4143
declared,low,Wed,13,300,0.8555932101743308,0.9096436980878205,4725,4143
declared,low,Wed,13,400,0.9104051916955918,0.9519885113980386,4725,4143
declared,low,Wed,14,100,0.3326871450700119,0.42196030739772816,4763,4180
declared,low,Wed,14,200,0.7093886665004814,0.7820529407198489,4763,4180
declared,low,Wed,14,300,0.8561299243290829,0.9100706393769245,4763,4180
declared,low,Wed,14,400,0.9104525329162358,0.95200144901286,4763,4180
declared,low,Wed,15,100,0.3327485529060739,0.4221026211607628,4761,4180
declared,low,Wed,15,200,0.7092582295349155,0.7819365021864569,4761,4180
declared,low,Wed,15,300,0.8559036169558161,0.9100188889176392,4761,4180
declared,low,Wed,15,400,0.9103390284507711,0.9519108857091106,4761,4180
declared,low,Wed,16,100,0.331729712720752,0.42087354775273633,4726,4149
declared,low,Wed,16,200,0.7084695065168652,0.7810567443786064,4726,4149
declared,low,Wed,16,300,0.8555117293278929,0.9097860118508552,4726,4149
declared,low,Wed,16,400,0.9101122858516177,0.9517815095608974,4726,4149
declared,low,Wed,17,100,0.06572587456238714,0.09045980283075013,698,590
declared,low,Wed,17,200,0.23433594612769745,0.2735658653970554,698,590
declared,low,Wed,17,300,0.44457840862981757,0.49377700727093954,698,590
declared,low,Wed,17,400,0.6270165558252507,0.6807126038243589,698,590
declared,low,Wed,18,100,0.0561739469377239,0.07847957150619712,563,487
declared,low,Wed,18,200,0.2029031718006194,0.23855667969053226,563,487
declared,low,Wed,18,300,0.39477248756202327,0.44121147825186946,563,487
declared,low,Wed,18,400,0.574709901866534,0.6257406784485212,563,487
declared,low,Wed,19,100,0.04909847958693501,0.06851760809377183,478,410
declared,low,Wed,19,200,0.17889787651077585,0.2117499417807333,478,410
declared,low,Wed,19,300,0.35830921689938244,0.4031102026030481,478,410
declared,low,Wed,19,400,0.5376459932937724,0.5885967862964784,478,410
declared,low,Wed,20,100,0.046995991733617445,0.06608533650736151,446,382
declared,low,Wed,20,200,0.1725079017115267,0.20475069216239294,446,382
declared,low,Wed,20,300,0.3481230534449978,0.3906383419152845,446,382
declared,low,Wed,20,400,0.5244664348673258,0.572424767769814,446,382
declared,low,Wed,21,100,0.0451301813300853,0.06382125391362849,424,365
declared,low,Wed,21,200,0.165897950956796,0.19757031593655394,424,365
declared,low,Wed,21,300,0.3354253183789527,0.37709265919735035,424,365
declared,low,Wed,21,400,0.5104519366204655,0.5574818226511761,424,365
declared,low,Wed,22,100,0.04408264082417908,0.06257924289078065,409,354
declared,low,Wed,22,200,0.1621629969788513,0.19343027919372785,409,354
declared,low,Wed,22,300,0.32757520591749806,0.36788107744456233,409,354
declared,low,Wed,22,400,0.5003071045348237,0.5462778482159029,409,354
declared,low,Wed,23,100,0.04345611037429191,0.06169948508293011,396,344
declared,low,Wed,23,200,0.15967529100266195,0.1907392553108909,396,344
declared,low,Wed,23,300,0.322469798656125,0.363107097575491,396,344
declared,low,Wed,23,400,0.49371127746484467,0.5406887986130877,396,344
declared,low,Thu,0,100,0.043192374088960844,0.06137604471239682,392,341
declared,low,Thu,0,200,0.15856976039024745,0.1895878075917924,392,341
declared,low,Thu,0,300,0.3201031483041478,0.3607524516780086,392,341
declared,low,Thu,0,400,0.49006847722043034,0.536600512329547,392,341
declared,low,Thu,1,100,0.041622026867386565,0.05757238595492535,386,335
declared,low,Thu,1,200,0.15603224770593788,0.18552539653789427,386,335
declared,low,Thu,1,300,0.31845854872046797,0.3590834993660569,386,335
declared,low,Thu,1,400,0.4888629663498263,0.5359277563588377,386,335
declared,low,Thu,2,100,0.04136321894809479,0.05709369420653608,385,334
declared,low,Thu,2,200,0.15518939428908807,0.1841410717520118,385,334
declared,low,Thu,2,300,0.3167498493502437,0.3565089140166119,385,334
declared,low,Thu,2,400,0.485917335223257,0.5316971563122622,385,334
declared,low,Thu,3,100,0.04136321894809479,0.05709369420653608,385,334
declared,low,Thu,3,200,0.15518939428908807,0.1841410717520118,385,334
declared,low,Thu,3,300,0.3167498493502437,0.3565089140166119,385,334
declared,low,Thu,3,400,0.485917335223257,0.5316971563122622,385,334
declared,low,Thu,4,100,0.04285027297998912,0.06084560250472223,390,339
declared,low,Thu,4,200,0.1575286769973093,0.1880870442725179,390,339
declared,low,Thu,4,300,0.3181573522650227,0.35788030118767306,390,339
declared,low,Thu,4,400,0.48690560835307684,0.5322017232902942,390,339
declared,low,Thu,5,100,0.042931743499643495,0.060949103423292884,391,340
declared,low,Thu,5,200,0.1578015164671179,0.18834579656894454,391,340
declared,low,Thu,5,300,0.31858617552142343,0.358268429632313,391,340
declared,low,Thu,5,400,0.48716897983475527,0.5323569746681501,391,340
declared,low,Thu,6,100,0.043473038960286474,0.061595984164359456,401,349
declared,low,Thu,6,200,0.1599009225244646,0.19036406448107226,401,349
declared,low,Thu,6,300,0.3219764404265975,0.3612311434263979,401,349
declared,low,Thu,6,400,0.49199215552796655,0.536095945351515,401,349
declared,low,Thu,7,100,0.04810215543418176,0.06814241726395322,479,403
declared,low,Thu,7,200,0.17623458349882382,0.20999042616503222,479,403
declared,low,Thu,7,300,0.35359740104119786,0.39758584107433953,479,403
declared,low,Thu,7,400,0.5321055684902505,0.5812223458483194,479,403
declared,low,Thu,8,100,0.06227804289076572,0.0860998266359614,678,569
declared,low,Thu,8,200,0.22234226118519418,0.26181851113928634,678,569
declared,low,Thu,8,300,0.42781188916511104,0.478381245633555,678,569
declared,low,Thu,8,400,0.6152511531190528,0.6699355706781898,678,569
declared,low,Thu,9,100,0.07483137551734788,0.10219421947369783,827,704
declared,low,Thu,9,200,0.25961976537047454,0.3017439904779155,827,704
declared,low,Thu,9,300,0.4797699183386709,0.5320464719124383,827,704
declared,low,Thu,9,400,0.6637425946390848,0.7208838978445934,827,704
declared,low,Thu,10,100,0.33301507289709903,0.4223743110720108,4761,4182
declared,low,Thu,10,200,0.7098531104624405,0.7828291976091288,4761,4182
declared,low,Thu,10,300,0.8560152897440474,0.9099024503842471,4761,4182
declared,low,Thu,10,400,0.9104102323271407,0.9519755737832173,4761,4182
declared,low,Thu,11,100,0.3329191170605949,0.42232256061272544,4760,4182
declared,low,Thu,11,200,0.7096807491493113,0.7825445700830594,4760,4182
declared,low,Thu,11,300,0.8559682661249564,0.9098118870804979,4760,4182
declared,low,Thu,11,400,0.9104102323271407,0.9519755737832173,4760,4182
declared,low,Thu,12,100,0.33085571737294844,0.4200067275597071,4691,4119
declared,low,Thu,12,200,0.709024875988888,0.7821176287939555,4691,4119
declared,low,Thu,12,300,0.8558739111434701,0.9098765751546045,4691,4119
declared,low,Thu,12,400,0.9104087577251924,0.9519885113980386,4691,4119
declared,low,Thu,13,100,0.3312906150057869,0.420666545915595,4724,4145
declared,low,Thu,13,200,0.7083559893345311,0.781548373741817,4724,4145
declared,low,Thu,13,300,0.8555588936703529,0.9094755090951432,4724,4145
declared,low,Thu,13,400,0.910380380687448,0.9519755737832173,4724,4145
declared,low,Thu,14,100,0.33292099443730866,0.42224493492379744,4762,4181
declared,low,Thu,14,200,0.7097108479151637,0.7826868838460941,4762,4181
declared,low,Thu,14,300,0.8560152897440474,0.9099024503842471,4762,4181
declared,low,Thu,14,400,0.9104102323271407,0.9519755737832173,4762,4181
declared,low,Thu,15,100,0.332844313329164,0.42220612207933345,4758,4179
declared,low,Thu,15,200,0.7094102794340774,0.7824022563200248,4758,4179
declared,low,Thu,15,300,0.8557889823707805,0.9098506999249618,4758,4179
declared,low,Thu,15,400,0.9102967278616758,0.951885010479468,4758,4179
declared,low,Thu,16,100,0.33182547314384203,0.420977048671307,4723,4148
declared,low,Thu,16,200,0.7086215564160272,0.7815224985121743,4723,4148
declared,low,Thu,16,300,0.8553970947428572,0.9096178228581778,4723,4148
declared,low,Thu,16,400,0.9100699852625226,0.9517556343312547,4723,4148
declared,low,Thu,17,100,0.06606187290871267,0.09105493311253138,704,594
declared,low,Thu,17,200,0.23562581573209143,0.2754418195461485,704,594
declared,low,Thu,17,300,0.44683091478417897,0.4971278495096644,704,594
declared,low,Thu,17,400,0.629420285557136,0.6844256992780811,704,594
declared,low,Thu,18,100,0.05617442995506535,0.07857013480994644,565,487
declared,low,Thu,18,200,0.20274404658845843,0.23871193106838823,565,487
declared,low,Thu,18,300,0.3939458440866443,0.44059047274044555,565,487
declared,low,Thu,18,400,0.5733564067087209,0.6240846637513908,565,487
declared,low,Thu,19,100,0.04888920079080034,0.06824591818252387,478,408
declared,low,Thu,19,200,0.17802667461273675,0.21075374543949077,478,408
declared,low,Thu,19,300,0.3569003568442968,0.4018423163505576,478,408
declared,low,Thu,19,400,0.5360442535885074,0.5867208321473854,478,408
declared,low,Thu,20,100,0.04706648739879378,0.06613708696664683,448,382
declared,low,Thu,20,200,0.1727588438622013,0.2049835692291769,448,382
declared,low,Thu,20,300,0.34838278468129896,0.39085828136724715,448,382
declared,low,Thu,20,400,0.5246795281439145,0.5725153310735632,448,382
declared,low,Thu,21,100,0.04520067699526164,0.06387300437291381,427,365
declared,low,Thu,21,200,0.16614889310747064,0.1978031930033379,427,365
declared,low,Thu,21,300,0.33570752631499035,0.37732553626413434,427,365
declared,low,Thu,21,400,0.5107199693665302,0.5575723859549253,427,365
declared,low,Thu,22,100,0.04408264082417908,0.06257924289078065,409,354
declared,low,Thu,22,200,0.1621629969788513,0.19343027919372785,409,354
declared,low,Thu,22,300,0.32757520591749806,0.36788107744456233,409,354
declared,low,Thu,22,400,0.5003071045348237,0.5462778482159029,409,354
declared,low,Thu,23,100,0.04345611037429191,0.06169948508293011,396,344
declared,low,Thu,23,200,0.15967529100266195,0.1907392553108909,396,344
declared,low,Thu,23,300,0.322469798656125,0.363107097575491,396,344
declared,low,Thu,23,400,0.49371127746484467,0.5406887986130877,396,344
declared,low,Fri,0,100,0.043192374088960844,0.06137604471239682,392,341
declared,low,Fri,0,200,0.15856976039024745,0.1895878075917924,392,341
declared,low,Fri,0,300,0.3201031483041478,0.3607524516780086,392,341
declared,low,Fri,0,400,0.49006847722043034,0.536600512329547,392,341
declared,low,Fri,1,100,0.041622026867386565,0.05757238595492535,386,335
declared,low,Fri,1,200,0.15603224770593788,0.18552539653789427,386,335
declared,low,Fri,1,300,0.31845854872046797,0.3590834993660569,386,335
declared,low,Fri,1,400,0.4888629663498263,0.5359277563588377,386,335
declared,low,Fri,2,100,0.04136321894809479,0.05709369420653608,385,334
declared,low,Fri,2,200,0.15518939428908807,0.1841410717520118,385,334
declared,low,Fri,2,300,0.3167498493502437,0.3565089140166119,385,334
declared,low,Fri,2,400,0.485917335223257,0.5316971563122622,385,334
declared,low,Fri,3,100,0.04136321894809479,0.05709369420653608,385,334
declared,low,Fri,3,200,0.15518939428908807,0.1841410717520118,385,334
declared,low,Fri,3,300,0.3167498493502437,0.3565089140166119,385,334
declared,low,Fri,3,400,0.485917335223257,0.5316971563122622,385,334
declared,low,Fri,4,100,0.04285027297998912,0.06084560250472223,390,339
declared,low,Fri,4,200,0.1575286769973093,0.1880870442725179,390,339
declared,low,Fri,4,300,0.3181573522650227,0.35788030118767306,390,339
declared,low,Fri,4,400,0.48690560835307684,0.5322017232902942,390,339
declared,low,Fri,5,100,0.042931743499643495,0.060949103423292884,391,340
declared,low,Fri,5,200,0.1578015164671179,0.18834579656894454,391,340
declared,low,Fri,5,300,0.31858617552142343,0.358268429632313,391,340
declared,low,Fri,5,400,0.48716897983475527,0.5323569746681501,391,340
declared,low,Fri,6,100,0.043473038960286474,0.061595984164359456,401,349
declared,low,Fri,6,200,0.1599009225244646,0.19036406448107226,401,349
declared,low,Fri,6,300,0.3219764404265975,0.3612311434263979,401,349
declared,low,Fri,6,400,0.49199215552796655,0.536095945351515,401,349
declared,low,Fri,7,100,0.04810215543418176,0.06814241726395322,479,403
declared,low,Fri,7,200,0.17623458349882382,0.20999042616503222,479,403
declared,low,Fri,7,300,0.35359740104119786,0.39758584107433953,479,403
declared,low,Fri,7,400,0.5321055684902505,0.5812223458483194,479,403
declared,low,Fri,8,100,0.06236969914776359,0.08612570186560406,679,570
declared,low,Fri,8,200,0.22272374393415603,0.26223251481356896,679,570
declared,low,Fri,8,300,0.42840009407837815,0.47885993738194427,679,570
declared,low,Fri,8,400,0.6157505159451049,0.6703236991228297,679,570
declared,low,Fri,9,100,0.07489668172474653,0.1021812818588765,827,704
declared,low,Fri,9,200,0.26004600594783756,0.3021838693818408,827,704
declared,low,Fri,9,300,0.48056106387780906,0.5326157269645768,827,704
declared,low,Fri,9,400,0.6645813751415528,0.721453152896732,827,704
declared,low,Fri,10,100,0.33311364127093496,0.4225036872202241,4764,4183
declared,low,Fri,10,200,0.709861338898908,0.7827515719202008,4764,4183
declared,low,Fri,10,300,0.8561568032404435,0.9099800760731751,4764,4183
declared,low,Fri,10,400,0.9104433642441561,0.9519885113980386,4764,4183
declared,low,Fri,11,100,0.3330176854344307,0.42245193676093873,4763,4183
declared,low,Fri,11,200,0.709688977585779,0.7824669443941314,4763,4183
declared,low,Fri,11,300,0.8561097796213526,0.9098895127694259,4763,4183
declared,low,Fri,11,400,0.9104433642441561,0.9519885113980386,4763,4183
declared,low,Fri,12,100,0.3309198436817793,0.4201102284782777,4695,4120
declared,low,Fri,12,200,0.7088931729442851,0.7819494398012783,4695,4120
declared,low,Fri,12,300,0.855870701529542,0.9098765751546045,4695,4120
declared,low,Fri,12,400,0.9104265053610396,0.9519885113980386,4695,4120
declared,low,Fri,13,100,0.33133938469636565,0.420744171604523,4727,4145
declared,low,Fri,13,200,0.7083296150607004,0.781470748052889,4727,4145
declared,low,Fri,13,300,0.8557004071667491,0.9095531347840712,4727,4145
declared,low,Fri,13,400,0.9104135126044633,0.9519885113980386,4727,4145
declared,low,Fri,14,100,0.3328834868777192,0.4222319973089761,4764,4180
declared,low,Fri,14,200,0.7097040515619649,0.7826092581571662,4764,4180
declared,low,Fri,14,300,0.8561568032404435,0.9099800760731751,4764,4180
declared,low,Fri,14,400,0.9104433642441561,0.9519885113980386,4764,4180
declared,low,Fri,15,100,0.332830597859261,0.4222190596941548,4760,4179
declared,low,Fri,15,200,0.7094034830808785,0.7823246306310968,4760,4179
declared,low,Fri,15,300,0.8559304958671766,0.9099283256138898,4760,4179
declared,low,Fri,15,400,0.9103298597786913,0.9518979480942893,4760,4179
declared,low,Fri,16,100,0.3314887261277095,0.420627733071131,4709,4133
declared,low,Fri,16,200,0.7085925428976443,0.7814189975936037,4709,4133
declared,low,Fri,16,300,0.8555386082392534,0.9096954485471058,4709,4133
declared,low,Fri,16,400,0.910103117179538,0.951768571946076,4709,4133
declared,low,Fri,17,100,0.06504770924668382,0.0896706083266489,695,585
declared,low,Fri,17,200,0.2322296411152779,0.27136647087742904,695,585
declared,low,Fri,17,300,0.441691250383963,0.49193986596631045,695,585
declared,low,Fri,17,400,0.6240644308831286,0.6787978368308019,695,585
declared,low,Fri,18,100,0.05601560437823968,0.07824669443941315,563,486
declared,low,Fri,18,200,0.20218136842757942,0.23774160995678836,563,486
declared,low,Fri,18,300,0.393738962821122,0.4403575956736616,563,486
declared,low,Fri,18,400,0.5736388038800809,0.6244598545812095,563,486
declared,low,Fri,19,100,0.04894013702745078,0.06828473102698786,479,409
declared,low,Fri,19,200,0.17817607313773584,0.2109348720469894,479,409
declared,low,Fri,19,300,0.35727569215848115,0.40225632002484024,479,409
declared,low,Fri,19,400,0.5366185025555423,0.5873159624291665,479,409
declared,low,Fri,20,100,0.046995991733617445,0.06608533650736151,446,382
declared,low,Fri,20,200,0.1725079017115267,0.20475069216239294,446,382
declared,low,Fri,20,300,0.3481230534449978,0.3906383419152845,446,382
declared,low,Fri,20,400,0.5244664348673258,0.572424767769814,446,382
declared,low,Fri,21,100,0.0451301813300853,0.06382125391362849,425,365
declared,low,Fri,21,200,0.165897950956796,0.19757031593655394,425,365
declared,low,Fri,21,300,0.3354253183789527,0.37709265919735035,425,365
declared,low,Fri,21,400,0.5104519366204655,0.5574818226511761,425,365
declared,low,Fri,22,100,0.04408264082417908,0.06257924289078065,409,354
declared,low,Fri,22,200,0.1621629969788513,0.19343027919372785,409,354
declared,low,Fri,22,300,0.32757520591749806,0.36788107744456233,409,354
declared,low,Fri,22,400,0.5003071045348237,0.5462778482159029,409,354
declared,low,Fri,23,100,0.04345611037429191,0.06169948508293011,396,344
declared,low,Fri,23,200,0.15967529100266195,0.1907392553108909,396,344
declared,low,Fri,23,300,0.322469798656125,0.363107097575491,396,344
declared,low,Fri,23,400,0.49371127746484467,0.5406887986130877,396,344
declared,low,Sat,0,100,0.04209342371326429,0.059875281393122363,380,329
declared,low,Sat,0,200,0.15484143008113935,0.18543483323414495,380,329
declared,low,Sat,0,300,0.31335876292898723,0.35296400755556706,380,329
declared,low,Sat,0,400,0.4818673932887229,0.5274406810360442,380,329
declared,low,Sat,1,100,0.04052307649169002,0.056071622635650895,374,323
declared,low,Sat,1,200,0.15230391739682975,0.18137242218024685,374,323
declared,low,Sat,1,300,0.3117141633453074,0.35129505524361526,374,323
declared,low,Sat,1,400,0.480661882418119,0.526767925065335,374,323
declared,low,Sat,2,100,0.040264268572398246,0.055592930887261624,373,322
declared,low,Sat,2,200,0.1514610639799799,0.1799880973943644,373,322
declared,low,Sat,2,300,0.3100054639750831,0.3487204698941703,373,322
declared,low,Sat,2,400,0.4777162512915497,0.5225373250187595,373,322
declared,low,Sat,3,100,0.040264268572398246,0.055592930887261624,373,322
declared,low,Sat,3,200,0.1514610639799799,0.1799880973943644,373,322
declared,low,Sat,3,300,0.3100054639750831,0.3487204698941703,373,322
declared,low,Sat,3,400,0.4777162512915497,0.5225373250187595,373,322
declared,low,Sat,4,100,0.041751322604292575,0.05934483918544777,378,327
declared,low,Sat,4,200,0.15380034668820117,0.1839340699148705,378,327
declared,low,Sat,4,300,0.3114129668898621,0.35009185706523144,378,327
declared,low,Sat,4,400,0.4787045244213695,0.5230418919967915,378,327
declared,low,Sat,5,100,0.04183279312394696,0.05944834010401842,379,328
declared,low,Sat,5,200,0.1540731861580098,0.18419282221129712,379,328
declared,low,Sat,5,300,0.3118417901462629,0.3504799855098714,379,328
declared,low,Sat,5,400,0.47896789590304795,0.5231971433746474,379,328
declared,low,Sat,6,100,0.042041387453227004,0.0598494061634797,384,332
declared,low,Sat,6,200,0.15496753627536852,0.1851760809377183,384,332
declared,low,Sat,6,300,0.31346641502368383,0.3520454369032525,384,332
declared,low,Sat,6,400,0.481351077010243,0.5251636608274899,384,332
declared,low,Sat,7,100,0.0433212330817893,0.06142779517168215,401,346
declared,low,Sat,7,200,0.160271585442453,0.19145082412606412,401,346
declared,low,Sat,7,300,0.32568019380964774,0.36631562605118123,401,346
declared,low,Sat,7,400,0.49835313128134673,0.5448676482003778,401,346
declared,low,Sat,8,100,0.045114990451705646,0.06374362822470049,440,377
declared,low,Sat,8,200,0.1676155609895778,0.19905814164100707,440,377
declared,low,Sat,8,300,0.3406545531241812,0.38208657851838435,440,377
declared,low,Sat,8,400,0.5172131222494805,0.5634590006986312,440,377
declared,low,Sat,9,100,0.04778243149384261,0.06715915853753202,468,404
declared,low,Sat,9,200,0.17742429118548145,0.20966698579449894,468,404
declared,low,Sat,9,300,0.3588146176213717,0.4002121768830698,468,404
declared,low,Sat,9,400,0.5390634307653103,0.5854270706652521,468,404
declared,low,Sat,10,100,0.11115782944057484,0.15059383652029912,1124,978
declared,low,Sat,10,200,0.3513146918768134,0.40982482469531917,1124,978
declared,low,Sat,10,300,0.5929264317572809,0.6533236732476001,1124,978
declared,low,Sat,10,400,0.7591693624986929,0.8140994126322871,1124,978
declared,low,Sat,11,100,0.11112425134461913,0.15060677413512044,1124,978
declared,low,Sat,11,200,0.351081024544948,0.40941082102103654,1124,978
declared,low,Sat,11,300,0.5925964640075613,0.6528191062695682,1124,978
declared,low,Sat,11,400,0.7591424360104774,0.8140605997878231,1124,978
declared,low,Sat,12,100,0.11004809497552118,0.14944238880120062,1107,964
declared,low,Sat,12,200,0.34870082447091355,0.40713380081248224,1107,964
declared,low,Sat,12,300,0.5892902705677215,0.6498046420161979,1107,964
declared,low,Sat,12,400,0.7564501893103156,0.8115118896680208,1107,964
declared,low,Sat,13,100,0.11003943870460367,0.14936476311227262,1107,964
declared,low,Sat,13,200,0.3483869463033895,0.4067586099826636,1107,964
declared,low,Sat,13,300,0.5896707118636255,0.6499728310088752,1107,964
declared,low,Sat,13,400,0.7566671468143966,0.8117059538903407,1107,964
declared,low,Sat,14,100,0.11068912725945534,0.14992108054958989,1116,971
declared,low,Sat,14,200,0.34961375156006425,0.4080523714647967,1116,971
declared,low,Sat,14,300,0.591018090500997,0.6513183429502937,1116,971
declared,low,Sat,14,400,0.7573609412966459,0.8123916474758713,1116,971
declared,low,Sat,15,100,0.11086602897909072,0.15016689523119517,1116,971
declared,low,Sat,15,200,0.3501367616581437,0.408686314591042,1116,971
declared,low,Sat,15,300,0.5916396211304344,0.6520299117654669,1116,971
declared,low,Sat,15,400,0.7580307252120063,0.8131420291355086,1116,971
declared,low,Sat,16,100,0.11083477712372719,0.15007633192744585,1115,971
declared,low,Sat,16,200,0.35008532526265884,0.4084793127539007,1115,971
declared,low,Sat,16,300,0.5917876357956091,0.6521204750692162,1115,971
declared,low,Sat,16,400,0.7580307252120063,0.8131420291355086,1115,971
declared,low,Sat,17,100,0.048479177365810915,0.06803891634538256,469,404
declared,low,Sat,17,200,0.1781889897560345,0.2108054958987761,469,404
declared,low,Sat,17,300,0.3578344204131171,0.39933241907521927,469,404
declared,low,Sat,17,400,0.5364281001502494,0.5834088027531245,469,404
declared,low,Sat,18,100,0.04604408183184774,0.06471394933630036,439,375
declared,low,Sat,18,200,0.16930432362659406,0.20049421688617486,439,375
declared,low,Sat,18,300,0.34264682656717277,0.38301808678552024,439,375
declared,low,Sat,18,400,0.520030239514088,0.5650762025512976,439,375
declared,low,Sat,19,100,0.04384882276845557,0.06191942453489275,413,355
declared,low,Sat,19,200,0.1607710338460548,0.19129557274820813,413,355
declared,low,Sat,19,300,0.3268919709427327,0.3674153233109944,413,355
declared,low,Sat,19,400,0.5015403975642699,0.5476621730017854,413,355
declared,low,Sat,20,100,0.044289414664944585,0.06265686857970865,409,351
declared,low,Sat,20,200,0.16337988923833652,0.194840479209253,409,351
declared,low,Sat,20,300,0.33159193944211696,0.3727714958470256,409,351
declared,low,Sat,20,400,0.5053281199842324,0.5521903381892515,409,351
declared,low,Sat,21,100,0.04313037060377327,0.06111729241597019,399,341
declared,low,Sat,21,200,0.15862123715020965,0.18934199291018708,399,341
declared,low,Sat,21,300,0.32150899198627036,0.3615028333376459,399,341
declared,low,Sat,21,400,0.4933829613371486,0.5391880352938132,399,341
declared,low,Sat,22,100,0.042667406670148025,0.06061272543793826,392,337
declared,low,Sat,22,200,0.15705265680729857,0.18777654151680595,392,337
declared,low,Sat,22,300,0.3179578614654534,0.35731104613553444,392,337
declared,low,Sat,22,400,0.4886592445691823,0.5340129893652806,392,337
declared,low,Sat,23,100,0.04235715999859537,0.06019872176365565,385,332
declared,low,Sat,23,200,0.1559469606935538,0.18658628095324345,385,332
declared,low,Sat,23,300,0.31574788998070086,0.3553315910678707,385,332
declared,low,Sat,23,400,0.485671897098527,0.5315936553936916,385,332
declared,low,Sun,0,100,0.04178277452993401,0.05937071441509043,378,328
declared,low,Sun,0,200,0.1540494982049868,0.18437394881879576,378,328
declared,low,Sun,0,300,0.31307142208623245,0.3527052552591404,378,328
declared,low,Sun,0,400,0.4818305197361548,0.5273889305767588,378,328
declared,low,Sun,1,100,0.04021242730835975,0.05556705565761896,372,322
declared,low,Sun,1,200,0.15151198552067718,0.18031153776489767,372,322
declared,low,Sun,1,300,0.3114268225025526,0.3510363029471887,372,322
declared,low,Sun,1,400,0.48062500886555093,0.5267161746060496,372,322
declared,low,Sun,2,100,0.039953619389067954,0.05508836390922969,371,321
declared,low,Sun,2,200,0.15066913210382735,0.17892721297901518,371,321
declared,low,Sun,2,300,0.3097181231323283,0.3484617175977437,371,321
declared,low,Sun,2,400,0.4776793777389816,0.5224855745594742,371,321
declared,low,Sun,3,100,0.039953619389067954,0.05508836390922969,371,321
declared,low,Sun,3,200,0.15066913210382735,0.17892721297901518,371,321
declared,low,Sun,3,300,0.3097181231323283,0.3484617175977437,371,321
declared,low,Sun,3,400,0.4776793777389816,0.5224855745594742,371,321
declared,low,Sun,4,100,0.0414406734209623,0.05884027220741584,376,326
declared,low,Sun,4,200,0.1530084148120486,0.1828731854995213,376,326
declared,low,Sun,4,300,0.3111256260471073,0.3498331047688048,376,326
declared,low,Sun,4,400,0.4786676508688014,0.5229901415375061,376,326
declared,low,Sun,5,100,0.04152214394061667,0.05894377312598649,377,327
declared,low,Sun,5,200,0.1532812542818572,0.18313193779594794,377,327
declared,low,Sun,5,300,0.31155444930350806,0.3502212332134448,377,327
declared,low,Sun,5,400,0.47893102235047985,0.5231453929153621,377,327
declared,low,Sun,6,100,0.041613233735218386,0.059111962118663805,378,328
declared,low,Sun,6,200,0.15367885320353716,0.18350712862576654,378,328
declared,low,Sun,6,300,0.3118757431916091,0.35054467358397806,378,328
declared,low,Sun,6,400,0.4789397181545663,0.5231453929153621,378,328
declared,low,Sun,7,100,0.04215765318544298,0.05993996946722902,386,334
declared,low,Sun,7,200,0.1561575966821061,0.1867674075607421,386,334
declared,low,Sun,7,300,0.31841862123261777,0.3584366186249903,386,334
declared,low,Sun,7,400,0.49015694462789633,0.5363546976479416,386,334
declared,low,Sun,8,100,0.041996198904128895,0.05944834010401842,399,340
declared,low,Sun,8,200,0.15658919476184704,0.18694853416824075,399,340
declared,low,Sun,8,300,0.3219015902923451,0.3619556498563925,399,340
declared,low,Sun,8,400,0.4965686420412967,0.5416203068802236,399,340
declared,low,Sun,9,100,0.04377948983331314,0.06180298600150076,414,355
declared,low,Sun,9,200,0.16319124267846394,0.19405128470515176,414,355
declared,low,Sun,9,300,0.33466428872275455,0.37477682614433205,414,355
declared,low,Sun,9,400,0.5127255810138301,0.558219266695992,414,355
declared,low,Sun,10,100,0.0969401088490669,0.13209304732579502,913,811
declared,low,Sun,10,200,0.3125622503802175,0.3656169948508293,913,811
declared,low,Sun,10,300,0.548391917244695,0.6076538929282997,913,811
declared,low,Sun,10,400,0.7249676200394054,0.7796724195927239,913,811
declared,low,Sun,11,100,0.09698841031274472,0.13211892255543767,914,812
declared,low,Sun,11,200,0.3123489701977979,0.3652029911765467,914,812
declared,low,Sun,11,300,0.5480652990490413,0.6071493259502678,914,812
declared,low,Sun,11,400,0.7249406935511897,0.7796336067482599,914,812
declared,low,Sun,12,100,0.09638589108120343,0.13149791704401376,909,807
declared,low,Sun,12,200,0.3114850103261383,0.3644655471317308,909,807
declared,low,Sun,12,300,0.5472214761080137,0.6063730690609879,909,807
declared,low,Sun,12,400,0.7239420935745974,0.7789867260071933,909,807
declared,low,Sun,13,100,0.09605525695770599,0.13109685098455248,906,804
declared,low,Sun,13,200,0.3103561423290973,0.36333997464227497,906,804
declared,low,Sun,13,300,0.5460441849119259,0.6052604341863534,906,804
declared,low,Sun,13,400,0.7230640675155837,0.7781587186586281,906,804
declared,low,Sun,14,100,0.09625304782522995,0.13121328951794448,909,807
declared,low,Sun,14,200,0.310892432609493,0.3639092296944135,909,807
declared,low,Sun,14,300,0.5466395206607053,0.6059331901570626,909,807
declared,low,Sun,14,400,0.7231427779914592,0.7782492819623774,909,807
declared,low,Sun,15,100,0.09625304782522995,0.13121328951794448,909,807
declared,low,Sun,15,200,0.310892432609493,0.3639092296944135,909,807
declared,low,Sun,15,300,0.5466395206607053,0.6059331901570626,909,807
declared,low,Sun,15,400,0.7231427779914592,0.7782492819623774,909,807
declared,low,Sun,16,100,0.09618017760052355,0.13107097575490984,908,806
declared,low,Sun,16,200,0.3106635383398647,0.3635728517090589,908,806
declared,low,Sun,16,300,0.5466395206607053,0.6059331901570626,908,806
declared,low,Sun,16,400,0.7231427779914592,0.7782492819623774,908,806
declared,low,Sun,17,100,0.0438046908639356,0.06171242269775144,415,356
declared,low,Sun,17,200,0.16145923533112147,0.19217533055605868,415,356
declared,low,Sun,17,300,0.3314301788030527,0.3714389215204285,415,356
declared,low,Sun,17,400,0.5082022360124507,0.5541309804124511,415,356
declared,low,Sun,18,100,0.04315238629559485,0.06078091443061557,407,348
declared,low,Sun,18,200,0.15833822026496389,0.18843635987269386,407,348
declared,low,Sun,18,300,0.3252248722848823,0.3647631122726214,407,348
declared,low,Sun,18,400,0.5010916982450087,0.5465107252826868,407,348
declared,low,Sun,19,100,0.04274733498022148,0.060470411674903614,400,343
declared,low,Sun,19,200,0.1567260374374571,0.18700028462752608,400,343
declared,low,Sun,19,300,0.32109294692575097,0.3615028333376459,400,343
declared,low,Sun,19,400,0.49502749840828186,0.5416849949543302,400,343
declared,low,Sun,20,100,0.04287541004159328,0.06084560250472223,392,340
declared,low,Sun,20,200,0.15863001754804323,0.18965249566589903,392,340
declared,low,Sun,20,300,0.32445102655604785,0.3656299324656506,392,340
declared,low,Sun,20,400,0.4978317560746074,0.5451522757264471,392,340
declared,low,Sun,21,100,0.04207135269603311,0.05966827955598106,386,334
declared,low,Sun,21,200,0.15544713208317745,0.1857453359898569,386,334
declared,low,Sun,21,300,0.318191729988564,0.3582166791730277,386,334
declared,low,Sun,21,400,0.49072619427063113,0.5367040132481176,386,334
declared,low,Sun,22,100,0.04183890970388621,0.05944834010401842,384,332
declared,low,Sun,22,200,0.15468936316738666,0.18491732864129168,384,332
declared,low,Sun,22,300,0.3162545371439894,0.3557973452014387,384,332
declared,low,Sun,22,400,0.48828324625523006,0.5337671746836753,384,332
declared,low,Sun,23,100,0.04169756165397535,0.05925427588169845,380,329
declared,low,Sun,23,200,0.15407446336210212,0.18423163505576112,380,329
declared,low,Sun,23,300,0.31460739353729317,0.35429658188216423,380,329
declared,low,Sun,23,400,0.48545660995839396,0.531451341630657,380,329
strict,low,Mon,0,100,0.031737242371298456,0.04620022252697493,264,230
strict,low,Mon,0,200,0.11850742549528444,0.14475897223587858,264,230
strict,low,Mon,0,300,0.24947959973623274,0.28555903433642976,264,230
strict,low,Mon,0,400,0.4007207582396075,0.44456232049059435,264,230
strict,low,Mon,1,100,0.030565807697587877,0.04306931974021269,260,226
strict,low,Mon,1,200,0.11629234598399732,0.1413175666934044,260,226
strict,low,Mon,1,300,0.24737626948967062,0.2835278288094807,260,226
strict,low,Mon,1,400,0.3982841298706205,0.4426216782673946,260,226
strict,low,Mon,2,100,0.030306999778296092,0.04259062799182343,259,225
strict,low,Mon,2,200,0.1154494925671475,0.13993324190752193,259,225
strict,low,Mon,2,300,0.24566757011944637,0.2809532434600357,259,225
strict,low,Mon,2,400,0.39533849874405114,0.4383910782208192,259,225
strict,low,Mon,3,100,0.030306999778296092,0.04259062799182343,259,225
strict,low,Mon,3,200,0.1154494925671475,0.13993324190752193,259,225
strict,low,Mon,3,300,0.24566757011944637,0.2809532434600357,259,225
strict,low,Mon,3,400,0.39533849874405114,0.4383910782208192,259,225
strict,low,Mon,4,100,0.03147843445200667,0.04572153077858566,263,229
strict,low,Mon,4,200,0.11766457207843461,0.14337464744999612,263,229
strict,low,Mon,4,300,0.24777090036600843,0.28298444898698477,263,229
strict,low,Mon,4,400,0.3977751271130382,0.4403317204440189,263,229
strict,low,Mon,5,100,0.03147843445200667,0.04572153077858566,263,229
strict,low,Mon,5,200,0.11766457207843461,0.14337464744999612,263,229
strict,low,Mon,5,300,0.24777090036600843,0.28298444898698477,263,229
strict,low,Mon,5,400,0.3977751271130382,0.4403317204440189,263,229
strict,low,Mon,6,100,0.03177103042168498,0.04599322068983362,268,233
strict,low,Mon,6,200,0.11882168566712462,0.1446295960876653,268,233
strict,low,Mon,6,300,0.2502902363037518,0.28549434626232306,268,233
strict,low,Mon,6,400,0.4013886272486826,0.4433720599270318,268,233
strict,low,Mon,7,100,0.0343103818851754,0.04993919321033974,303,258
strict,low,Mon,7,200,0.12828842487835507,0.15655807695293295,303,258
strict,low,Mon,7,300,0.26920643473086014,0.30759179237715734,303,258
strict,low,Mon,7,400,0.42362770757890433,0.46813465469506044,303,258
strict,low,Mon,8,100,0.04249681607011851,0.060470411674903614,397,336
strict,low,Mon,8,200,0.15769441327464237,0.1895878075917924,397,336
strict,low,Mon,8,300,0.32323777917939,0.3663673765104665,397,336
strict,low,Mon,8,400,0.49213559367055776,0.5421507490878982,397,336
strict,low,Mon,9,100,0.04842587669016711,0.06810360441948922,460,391
strict,low,Mon,9,200,0.18071911925617803,0.21579941521981008,460,391
strict,low,Mon,9,300,0.3632194597952442,0.4101223898362098,460,391
strict,low,Mon,9,400,0.5403724443156578,0.5956219111444614,460,391
strict,low,Mon,10,100,0.2659390898981198,0.3432349212099257,3194,2851
strict,low,Mon,10,200,0.6427035152775906,0.7200947033404922,3194,2851
strict,low,Mon,10,300,0.8253496097896955,0.8831345253189122,3194,2851
strict,low,Mon,10,400,0.8947682375768826,0.9404999094366963,3194,2851
strict,low,Mon,11,100,0.2659390898981198,0.3432349212099257,3193,2851
strict,low,Mon,11,200,0.6427035152775906,0.7200947033404922,3193,2851
strict,low,Mon,11,300,0.8253496097896955,0.8831345253189122,3193,2851
strict,low,Mon,11,400,0.8947682375768826,0.9404999094366963,3193,2851
strict,low,Mon,12,100,0.2648902902522198,0.3419929101870779,3164,2825
strict,low,Mon,12,200,0.6420941963985046,0.7196289492069242,3164,2825
strict,low,Mon,12,300,0.8250339413287344,0.8829663363262349,3164,2825
strict,low,Mon,12,400,0.8946153368815555,0.940448158977411,3164,2825
strict,low,Mon,13,100,0.2648944782969595,0.3419929101870779,3179,2836
strict,low,Mon,13,200,0.6417148735121104,0.7192278831474629,3179,2836
strict,low,Mon,13,300,0.8248921349532471,0.8826817088001656,3179,2836
strict,low,Mon,13,400,0.8946679007241938,0.9404093461329469,3179,2836
strict,low,Mon,14,100,0.26580947160507595,0.3430667322172484,3193,2849
strict,low,Mon,14,200,0.6425228092670124,0.7199135767329935,3193,2849
strict,low,Mon,14,300,0.8253457816743299,0.8831215877040909,3193,2849
strict,low,Mon,14,400,0.8947682375768826,0.9404999094366963,3193,2849
strict,low,Mon,15,100,0.2657499008138516,0.34302791937278443,3191,2848
strict,low,Mon,15,200,0.6422222407859263,0.7196289492069242,3191,2848
strict,low,Mon,15,300,0.8250919557960193,0.8830180867855202,3191,2848
strict,low,Mon,15,400,0.8946391627211229,0.9404093461329469,3191,2848
strict,low,Mon,16,100,0.2652708392057677,0.34239397624653917,3175,2833
strict,low,Mon,16,200,0.6415244026555275,0.7188526923176444,3175,2833
strict,low,Mon,16,300,0.8248339318919037,0.8828757730224855,3175,2833
strict,low,Mon,16,400,0.894519596100072,0.940370533288483,3175,2833
strict,low,Mon,17,100,0.04430812306432678,0.0627603694982793,410,348
strict,low,Mon,17,200,0.16589290452125152,0.19898051595207908,410,348
strict,low,Mon,17,300,0.33765374038384455,0.3835355913783735,410,348
strict,low,Mon,17,400,0.5089185692327127,0.5609102905788289,410,348
strict,low,Mon,18,100,0.03952842648670685,0.056744378606360134,348,301
strict,low,Mon,18,200,0.14653914875616875,0.1772970735115274,348,301
strict,low,Mon,18,300,0.3017270251159699,0.34477449737366417,348,301
strict,low,Mon,18,400,0.4650405088645421,0.5144642533702487,348,301
strict,low,Mon,19,100,0.036011784048624734,0.051284705151758224,309,269
strict,low,Mon,19,200,0.1332597055553432,0.1613708696664683,309,269
strict,low,Mon,19,300,0.2780167725638959,0.3182911998343985,309,269
strict,low,Mon,19,400,0.4379743698009612,0.4859885631484979,309,269
strict,low,Mon,20,100,0.03362552224323202,0.048114989520531996,286,249
strict,low,Mon,20,200,0.12651077268943384,0.15298729526224544,286,249
strict,low,Mon,20,300,0.2672338814398886,0.30328356664165396,286,249
strict,low,Mon,20,400,0.4233804965299612,0.46609051155329,286,249
strict,low,Mon,21,100,0.03287038302615324,0.0473775454757161,279,243
strict,low,Mon,21,200,0.12357768916836129,0.15017983284601652,279,243
strict,low,Mon,21,300,0.2607007130955915,0.2969570729940228,279,243
strict,low,Mon,21,400,0.4156834955531197,0.45872900871995237,279,243
strict,low,Mon,22,100,0.032024485343245604,0.046368411519652236,269,234
strict,low,Mon,22,200,0.12031744039788318,0.1462726731699744,269,234
strict,low,Mon,22,300,0.2534837118269657,0.2886640618935493,269,234
strict,low,Mon,22,400,0.4058649404051993,0.44841772970735116,269,234
strict,low,Mon,23,100,0.03179979939480493,0.04610965922322561,265,231
strict,low,Mon,23,200,0.11902218671842443,0.14491422361373457,265,231
strict,low,Mon,23,300,0.2503452320588053,0.2857530985587497,265,231
strict,low,Mon,23,400,0.4011507642016146,0.44409656635702643,265,231
strict,low,Tue,0,100,0.03166406182305836,0.045941470230548294,264,230
strict,low,Tue,0,200,0.11848532391275347,0.14437084379123866,264,230
strict,low,Tue,0,300,0.2490179375686572,0.2843170233135819,264,230
strict,low,Tue,0,400,0.39842714356555,0.4409139131109789,264,230
strict,low,Tue,1,100,0.030492627149347775,0.042810567443786064,260,226
strict,low,Tue,1,200,0.11627024440146635,0.14092943824876447,260,226
strict,low,Tue,1,300,0.24736011725246504,0.28277744714984343,260,226
strict,low,Tue,1,400,0.39707542174239624,0.439904779154915,260,226
strict,low,Tue,2,100,0.030492627149347775,0.042810567443786064,260,226
strict,low,Tue,2,200,0.11627024440146635,0.14092943824876447,260,226
strict,low,Tue,2,300,0.24736011725246504,0.28277744714984343,260,226
strict,low,Tue,2,400,0.39707542174239624,0.439904779154915,260,226
strict,low,Tue,3,100,0.030492627149347775,0.042810567443786064,260,226
strict,low,Tue,3,200,0.11627024440146635,0.14092943824876447,260,226
strict,low,Tue,3,300,0.24736011725246504,0.28277744714984343,260,226
strict,low,Tue,3,400,0.39707542174239624,0.439904779154915,260,226
strict,low,Tue,4,100,0.03166406182305836,0.045941470230548294,264,230
strict,low,Tue,4,200,0.11848532391275347,0.14437084379123866,264,230
strict,low,Tue,4,300,0.2490179375686572,0.2843170233135819,264,230
strict,low,Tue,4,400,0.39842714356555,0.4409139131109789,264,230
strict,low,Tue,5,100,0.03166406182305836,0.045941470230548294,264,230
strict,low,Tue,5,200,0.11848532391275347,0.14437084379123866,264,230
strict,low,Tue,5,300,0.2490179375686572,0.2843170233135819,264,230
strict,low,Tue,5,400,0.39842714356555,0.4409139131109789,264,230
strict,low,Tue,6,100,0.03195665779273666,0.04621316014179626,269,234
strict,low,Tue,6,200,0.11964243750144349,0.1456257924289078,269,234
strict,low,Tue,6,300,0.2515372735064006,0.28682692058892023,269,234
strict,low,Tue,6,400,0.4020406437011943,0.4439542525939918,269,234
strict,low,Tue,7,100,0.03449600925622709,0.050159132662302375,304,259
strict,low,Tue,7,200,0.1291091767126739,0.15755427329417548,304,259
strict,low,Tue,7,300,0.27045347193350894,0.3089243667037545,304,259
strict,low,Tue,7,400,0.42425455864788686,0.46871684736202035,304,259
strict,low,Tue,8,100,0.04255171192231909,0.06053509974901027,398,337
strict,low,Tue,8,200,0.15800448984601126,0.18982068465857635,398,337
strict,low,Tue,8,300,0.32398429513499805,0.36702719486635443,398,337
strict,low,Tue,8,400,0.4932284884167613,0.5430305068957487,398,337
strict,low,Tue,9,100,0.04880205375095911,0.06855642093823583,465,395
strict,low,Tue,9,200,0.1823071186974001,0.21754599322068982,465,395
strict,low,Tue,9,300,0.36595010726654514,0.4123864724299428,465,395
strict,low,Tue,9,400,0.5430673114454844,0.5974202396046265,465,395
strict,low,Tue,10,100,0.2667144283092541,0.3442052423215256,3198,2857
strict,low,Tue,10,200,0.6435919452943433,0.7208968354594147,3198,2857
strict,low,Tue,10,300,0.8265101135241607,0.8845059124899733,3198,2857
strict,low,Tue,10,400,0.896016186829311,0.9417677956891868,3198,2857
strict,low,Tue,11,100,0.2667144283092541,0.3442052423215256,3197,2857
strict,low,Tue,11,200,0.6435919452943433,0.7208968354594147,3197,2857
strict,low,Tue,11,300,0.8265101135241607,0.8845059124899733,3197,2857
strict,low,Tue,11,400,0.896016186829311,0.9417677956891868,3197,2857
strict,low,Tue,12,100,0.26544463906650173,0.3426786037726085,3167,2831
strict,low,Tue,12,200,0.6429072517904015,0.7203922684813828,3167,2831
strict,low,Tue,12,300,0.826191789348456,0.884337723497296,3167,2831
strict,low,Tue,12,400,0.8958632861339839,0.9417160452299014,3167,2831
strict,low,Tue,13,100,0.26562133756658873,0.34285973038010714,3183,2843
strict,low,Tue,13,200,0.642544228774359,0.7200170776515642,3183,2843
strict,low,Tue,13,300,0.8260499829729685,0.8840530959712267,3183,2843
strict,low,Tue,13,400,0.8959158499766221,0.9416772323854374,3183,2843
strict,low,Tue,14,100,0.26653633087470524,0.3439335524102776,3197,2856
strict,low,Tue,14,200,0.6433521645292611,0.7207027712370947,3197,2856
strict,low,Tue,14,300,0.8265036296940514,0.884492974875152,3197,2856
strict,low,Tue,14,400,0.896016186829311,0.9417677956891868,3197,2856
strict,low,Tue,15,100,0.2665266898807028,0.3439335524102776,3196,2856
strict,low,Tue,15,200,0.6430520484623368,0.7204310813258468,3196,2856
strict,low,Tue,15,300,0.8262498038157409,0.8843894739565814,3196,2856
strict,low,Tue,15,400,0.8958871119735512,0.9416772323854374,3196,2856
strict,low,Tue,16,100,0.266047628272619,0.3432996092840324,3180,2841
strict,low,Tue,16,200,0.6423542103319381,0.7196548244365669,3180,2841
strict,low,Tue,16,300,0.8259917799116252,0.8842471601935468,3180,2841
strict,low,Tue,16,400,0.8957675453525004,0.9416384195409734,3180,2841
strict,low,Tue,17,100,0.04473601646287444,0.06322612363184724,415,353
strict,low,Tue,17,200,0.16766514444266026,0.20117991047170544,415,353
strict,low,Tue,17,300,0.3404013006473526,0.3856444225942505,415,353
strict,low,Tue,17,400,0.5117895642427308,0.5633166869355966,415,353
strict,low,Tue,18,100,0.03977438253572293,0.05696431805832277,351,304
strict,low,Tue,18,200,0.1476599596265289,0.17828033223794862,351,304
strict,low,Tue,18,300,0.3042062314813335,0.34661163867829325,351,304
strict,low,Tue,18,400,0.4686815793574003,0.5172846534012989,351,304
strict,low,Tue,19,100,0.03605831224255486,0.051336455611043545,310,270
strict,low,Tue,19,200,0.13355553389227812,0.16172018526664425,310,270
strict,low,Tue,19,300,0.2786273051693242,0.31882164204207314,310,270
strict,low,Tue,19,400,0.4388777553830527,0.48701063471938316,310,270
strict,low,Tue,20,100,0.03367205043716215,0.04816673997981732,287,250
strict,low,Tue,20,200,0.12680660102636873,0.1533366108624214,287,250
strict,low,Tue,20,300,0.26784441404531684,0.3038140088493285,287,250
strict,low,Tue,20,400,0.42428388211205265,0.46711258312417525,287,250
strict,low,Tue,21,100,0.03291691122008337,0.04742929593500142,280,244
strict,low,Tue,21,200,0.12387351750529618,0.15052914844619247,280,244
strict,low,Tue,21,300,0.26131124570101977,0.2974875152016974,280,244
strict,low,Tue,21,400,0.41658688113521114,0.45975108029083755,280,244
strict,low,Tue,22,100,0.03207101353717573,0.046420161978937564,270,235
strict,low,Tue,22,200,0.12061326873481808,0.14662198877015034,270,235
strict,low,Tue,22,300,0.25409424443239403,0.2891945041012239,270,235
strict,low,Tue,22,400,0.40676832598729085,0.44943980127823635,270,235
strict,low,Tue,23,100,0.031846327588735054,0.04616140968251093,266,232
strict,low,Tue,23,200,0.11931801505535933,0.14526353921391053,266,232
strict,low,Tue,23,300,0.25095576466423364,0.2862835407664243,266,232
strict,low,Tue,23,400,0.40205414978370607,0.4451186379279116,266,232
strict,low,Wed,0,100,0.03166406182305836,0.045941470230548294,264,230
strict,low,Wed,0,200,0.11848532391275347,0.14437084379123866,264,230
strict,low,Wed,0,300,0.2490179375686572,0.2843170233135819,264,230
strict,low,Wed,0,400,0.39842714356555,0.4409139131109789,264,230
strict,low,Wed,1,100,0.030492627149347775,0.042810567443786064,260,226
strict,low,Wed,1,200,0.11627024440146635,0.14092943824876447,260,226
strict,low,Wed,1,300,0.24736011725246504,0.28277744714984343,260,226
strict,low,Wed,1,400,0.39707542174239624,0.439904779154915,260,226
strict,low,Wed,2,100,0.030492627149347775,0.042810567443786064,260,226
strict,low,Wed,2,200,0.11627024440146635,0.14092943824876447,260,226
strict,low,Wed,2,300,0.24736011725246504,0.28277744714984343,260,226
strict,low,Wed,2,400,0.39707542174239624,0.439904779154915,260,226
strict,low,Wed,3,100,0.030492627149347775,0.042810567443786064,260,226
strict,low,Wed,3,200,0.11627024440146635,0.14092943824876447,260,226
strict,low,Wed,3,300,0.24736011725246504,0.28277744714984343,260,226
strict,low,Wed,3,400,0.39707542174239624,0.439904779154915,260,226
strict,low,Wed,4,100,0.03166406182305836,0.045941470230548294,264,230
strict,low,Wed,4,200,0.11848532391275347,0.14437084379123866,264,230
strict,low,Wed,4,300,0.2490179375686572,0.2843170233135819,264,230
strict,low,Wed,4,400,0.39842714356555,0.4409139131109789,264,230
strict,low,Wed,5,100,0.03166406182305836,0.045941470230548294,264,230
strict,low,Wed,5,200,0.11848532391275347,0.14437084379123866,264,230
strict,low,Wed,5,300,0.2490179375686572,0.2843170233135819,264,230
strict,low,Wed,5,400,0.39842714356555,0.4409139131109789,264,230
strict,low,Wed,6,100,0.03195665779273666,0.04621316014179626,269,234
strict,low,Wed,6,200,0.11964243750144349,0.1456257924289078,269,234
strict,low,Wed,6,300,0.2515372735064006,0.28682692058892023,269,234
strict,low,Wed,6,400,0.4020406437011943,0.4439542525939918,269,234
strict,low,Wed,7,100,0.03453629708654064,0.05034025926980102,304,259
strict,low,Wed,7,200,0.12925089446949092,0.1581752788055994,304,259
strict,low,Wed,7,300,0.271113604043235,0.31047688048231425,304,259
strict,low,Wed,7,400,0.42571335719878495,0.47129143271146534,304,259
strict,low,Wed,8,100,0.0425134778113145,0.06061272543793826,396,336
strict,low,Wed,8,200,0.15812060114516283,0.19044169017000026,396,336
strict,low,Wed,8,300,0.3246584009787885,0.36857970864491424,396,336
strict,low,Wed,8,400,0.49458960212600356,0.545501591326623,396,336
strict,low,Wed,9,100,0.04870256526762176,0.06860817139752115,462,393
strict,low,Wed,9,200,0.18206505821769423,0.21783062074675913,462,393
strict,low,Wed,9,300,0.3661452093075446,0.41355085776386263,462,393
strict,low,Wed,9,400,0.5438428303359097,0.5989986286128289,462,393
strict,low,Wed,10,100,0.26631422642913277,0.3438947395658136,3190,2851
strict,low,Wed,10,200,0.6423570889693498,0.7196160115921029,3190,2851
strict,low,Wed,10,300,0.8263854510174736,0.884609413408544,3190,2851
strict,low,Wed,10,400,0.895977522129976,0.9417548580743654,3190,2851
strict,low,Wed,11,100,0.26631422642913277,0.3438947395658136,3189,2851
strict,low,Wed,11,200,0.6423570889693498,0.7196160115921029,3189,2851
strict,low,Wed,11,300,0.8263854510174736,0.884609413408544,3189,2851
strict,low,Wed,11,400,0.895977522129976,0.9417548580743654,3189,2851
strict,low,Wed,12,100,0.26518937431903755,0.3425621652392165,3160,2826
strict,low,Wed,12,200,0.6417612108209529,0.7191631950733562,3160,2826
strict,low,Wed,12,300,0.8260697825565125,0.8844412244158667,3160,2826
strict,low,Wed,12,400,0.8958246214346489,0.9417031076150801,3160,2826
strict,low,Wed,13,100,0.2653422150408913,0.34270447900225115,3175,2837
strict,low,Wed,13,200,0.6413718550974409,0.7187880042435376,3175,2837
strict,low,Wed,13,300,0.825927976181025,0.8841565968897974,3175,2837
strict,low,Wed,13,400,0.8958771852772873,0.9416642947706161,3175,2837
strict,low,Wed,14,100,0.2664327595758608,0.3439594276399203,3191,2852
strict,low,Wed,14,200,0.6426678724121921,0.7199653271922788,3191,2852
strict,low,Wed,14,300,0.8264657690985314,0.884609413408544,3191,2852
strict,low,Wed,14,400,0.8959950117109272,0.9417677956891868,3191,2852
strict,low,Wed,15,100,0.2664874856391567,0.34407586617331226,3190,2852
strict,low,Wed,15,200,0.6425461383088872,0.7198488886588869,3190,2852
strict,low,Wed,15,300,0.8262157713355864,0.8845188501047947,3190,2852
strict,low,Wed,15,400,0.8958659368551676,0.9416772323854374,3190,2852
strict,low,Wed,16,100,0.2660084240310729,0.34344192304706705,3174,2837
strict,low,Wed,16,200,0.6418483001784883,0.719072631769607,3174,2837
strict,low,Wed,16,300,0.8259577474314709,0.8843765363417601,3174,2837
strict,low,Wed,16,400,0.8957463702341167,0.9416384195409734,3174,2837
strict,low,Wed,17,100,0.04535680900443291,0.06418350712862576,416,355
strict,low,Wed,17,200,0.1697492831090831,0.2038321215100784,416,355
strict,low,Wed,17,300,0.3439876637816535,0.3900690868631459,416,355
strict,low,Wed,17,400,0.5168628005718428,0.5695784925091211,416,355
strict,low,Wed,18,100,0.0403129649163257,0.057766450177245326,354,307
strict,low,Wed,18,200,0.14962495709209242,0.18089373043185758,354,307
strict,low,Wed,18,300,0.30758352214294477,0.35067404973219135,354,307
strict,low,Wed,18,400,0.47344204346582347,0.5234817709007168,354,307
strict,low,Wed,19,100,0.03659689462315765,0.0521385877299661,313,273
strict,low,Wed,19,200,0.13552053135784164,0.1643335834605532,313,273
strict,low,Wed,19,300,0.2820045958309354,0.32288405309597124,313,273
strict,low,Wed,19,400,0.4436382194914758,0.4932077522188009,313,273
strict,low,Wed,20,100,0.033930858356453944,0.04864543172820659,288,251
strict,low,Wed,20,200,0.12764945444321854,0.1547209356483039,288,251
strict,low,Wed,20,300,0.2695531134155411,0.3063885941987735,288,251
strict,low,Wed,20,400,0.427229513238622,0.47134318317075063,288,251
strict,low,Wed,21,100,0.03317571913937516,0.04790798768339069,280,245
strict,low,Wed,21,200,0.12471637092214602,0.15191347323207494,280,245
strict,low,Wed,21,300,0.26301994507124404,0.3000621005511424,280,245
strict,low,Wed,21,400,0.41953251226178045,0.463981680337413,280,245
strict,low,Wed,22,100,0.03232982145646751,0.04689885372732683,271,236
strict,low,Wed,22,200,0.1214561221516679,0.1480063135560328,271,236
strict,low,Wed,22,300,0.2558029438026183,0.2917690894506689,271,236
strict,low,Wed,22,400,0.40971395711386016,0.45367040132481173,271,236
strict,low,Wed,23,100,0.032105135508026836,0.0466401014309002,267,233
strict,low,Wed,23,200,0.12016086847220915,0.146647863999793,267,233
strict,low,Wed,23,300,0.2526644640344579,0.28885812611586925,267,233
strict,low,Wed,23,400,0.4049997809102754,0.449349237974487,267,233
strict,low,Thu,0,100,0.03192286974235014,0.046420161978937564,265,231
strict,low,Thu,0,200,0.1193281773296033,0.14575516857712112,265,231
strict,low,Thu,0,300,0.2507266369388815,0.2868916086630269,265,231
strict,low,Thu,0,400,0.4013727746921193,0.44514451315755427,265,231
strict,low,Thu,1,100,0.030751435068639563,0.04328925919217533,261,227
strict,low,Thu,1,200,0.11711309781831619,0.14231376303464693,261,227
strict,low,Thu,1,300,0.2490688166226893,0.2853520324992884,261,227
strict,low,Thu,1,400,0.40002105286896555,0.44413537920149043,261,227
strict,low,Thu,2,100,0.030492627149347775,0.042810567443786064,260,226
strict,low,Thu,2,200,0.11627024440146635,0.14092943824876447,260,226
strict,low,Thu,2,300,0.24736011725246504,0.28277744714984343,260,226
strict,low,Thu,2,400,0.39707542174239624,0.439904779154915,260,226
strict,low,Thu,3,100,0.030492627149347775,0.042810567443786064,260,226
strict,low,Thu,3,200,0.11627024440146635,0.14092943824876447,260,226
strict,low,Thu,3,300,0.24736011725246504,0.28277744714984343,260,226
strict,low,Thu,3,400,0.39707542174239624,0.439904779154915,260,226
strict,low,Thu,4,100,0.03166406182305836,0.045941470230548294,264,230
strict,low,Thu,4,200,0.11848532391275347,0.14437084379123866,264,230
strict,low,Thu,4,300,0.2490179375686572,0.2843170233135819,264,230
strict,low,Thu,4,400,0.39842714356555,0.4409139131109789,264,230
strict,low,Thu,5,100,0.03166406182305836,0.045941470230548294,264,230
strict,low,Thu,5,200,0.11848532391275347,0.14437084379123866,264,230
strict,low,Thu,5,300,0.2490179375686572,0.2843170233135819,264,230
strict,low,Thu,5,400,0.39842714356555,0.4409139131109789,264,230
strict,low,Thu,6,100,0.03195665779273666,0.04621316014179626,269,234
strict,low,Thu,6,200,0.11964243750144349,0.1456257924289078,269,234
strict,low,Thu,6,300,0.2515372735064006,0.28682692058892023,269,234
strict,low,Thu,6,400,0.4020406437011943,0.4439542525939918,269,234
strict,low,Thu,7,100,0.03475481717551888,0.050637824410691645,305,260
strict,low,Thu,7,200,0.12995203012952375,0.15893859808005795,305,260
strict,low,Thu,7,300,0.27216217130373316,0.3114989520531995,305,260
strict,low,Thu,7,400,0.42720018977445623,0.47294744740859573,305,260
strict,low,Thu,8,100,0.042810519841610876,0.061013791497399536,399,338
strict,low,Thu,8,200,0.1588473432628611,0.1912050094444588,399,338
strict,low,Thu,8,300,0.3256929945052223,0.3696017802157994,399,338
strict,low,Thu,8,400,0.49596946766254574,0.5470152922607188,399,338
strict,low,Thu,9,100,0.0490608616702509,0.0690351126866251,466,396
strict,low,Thu,9,200,0.1831499721142499,0.2189303180065723,466,396
strict,low,Thu,9,300,0.3674826369095902,0.4146764302533185,466,396
strict,low,Thu,9,400,0.5452953271702661,0.6005640800062101,466,396
strict,low,Thu,10,100,0.2663057963552937,0.343791238647243,3189,2848
strict,low,Thu,10,200,0.6430747623976275,0.7206768960074521,3189,2848
strict,low,Thu,10,300,0.8265503436201718,0.8845835381789013,3189,2848
strict,low,Thu,10,400,0.8959933505920945,0.9417677956891868,3189,2848
strict,low,Thu,11,100,0.2663057963552937,0.343791238647243,3188,2848
strict,low,Thu,11,200,0.6430747623976275,0.7206768960074521,3188,2848
strict,low,Thu,11,300,0.8265503436201718,0.8845835381789013,3188,2848
strict,low,Thu,11,400,0.8959933505920945,0.9417677956891868,3188,2848
strict,low,Thu,12,100,0.2651809442451985,0.34245866432064587,3159,2823
strict,low,Thu,12,200,0.6424765382296224,0.7202240794887055,3159,2823
strict,low,Thu,12,300,0.8262346751592108,0.884415349186224,3159,2823
strict,low,Thu,12,400,0.8958404498967675,0.9417160452299014,3159,2823
strict,low,Thu,13,100,0.26535764274528556,0.3426397909281445,3175,2835
strict,low,Thu,13,200,0.6421158612331879,0.7198488886588869,3175,2835
strict,low,Thu,13,300,0.8260928687837232,0.8841307216601547,3175,2835
strict,low,Thu,13,400,0.8958930137394057,0.9416772323854374,3175,2835
strict,low,Thu,14,100,0.2662726360534019,0.343713612958315,3189,2848
strict,low,Thu,14,200,0.6429237969880899,0.7205345822444175,3189,2848
strict,low,Thu,14,300,0.8265465155048061,0.88457060056408,3189,2848
strict,low,Thu,14,400,0.8959933505920945,0.9417677956891868,3189,2848
strict,low,Thu,15,100,0.26621306526217753,0.343674800113851,3187,2847
strict,low,Thu,15,200,0.6426232285070036,0.7202499547183481,3187,2847
strict,low,Thu,15,300,0.8262926896264956,0.8844670996455094,3187,2847
strict,low,Thu,15,400,0.8958642757363349,0.9416772323854374,3187,2847
strict,low,Thu,16,100,0.2657340036540937,0.3430408569876058,3171,2832
strict,low,Thu,16,200,0.6419123804709804,0.7194736978290682,3171,2832
strict,low,Thu,16,300,0.82603466572238,0.8843247858824748,3171,2832
strict,low,Thu,16,400,0.895744709115284,0.9416384195409734,3171,2832
strict,low,Thu,17,100,0.045369513984018554,0.06426113281755376,418,356
strict,low,Thu,17,200,0.16973812522159848,0.20420731233989703,418,356
strict,low,Thu,17,300,0.3435592075068589,0.3899397107149326,418,356
strict,low,Thu,17,400,0.5157727714725424,0.5684658576344865,418,356
strict,low,Thu,18,100,0.0402405577453453,0.05777938779206666,354,306
strict,low,Thu,18,200,0.1491461374945309,0.18073847905400162,354,306
strict,low,Thu,18,300,0.3066016034526388,0.3502212332134448,354,306
strict,low,Thu,18,400,0.47165732385562525,0.5215281910626957,354,306
strict,low,Thu,19,100,0.036317120161846635,0.051815147359432816,311,271
strict,low,Thu,19,200,0.1343983873091279,0.1631045100525267,311,271
strict,low,Thu,19,300,0.2803360045395485,0.3213962273915181,311,271
strict,low,Thu,19,400,0.441823386509622,0.49124123476595855,311,271
strict,low,Thu,20,100,0.033930858356453944,0.04864543172820659,288,251
strict,low,Thu,20,200,0.12764945444321854,0.1547209356483039,288,251
strict,low,Thu,20,300,0.2695531134155411,0.3063885941987735,288,251
strict,low,Thu,20,400,0.427229513238622,0.47134318317075063,288,251
strict,low,Thu,21,100,0.03317571913937516,0.04790798768339069,281,245
strict,low,Thu,21,200,0.12471637092214602,0.15191347323207494,281,245
strict,low,Thu,21,300,0.26301994507124404,0.3000621005511424,281,245
strict,low,Thu,21,400,0.41953251226178045,0.463981680337413,281,245
strict,low,Thu,22,100,0.03232982145646751,0.04689885372732683,271,236
strict,low,Thu,22,200,0.1214561221516679,0.1480063135560328,271,236
strict,low,Thu,22,300,0.2558029438026183,0.2917690894506689,271,236
strict,low,Thu,22,400,0.40971395711386016,0.45367040132481173,271,236
strict,low,Thu,23,100,0.032105135508026836,0.0466401014309002,267,233
strict,low,Thu,23,200,0.12016086847220915,0.146647863999793,267,233
strict,low,Thu,23,300,0.2526644640344579,0.28885812611586925,267,233
strict,low,Thu,23,400,0.4049997809102754,0.449349237974487,267,233
strict,low,Fri,0,100,0.03192286974235014,0.046420161978937564,265,231
strict,low,Fri,0,200,0.1193281773296033,0.14575516857712112,265,231
strict,low,Fri,0,300,0.2507266369388815,0.2868916086630269,265,231
strict,low,Fri,0,400,0.4013727746921193,0.44514451315755427,265,231
strict,low,Fri,1,100,0.030751435068639563,0.04328925919217533,261,227
strict,low,Fri,1,200,0.11711309781831619,0.14231376303464693,261,227
strict,low,Fri,1,300,0.2490688166226893,0.2853520324992884,261,227
strict,low,Fri,1,400,0.40002105286896555,0.44413537920149043,261,227
strict,low,Fri,2,100,0.030492627149347775,0.042810567443786064,260,226
strict,low,Fri,2,200,0.11627024440146635,0.14092943824876447,260,226
strict,low,Fri,2,300,0.24736011725246504,0.28277744714984343,260,226
strict,low,Fri,2,400,0.39707542174239624,0.439904779154915,260,226
strict,low,Fri,3,100,0.030492627149347775,0.042810567443786064,260,226
strict,low,Fri,3,200,0.11627024440146635,0.14092943824876447,260,226
strict,low,Fri,3,300,0.24736011725246504,0.28277744714984343,260,226
strict,low,Fri,3,400,0.39707542174239624,0.439904779154915,260,226
strict,low,Fri,4,100,0.03166406182305836,0.045941470230548294,264,230
strict,low,Fri,4,200,0.11848532391275347,0.14437084379123866,264,230
strict,low,Fri,4,300,0.2490179375686572,0.2843170233135819,264,230
strict,low,Fri,4,400,0.39842714356555,0.4409139131109789,264,230
strict,low,Fri,5,100,0.03166406182305836,0.045941470230548294,264,230
strict,low,Fri,5,200,0.11848532391275347,0.14437084379123866,264,230
strict,low,Fri,5,300,0.2490179375686572,0.2843170233135819,264,230
strict,low,Fri,5,400,0.39842714356555,0.4409139131109789,264,230
strict,low,Fri,6,100,0.03195665779273666,0.04621316014179626,269,234
strict,low,Fri,6,200,0.11964243750144349,0.1456257924289078,269,234
strict,low,Fri,6,300,0.2515372735064006,0.28682692058892023,269,234
strict,low,Fri,6,400,0.4020406437011943,0.4439542525939918,269,234
strict,low,Fri,7,100,0.03475481717551888,0.050637824410691645,305,260
strict,low,Fri,7,200,0.12995203012952375,0.15893859808005795,305,260
strict,low,Fri,7,300,0.27216217130373316,0.3114989520531995,305,260
strict,low,Fri,7,400,0.42720018977445623,0.47294744740859573,305,260
strict,low,Fri,8,100,0.042810519841610876,0.061013791497399536,399,338
strict,low,Fri,8,200,0.1588473432628611,0.1912050094444588,399,338
strict,low,Fri,8,300,0.3256929945052223,0.3696017802157994,399,338
strict,low,Fri,8,400,0.49596946766254574,0.5470152922607188,399,338
strict,low,Fri,9,100,0.048868795736805255,0.06873754754573447,464,394
strict,low,Fri,9,200,0.18249193859952714,0.21807643542836444,464,394
strict,low,Fri,9,300,0.36680726427086313,0.41387429813439597,464,394
strict,low,Fri,9,400,0.5452155040969093,0.600447641472818,464,394
strict,low,Fri,10,100,0.26670428857961337,0.3444510570031309,3192,2852
strict,low,Fri,10,200,0.6430012043453119,0.7205992703185241,3192,2852
strict,low,Fri,10,300,0.8260740235098901,0.884337723497296,3192,2852
strict,low,Fri,10,400,0.8959521102224025,0.9417677956891868,3192,2852
strict,low,Fri,11,100,0.26670428857961337,0.3444510570031309,3191,2852
strict,low,Fri,11,200,0.6430012043453119,0.7205992703185241,3191,2852
strict,low,Fri,11,300,0.8260740235098901,0.884337723497296,3191,2852
strict,low,Fri,11,400,0.8959521102224025,0.9417677956891868,3191,2852
strict,low,Fri,12,100,0.2655400108782029,0.3430796698320698,3162,2827
strict,low,Fri,12,200,0.6423888060492788,0.7201464537997775,3162,2827
strict,low,Fri,12,300,0.825758355048929,0.8841695345046188,3162,2827
strict,low,Fri,12,400,0.8957992095270756,0.9417160452299014,3162,2827
strict,low,Fri,13,100,0.2657025712975436,0.34324785882474707,3177,2838
strict,low,Fri,13,200,0.6420257830332363,0.7197712629699589,3177,2838
strict,low,Fri,13,300,0.8256165486734416,0.8838849069785495,3177,2838
strict,low,Fri,13,400,0.8958517733697139,0.9416772323854374,3177,2838
strict,low,Fri,14,100,0.26651444839287664,0.34423111755116825,3190,2850
strict,low,Fri,14,200,0.6428332741239763,0.7204569565554895,3190,2850
strict,low,Fri,14,300,0.8260701953945244,0.8843247858824748,3190,2850
strict,low,Fri,14,400,0.8959521102224025,0.9417677956891868,3190,2850
strict,low,Fri,15,100,0.2664548776016522,0.34419230470670426,3187,2849
strict,low,Fri,15,200,0.6425327056428901,0.7201723290294202,3187,2849
strict,low,Fri,15,300,0.8258163695162138,0.8842212849639041,3187,2849
strict,low,Fri,15,400,0.895823035366643,0.9416772323854374,3187,2849
strict,low,Fri,16,100,0.26588541186119674,0.3435066111211737,3167,2831
strict,low,Fri,16,200,0.6418286269189041,0.7193960721401402,3167,2831
strict,low,Fri,16,300,0.8255583456120983,0.8840789712008694,3167,2831
strict,low,Fri,16,400,0.8957034687455921,0.9416384195409734,3167,2831
strict,low,Fri,17,100,0.044658023230565266,0.0632131860170259,411,350
strict,low,Fri,17,200,0.16655732026021827,0.19996377467850027,411,350
strict,low,Fri,17,300,0.3387508912290094,0.384881103319792,411,350
strict,low,Fri,17,400,0.5111104516705103,0.5634848759282739,411,350
strict,low,Fri,18,100,0.04008412669166516,0.05748182265117603,352,306
strict,low,Fri,18,200,0.14865221156837774,0.17984578363132972,352,306
strict,low,Fri,18,300,0.3062902661657423,0.34960022770202087,352,306
strict,low,Fri,18,400,0.472148457398214,0.522084508500013,352,306
strict,low,Fri,19,100,0.03636805639849709,0.05185396020389681,312,272
strict,low,Fri,19,200,0.134547785834127,0.16328563666002535,312,272
strict,low,Fri,19,300,0.2807113398537329,0.3218102310658007,312,272
strict,low,Fri,19,400,0.44239763547665706,0.4918363650477398,312,272
strict,low,Fri,20,100,0.033930858356453944,0.04864543172820659,288,251
strict,low,Fri,20,200,0.12764945444321854,0.1547209356483039,288,251
strict,low,Fri,20,300,0.2695531134155411,0.3063885941987735,288,251
strict,low,Fri,20,400,0.427229513238622,0.47134318317075063,288,251
strict,low,Fri,21,100,0.03317571913937516,0.04790798768339069,281,245
strict,low,Fri,21,200,0.12471637092214602,0.15191347323207494,281,245
strict,low,Fri,21,300,0.26301994507124404,0.3000621005511424,281,245
strict,low,Fri,21,400,0.41953251226178045,0.463981680337413,281,245
strict,low,Fri,22,100,0.03232982145646751,0.04689885372732683,271,236
strict,low,Fri,22,200,0.1214561221516679,0.1480063135560328,271,236
strict,low,Fri,22,300,0.2558029438026183,0.2917690894506689,271,236
strict,low,Fri,22,400,0.40971395711386016,0.45367040132481173,271,236
strict,low,Fri,23,100,0.032105135508026836,0.0466401014309002,267,233
strict,low,Fri,23,200,0.12016086847220915,0.146647863999793,267,233
strict,low,Fri,23,300,0.2526644640344579,0.28885812611586925,267,233
strict,low,Fri,23,400,0.4049997809102754,0.449349237974487,267,233
strict,low,Sat,0,100,0.030961323393610535,0.045152275726447075,257,223
strict,low,Sat,0,200,0.11583714229771842,0.14171863275286567,257,223
strict,low,Sat,0,300,0.24314265711588043,0.27843040856987605,257,223
strict,low,Sat,0,400,0.39078420634310074,0.4333454084404999,257,223
strict,low,Sat,1,100,0.02978988871989996,0.04202137293968484,253,219
strict,low,Sat,1,200,0.11362206278643132,0.13827722721039148,253,219
strict,low,Sat,1,300,0.2414848367996883,0.2768908324061376,253,219
strict,low,Sat,1,400,0.389432484519947,0.43233627448443607,253,219
strict,low,Sat,2,100,0.029531080800608175,0.041542681191295575,252,218
strict,low,Sat,2,200,0.11277920936958148,0.13689290242450902,252,218
strict,low,Sat,2,300,0.239776137429464,0.2743162470566926,252,218
strict,low,Sat,2,400,0.3864868533933776,0.42810567443786063,252,218
strict,low,Sat,3,100,0.029531080800608175,0.041542681191295575,252,218
strict,low,Sat,3,200,0.11277920936958148,0.13689290242450902,252,218
strict,low,Sat,3,300,0.239776137429464,0.2743162470566926,252,218
strict,low,Sat,3,400,0.3864868533933776,0.42810567443786063,252,218
strict,low,Sat,4,100,0.03070251547431875,0.044673583978057804,256,222
strict,low,Sat,4,200,0.11499428888086859,0.1403343079669832,256,222
strict,low,Sat,4,300,0.24143395774565615,0.27585582322043106,256,222
strict,low,Sat,4,400,0.38783857521653137,0.4291148083939245,256,222
strict,low,Sat,5,100,0.03070251547431875,0.044673583978057804,256,222
strict,low,Sat,5,200,0.11499428888086859,0.1403343079669832,256,222
strict,low,Sat,5,300,0.24143395774565615,0.27585582322043106,256,222
strict,low,Sat,5,400,0.38783857521653137,0.4291148083939245,256,222
strict,low,Sat,6,100,0.030735571279622672,0.04473827205216446,257,223
strict,low,Sat,6,200,0.11529102449480012,0.14064481072269516,257,223
strict,low,Sat,6,300,0.24230801944742447,0.2766579553393536,257,223
strict,low,Sat,6,400,0.3895214422347429,0.43062850932802027,257,223
strict,low,Sat,7,100,0.031205477379590337,0.04538515279323104,262,227
strict,low,Sat,7,200,0.11695185071086618,0.14294770616089217,262,227
strict,low,Sat,7,300,0.24631473997976627,0.28170362511967295,262,227
strict,low,Sat,7,400,0.39566479902991325,0.43852045436903253,262,227
strict,low,Sat,8,100,0.03240294418606944,0.04696354180143349,280,241
strict,low,Sat,8,200,0.120972721308777,0.14649261262193702,280,241
strict,low,Sat,8,300,0.2547067196727592,0.2898155096126478,280,241
strict,low,Sat,8,400,0.4092972676688189,0.4511863792791161,280,241
strict,low,Sat,9,100,0.03381090537024605,0.04854193080963594,294,254
strict,low,Sat,9,200,0.1268566814472536,0.15275441819546148,294,254
strict,low,Sat,9,300,0.2679823595446338,0.3032188785675473,294,254
strict,low,Sat,9,400,0.42921284606773263,0.471317307941108,294,254
strict,low,Sat,10,100,0.07531037304106854,0.10303516443708438,704,611
strict,low,Sat,10,200,0.25500461763706295,0.3018345537816648,704,611
strict,low,Sat,10,300,0.47180227415888926,0.5268973012135483,704,611
strict,low,Sat,10,400,0.657714999359726,0.7121510078401946,704,611
strict,low,Sat,11,100,0.07531037304106854,0.10303516443708438,704,611
strict,low,Sat,11,200,0.25500461763706295,0.3018345537816648,704,611
strict,low,Sat,11,300,0.47180227415888926,0.5268973012135483,704,611
strict,low,Sat,11,400,0.657714999359726,0.7121510078401946,704,611
strict,low,Sat,12,100,0.07473199898307532,0.10241415892566047,696,606
strict,low,Sat,12,200,0.25369330869208734,0.3005407922995317,696,606
strict,low,Sat,12,300,0.47099705526762414,0.526224545242839,696,606
strict,low,Sat,12,400,0.6566154710305182,0.7113747509509147,696,606
strict,low,Sat,13,100,0.07455284364944877,0.10219421947369783,695,605
strict,low,Sat,13,200,0.2530663391785551,0.2999974124770357,695,605
strict,low,Sat,13,300,0.46996167622806007,0.5251119103682045,695,605
strict,low,Sat,13,400,0.6557514146230529,0.7105079307578854,695,605
strict,low,Sat,14,100,0.07483293931933661,0.10241415892566047,698,608
strict,low,Sat,14,200,0.25380217280207756,0.3006054803736383,698,608
strict,low,Sat,14,300,0.4704240923177507,0.5253577250498098,698,608
strict,low,Sat,14,400,0.6560890169265291,0.7108184335135974,698,608
strict,low,Sat,15,100,0.07505145940831484,0.10271172406655109,699,609
strict,low,Sat,15,200,0.25450264077430046,0.3013687996480969,699,609
strict,low,Sat,15,300,0.4711936376123627,0.5261598571687324,699,609
strict,low,Sat,15,400,0.6567588008418894,0.7115688151732347,699,609
strict,low,Sat,16,100,0.07505145940831484,0.10271172406655109,699,609
strict,low,Sat,16,200,0.25450264077430046,0.3013687996480969,699,609
strict,low,Sat,16,300,0.4711936376123627,0.5261598571687324,699,609
strict,low,Sat,16,400,0.6567588008418894,0.7115688151732347,699,609
strict,low,Sat,17,100,0.034661382710730194,0.049564002380521124,294,257
strict,low,Sat,17,200,0.12865405464242483,0.1552643154707998,294,257
strict,low,Sat,17,300,0.2690717769689736,0.3049395813387844,294,257
strict,low,Sat,17,400,0.4294404036698402,0.4721453152896732,294,257
strict,low,Sat,18,100,0.033600889923143445,0.04833492897249463,284,248
strict,low,Sat,18,200,0.12484535173322182,0.15117602918725903,284,248
strict,low,Sat,18,300,0.26189975697623874,0.2975263280461614,284,248
strict,low,Sat,18,400,0.41993110977436643,0.4624938546329599,284,248
strict,low,Sat,19,100,0.032209240852153376,0.04657541335679354,269,235
strict,low,Sat,19,200,0.11900876253221349,0.14491422361373457,269,235
strict,low,Sat,19,300,0.2487170753477459,0.2843428985432246,269,235
strict,low,Sat,19,400,0.4004885821480994,0.4433979351566745,269,235
strict,low,Sat,20,100,0.031757355462974396,0.04598028307501229,265,231
strict,low,Sat,20,200,0.11922411264385488,0.1451341630656972,265,231
strict,low,Sat,20,300,0.2511932127767986,0.2864905426035656,265,231
strict,low,Sat,20,400,0.40351842939949967,0.4462700856470101,265,231
strict,low,Sat,21,100,0.03142429718408114,0.045669780319300336,263,229
strict,low,Sat,21,200,0.11789472883867116,0.14384040158356406,263,229
strict,low,Sat,21,300,0.24796068568187882,0.28326907651305405,263,229
strict,low,Sat,21,400,0.3987430245414547,0.4415478562372241,263,229
strict,low,Sat,22,100,0.031158940884082425,0.04538515279323104,260,226
strict,low,Sat,22,200,0.11683574625677376,0.14280539239785753,260,226
strict,low,Sat,22,300,0.24567689890892883,0.28092736823039305,260,226
strict,low,Sat,22,400,0.3956971258465313,0.43870158097653117,260,226
strict,low,Sat,23,100,0.031143589159287235,0.04537221517840971,259,225
strict,low,Sat,23,200,0.11666983344032428,0.14261132817553757,259,225
strict,low,Sat,23,300,0.24508048421145687,0.28039692602271843,259,225
strict,low,Sat,23,400,0.39441121256125683,0.43755013325743264,259,225
strict,low,Sun,0,100,0.03065067421028025,0.044647708748415144,255,222
strict,low,Sun,0,200,0.11503652945748095,0.14065774833751649,255,222
strict,low,Sun,0,300,0.24246348890279232,0.27761533883613215,255,222
strict,low,Sun,0,400,0.39017635000155987,0.432530338706756,255,222
strict,low,Sun,1,100,0.02947923953656968,0.04151680596165291,251,218
strict,low,Sun,1,200,0.11282144994619384,0.1372163427950423,251,218
strict,low,Sun,1,300,0.24080566858660016,0.2760757626723937,251,218
strict,low,Sun,1,400,0.38882462817840613,0.43152120475069217,251,218
strict,low,Sun,2,100,0.02922043161727789,0.04103811421326364,250,217
strict,low,Sun,2,200,0.11197859652934401,0.13583201800915984,250,217
strict,low,Sun,2,300,0.23909696921637588,0.27350117732294876,250,217
strict,low,Sun,2,400,0.38587899705183676,0.4272906047041167,250,217
strict,low,Sun,3,100,0.02922043161727789,0.04103811421326364,250,217
strict,low,Sun,3,200,0.11197859652934401,0.13583201800915984,250,217
strict,low,Sun,3,300,0.23909696921637588,0.27350117732294876,250,217
strict,low,Sun,3,400,0.38587899705183676,0.4272906047041167,250,217
strict,low,Sun,4,100,0.03039186629098847,0.04416901700002587,254,221
strict,low,Sun,4,200,0.11419367604063112,0.13927342355163402,254,221
strict,low,Sun,4,300,0.24075478953256807,0.2750407534866872,254,221
strict,low,Sun,4,400,0.3872307188749905,0.4282997386601806,254,221
strict,low,Sun,5,100,0.03039186629098847,0.04416901700002587,254,221
strict,low,Sun,5,200,0.11419367604063112,0.13927342355163402,254,221
strict,low,Sun,5,300,0.24075478953256807,0.2750407534866872,254,221
strict,low,Sun,5,400,0.3872307188749905,0.4282997386601806,254,221
strict,low,Sun,6,100,0.03039186629098847,0.04416901700002587,254,221
strict,low,Sun,6,200,0.11419367604063112,0.13927342355163402,254,221
strict,low,Sun,6,300,0.24075478953256807,0.2750407534866872,254,221
strict,low,Sun,6,400,0.3872307188749905,0.4282997386601806,254,221
strict,low,Sun,7,100,0.03071218183196403,0.044699459207700465,257,224
strict,low,Sun,7,200,0.11533160527199125,0.14100706393769244,257,224
strict,low,Sun,7,300,0.2436463453938227,0.27863741040701734,257,224
strict,low,Sun,7,400,0.3925370955770172,0.4349367350635237,257,224
strict,low,Sun,8,100,0.030901837108820586,0.04493233627448444,262,228
strict,low,Sun,8,200,0.11615119298513166,0.14169275752322302,262,228
strict,low,Sun,8,300,0.24649163578472585,0.2814060599787823,262,228
strict,low,Sun,8,400,0.39908134194737405,0.4411079773332988,262,228
strict,low,Sun,9,100,0.03182268082538437,0.04599322068983362,270,236
strict,low,Sun,9,200,0.11965620990844325,0.1452506015990892,270,236
strict,low,Sun,9,300,0.25377527443442344,0.2884829352860507,270,236
strict,low,Sun,9,400,0.409981295249997,0.45194969855357464,270,236
strict,low,Sun,10,100,0.06594239310214951,0.09091261934949672,582,519
strict,low,Sun,10,200,0.22656096979588283,0.2707972158252904,582,519
strict,low,Sun,10,300,0.4307764510243677,0.48398323285119155,582,519
strict,low,Sun,10,400,0.6124030381969856,0.6658731596242916,582,519
strict,low,Sun,11,100,0.0660250653690006,0.09092555696431806,583,520
strict,low,Sun,11,200,0.2265612232918168,0.2707972158252904,583,520
strict,low,Sun,11,300,0.4307764510243677,0.48398323285119155,583,520
strict,low,Sun,11,400,0.6124030381969856,0.6658731596242916,583,520
strict,low,Sun,12,100,0.06547285700731115,0.09038217714182213,579,516
strict,low,Sun,12,200,0.22534981848009675,0.2695034543431573,579,516
strict,low,Sun,12,300,0.43009146805431897,0.483375164954589,579,516
strict,low,Sun,12,400,0.6121280137499895,0.6659507853132196,579,516
strict,low,Sun,13,100,0.0652543369183329,0.09008461200093151,577,514
strict,low,Sun,13,200,0.2246493505078738,0.26874013506869876,577,514
strict,low,Sun,13,300,0.42932192275970693,0.48257303283566644,577,514
strict,low,Sun,13,400,0.611458229834629,0.6652004036535825,577,514
strict,low,Sun,14,100,0.06535099385930393,0.09013636246021683,578,515
strict,low,Sun,14,200,0.2250491786040929,0.26903770020958934,578,515
strict,low,Sun,14,300,0.42957772479438566,0.4827800346728077,578,515
strict,low,Sun,14,400,0.6117161472815297,0.6654074054907237,578,515
strict,low,Sun,15,100,0.06535099385930393,0.09013636246021683,578,515
strict,low,Sun,15,200,0.2250491786040929,0.26903770020958934,578,515
strict,low,Sun,15,300,0.42957772479438566,0.4827800346728077,578,515
strict,low,Sun,15,400,0.6117161472815297,0.6654074054907237,578,515
strict,low,Sun,16,100,0.06535099385930393,0.09013636246021683,578,515
strict,low,Sun,16,200,0.2250491786040929,0.26903770020958934,578,515
strict,low,Sun,16,300,0.42957772479438566,0.4827800346728077,578,515
strict,low,Sun,16,400,0.6117161472815297,0.6654074054907237,578,515
strict,low,Sun,17,100,0.03200223857468372,0.04603203353429762,271,237
strict,low,Sun,17,200,0.11869636903023631,0.1443190933319533,271,237
strict,low,Sun,17,300,0.2506251836232866,0.28526146919553913,271,237
strict,low,Sun,17,400,0.4041377283983949,0.44624421041736745,271,237
strict,low,Sun,18,100,0.03184373904438157,0.045850906926798975,269,235
strict,low,Sun,18,200,0.11790322142075034,0.14347814836856676,269,235
strict,low,Sun,18,300,0.2487818296885163,0.28315263797966206,269,235
strict,low,Sun,18,400,0.40117367453725916,0.4428674929489999,269,235
strict,low,Sun,19,100,0.0314386877290082,0.04554040417108702,263,230
strict,low,Sun,19,200,0.11629103859324355,0.14204207312339898,263,230
strict,low,Sun,19,300,0.24464990432938497,0.2798923590446865,263,230
strict,low,Sun,19,400,0.3951358422867898,0.4380676378502859,263,230
strict,low,Sun,20,100,0.030791770001890758,0.04479002251144979,258,225
strict,low,Sun,20,200,0.1157425253707437,0.14126581623411907,258,225
strict,low,Sun,20,300,0.24509949221545654,0.28002173519289986,258,225
strict,low,Sun,20,400,0.39592670749106473,0.4385722048283178,258,225
strict,low,Sun,21,100,0.030791770001890758,0.04479002251144979,258,225
strict,low,Sun,21,200,0.1157425253707437,0.14126581623411907,258,225
strict,low,Sun,21,300,0.24509949221545654,0.28002173519289986,258,225
strict,low,Sun,21,400,0.39592670749106473,0.4385722048283178,258,225
strict,low,Sun,22,100,0.030662664329700457,0.044660646363236474,257,224
strict,low,Sun,22,200,0.11521438158221743,0.1407483116412658,257,224
strict,low,Sun,22,300,0.243750693493192,0.27877972417005203,257,224
strict,low,Sun,22,400,0.3944372530524786,0.43730431857582736,257,224
strict,low,Sun,23,100,0.030647312604905264,0.044647708748415144,256,223
strict,low,Sun,23,200,0.11504846876576792,0.14055424741894584,256,223
strict,low,Sun,23,300,0.24315427879572002,0.2782492819623774,256,223
strict,low,Sun,23,400,0.3931513397672042,0.4361528708567289,256,223
strict_unconditional,low,Mon,0,100,0.029865981370290375,0.044091391311097884,247,215
strict_unconditional,low,Mon,0,200,0.11117893143179447,0.13575439232023184,247,215
strict_unconditional,low,Mon,0,300,0.23447425980666267,0.2689730121354827,247,215
strict_unconditional,low,Mon,0,400,0.3793910331154936,0.4217921184050508,247,215
strict_unconditional,low,Mon,1,100,0.028694546696579802,0.040960488524335655,243,211
strict_unconditional,low,Mon,1,200,0.10896385192050737,0.13231298677775766,243,211
strict_unconditional,low,Mon,1,300,0.23237092956010058,0.26694180660853367,243,211
strict_unconditional,low,Mon,1,400,0.3769544047465065,0.4198514761818511,243,211
strict_unconditional,low,Mon,2,100,0.028435738777288007,0.040481796775946384,242,210
strict_unconditional,low,Mon,2,200,0.10812099850365751,0.13092866199187517,242,210
strict_unconditional,low,Mon,2,300,0.2306622301898763,0.2643672212590887,242,210
strict_unconditional,low,Mon,2,400,0.3740087736199371,0.4156208761352757,242,210
strict_unconditional,low,Mon,3,100,0.028435738777288007,0.040481796775946384,242,210
strict_unconditional,low,Mon,3,200,0.10812099850365751,0.13092866199187517,242,210
strict_unconditional,low,Mon,3,300,0.2306622301898763,0.2643672212590887,242,210
strict_unconditional,low,Mon,3,400,0.3740087736199371,0.4156208761352757,242,210
strict_unconditional,low,Mon,4,100,0.02960717345099859,0.04361269956270862,246,214
strict_unconditional,low,Mon,4,200,0.11033607801494463,0.13437006753434938,246,214
strict_unconditional,low,Mon,4,300,0.2327655604364384,0.2663984267860377,246,214
strict_unconditional,low,Mon,4,400,0.3764454019889243,0.41756151835847544,246,214
strict_unconditional,low,Mon,5,100,0.02960717345099859,0.04361269956270862,246,214
strict_unconditional,low,Mon,5,200,0.11033607801494463,0.13437006753434938,246,214
strict_unconditional,low,Mon,5,300,0.2327655604364384,0.2663984267860377,246,214
strict_unconditional,low,Mon,5,400,0.3764454019889243,0.41756151835847544,246,214
strict_unconditional,low,Mon,6,100,0.02989976942067689,0.04388438947395658,251,218
strict_unconditional,low,Mon,6,200,0.11149319160363466,0.13562501617201853,251,218
strict_unconditional,low,Mon,6,300,0.23528489637418176,0.26890832406137605,251,218
strict_unconditional,low,Mon,6,400,0.3805589570924135,0.4210805495898776,251,218
strict_unconditional,low,Mon,7,100,0.03243912088416732,0.0478303619944627,282,243
strict_unconditional,low,Mon,7,200,0.12104430823712607,0.1476699355706782,282,243
strict_unconditional,low,Mon,7,300,0.25470757462853516,0.2915362123838849,282,243
strict_unconditional,low,Mon,7,400,0.4044204689985464,0.4477449737366419,282,243
strict_unconditional,low,Mon,8,100,0.04054442707362702,0.05819339146634926,373,319
strict_unconditional,low,Mon,8,200,0.1501805295740804,0.180285662535255,373,319
strict_unconditional,low,Mon,8,300,0.30942979772678336,0.35132093047325796,373,319
strict_unconditional,low,Mon,8,400,0.4757072058427129,0.5247625947680286,373,319
strict_unconditional,low,Mon,9,100,0.046139182118144106,0.06547726861075892,432,370
strict_unconditional,low,Mon,9,200,0.172195549477066,0.2056433875850648,432,370
strict_unconditional,low,Mon,9,300,0.3486192479369295,0.394247936450436,432,370
strict_unconditional,low,Mon,9,400,0.5242391040129373,0.5786995109581597,432,370
strict_unconditional,low,Mon,10,100,0.26201512037749064,0.338991383548529,3123,2794
strict_unconditional,low,Mon,10,200,0.6378826176608781,0.7148290941082102,3123,2794
strict_unconditional,low,Mon,10,300,0.8220399612870354,0.8792661784873341,3123,2794
strict_unconditional,low,Mon,10,400,0.8929576565601022,0.9388568323543871,3123,2794
strict_unconditional,low,Mon,11,100,0.26201512037749064,0.338991383548529,3123,2794
strict_unconditional,low,Mon,11,200,0.6378826176608781,0.7148290941082102,3123,2794
strict_unconditional,low,Mon,11,300,0.8220399612870354,0.8792661784873341,3123,2794
strict_unconditional,low,Mon,11,400,0.8929576565601022,0.9388568323543871,3123,2794
strict_unconditional,low,Mon,12,100,0.26101493023269906,0.33778818537014516,3095,2769
strict_unconditional,low,Mon,12,200,0.6372737511959541,0.7143762775894636,3095,2769
strict_unconditional,low,Mon,12,300,0.8217242928260743,0.8790979894946568,3095,2769
strict_unconditional,low,Mon,12,400,0.892804755864775,0.9388050818951018,3095,2769
strict_unconditional,low,Mon,13,100,0.26117042983524585,0.3379304991331798,3110,2781
strict_unconditional,low,Mon,13,200,0.6371798069983012,0.714195150981965,3110,2781
strict_unconditional,low,Mon,13,300,0.8218578061058421,0.8791368023391207,3110,2781
strict_unconditional,low,Mon,13,400,0.8929236929680215,0.9388309571247445,3110,2781
strict_unconditional,low,Mon,14,100,0.2619354318816687,0.3388620074003157,3123,2793
strict_unconditional,low,Mon,14,200,0.637702364064462,0.7146609051155329,3123,2793
strict_unconditional,low,Mon,14,300,0.8220361331716698,0.8792532408725128,3123,2793
strict_unconditional,low,Mon,14,400,0.8929576565601022,0.9388568323543871,3123,2793
strict_unconditional,low,Mon,15,100,0.2618758610904443,0.3388231945558517,3121,2792
strict_unconditional,low,Mon,15,200,0.6374017955833757,0.7143762775894636,3121,2792
strict_unconditional,low,Mon,15,300,0.8217823072933593,0.8791497399539421,3121,2792
strict_unconditional,low,Mon,15,400,0.8928285817043424,0.9387662690506379,3121,2792
strict_unconditional,low,Mon,16,100,0.2613967994823605,0.33818925142960643,3105,2777
strict_unconditional,low,Mon,16,200,0.6367039574529769,0.7136000207001837,3105,2777
strict_unconditional,low,Mon,16,300,0.8215242833892435,0.8790074261909074,3105,2777
strict_unconditional,low,Mon,16,400,0.8927090150832916,0.9387274562061738,3105,2777
strict_unconditional,low,Mon,17,100,0.0421070131115878,0.06021165937847699,383,328
strict_unconditional,low,Mon,17,200,0.15748157543095556,0.18883742593215513,383,328
strict_unconditional,low,Mon,17,300,0.3220854913747342,0.3666908168809998,383,328
strict_unconditional,low,Mon,17,400,0.490207198906473,0.5415168059616529,383,328
strict_unconditional,low,Mon,18,100,0.03759823652307109,0.05450617124226977,327,284
strict_unconditional,low,Mon,18,200,0.13918950158599194,0.16811136698838203,327,284
strict_unconditional,low,Mon,18,300,0.28725832288172415,0.32858954123217843,327,284
strict_unconditional,low,Mon,18,400,0.44713596212991663,0.49549771004217663,327,284
strict_unconditional,low,Mon,19,100,0.034097852458675366,0.04908531063213186,290,253
strict_unconditional,low,Mon,19,200,0.1259347318678648,0.1522627888322509,290,253
strict_unconditional,low,Mon,19,300,0.2630712481517275,0.30152405102595287,290,253
strict_unconditional,low,Mon,19,400,0.41842619663110225,0.46521075374543946,290,253
strict_unconditional,low,Mon,20,100,0.03170850622448416,0.04591559500090563,267,233
strict_unconditional,low,Mon,20,200,0.11897875338525235,0.14367221259088675,267,233
strict_unconditional,low,Mon,20,300,0.2518259305503757,0.2861671022330323,267,233
strict_unconditional,low,Mon,20,400,0.40214171115207487,0.44361787460863716,267,233
strict_unconditional,low,Mon,21,100,0.030953367007405377,0.045178150956089735,261,227
strict_unconditional,low,Mon,21,200,0.1160456698641798,0.1408647501746578,261,227
strict_unconditional,low,Mon,21,300,0.2451946822521091,0.27978885812611587,261,227
strict_unconditional,low,Mon,21,400,0.3937397221503296,0.4353507387378063,261,227
strict_unconditional,low,Mon,22,100,0.030153224342237515,0.0442595803037752,252,219
strict_unconditional,low,Mon,22,200,0.11298894633439323,0.13726809325432762,252,219
strict_unconditional,low,Mon,22,300,0.2384783718973957,0.27207803969260225,252,219
strict_unconditional,low,Mon,22,400,0.3846774910290043,0.42585452945894897,252,219
strict_unconditional,low,Mon,23,100,0.02992853839379685,0.044000828007348565,248,216
strict_unconditional,low,Mon,23,200,0.11169369265493445,0.13590964369808783,248,216
strict_unconditional,low,Mon,23,300,0.23533989212923528,0.2691670763578027,248,216
strict_unconditional,low,Mon,23,400,0.37982103907750064,0.4213263642714829,248,216
strict_unconditional,low,Tue,0,100,0.029792800822050273,0.04383263901467126,247,215
strict_unconditional,low,Tue,0,200,0.1111568298492635,0.1353662638755919,247,215
strict_unconditional,low,Tue,0,300,0.23401259763908716,0.26773100111263487,247,215
strict_unconditional,low,Tue,0,400,0.37709741844143596,0.41814371102543535,247,215
strict_unconditional,low,Tue,1,100,0.0286213661483397,0.04070173622790902,243,211
strict_unconditional,low,Tue,1,200,0.10894175033797639,0.1319248583331177,243,211
strict_unconditional,low,Tue,1,300,0.23235477732289497,0.2661914249488964,243,211
strict_unconditional,low,Tue,1,400,0.3757456966182822,0.4171345770693715,243,211
strict_unconditional,low,Tue,2,100,0.0286213661483397,0.04070173622790902,243,211
strict_unconditional,low,Tue,2,200,0.10894175033797639,0.1319248583331177,243,211
strict_unconditional,low,Tue,2,300,0.23235477732289497,0.2661914249488964,243,211
strict_unconditional,low,Tue,2,400,0.3757456966182822,0.4171345770693715,243,211
strict_unconditional,low,Tue,3,100,0.0286213661483397,0.04070173622790902,243,211
strict_unconditional,low,Tue,3,200,0.10894175033797639,0.1319248583331177,243,211
strict_unconditional,low,Tue,3,300,0.23235477732289497,0.2661914249488964,243,211
strict_unconditional,low,Tue,3,400,0.3757456966182822,0.4171345770693715,243,211
strict_unconditional,low,Tue,4,100,0.029792800822050273,0.04383263901467126,247,215
strict_unconditional,low,Tue,4,200,0.1111568298492635,0.1353662638755919,247,215
strict_unconditional,low,Tue,4,300,0.23401259763908716,0.26773100111263487,247,215
strict_unconditional,low,Tue,4,400,0.37709741844143596,0.41814371102543535,247,215
strict_unconditional,low,Tue,5,100,0.029792800822050273,0.04383263901467126,247,215
strict_unconditional,low,Tue,5,200,0.1111568298492635,0.1353662638755919,247,215
strict_unconditional,low,Tue,5,300,0.23401259763908716,0.26773100111263487,247,215
strict_unconditional,low,Tue,5,400,0.37709741844143596,0.41814371102543535,247,215
strict_unconditional,low,Tue,6,100,0.03008539679172858,0.044104328925919214,252,219
strict_unconditional,low,Tue,6,200,0.11231394343795353,0.13662121251326106,252,219
strict_unconditional,low,Tue,6,300,0.23653193357683053,0.2702408983879732,252,219
strict_unconditional,low,Tue,6,400,0.3812109735449253,0.42166274225683753,252,219
strict_unconditional,low,Tue,7,100,0.03262474825521901,0.04805030144642534,283,244
strict_unconditional,low,Tue,7,200,0.12186506007144493,0.1486661319119207,283,244
strict_unconditional,low,Tue,7,300,0.2559546118311839,0.29286878671048205,283,244
strict_unconditional,low,Tue,7,400,0.40504732006752897,0.4483271664036018,283,244
strict_unconditional,low,Tue,8,100,0.04059932292582761,0.05825807954045592,374,320
strict_unconditional,low,Tue,8,200,0.15049060614544923,0.18051853960203898,374,320
strict_unconditional,low,Tue,8,300,0.31017631368239135,0.3519807488291459,374,320
strict_unconditional,low,Tue,8,400,0.4768001005889165,0.5256423525758791,374,320
strict_unconditional,low,Tue,9,100,0.046515359178936115,0.06593008512950553,437,374
strict_unconditional,low,Tue,9,200,0.17378354891828807,0.20738996558594458,437,374
strict_unconditional,low,Tue,9,300,0.35134989540823053,0.396512019044169,437,374
strict_unconditional,low,Tue,9,400,0.52696168381347,0.5805754651072528,437,374
strict_unconditional,low,Tue,10,100,0.26284038858584685,0.34000051750459287,3128,2801
strict_unconditional,low,Tue,10,200,0.6387568108559554,0.7156053509974901,3128,2801
strict_unconditional,low,Tue,10,300,0.8231889739859475,0.8806246280435739,3128,2801
strict_unconditional,low,Tue,10,400,0.8942056058125305,0.9401247186068776,3128,2801
strict_unconditional,low,Tue,11,100,0.26284038858584685,0.34000051750459287,3128,2801
strict_unconditional,low,Tue,11,200,0.6387568108559554,0.7156053509974901,3128,2801
strict_unconditional,low,Tue,11,300,0.8231889739859475,0.8806246280435739,3128,2801
strict_unconditional,low,Tue,11,400,0.8942056058125305,0.9401247186068776,3128,2801
strict_unconditional,low,Tue,12,100,0.26152275085305093,0.3384221284963904,3097,2774
strict_unconditional,low,Tue,12,200,0.6380428291651352,0.7150749087898155,3097,2774
strict_unconditional,low,Tue,12,300,0.8228706498102427,0.8804564390508965,3097,2774
strict_unconditional,low,Tue,12,400,0.8940527051172035,0.9400729681475923,3097,2774
strict_unconditional,low,Tue,13,100,0.261850760910945,0.3387455688669237,3113,2787
strict_unconditional,low,Tue,13,200,0.6379651848378339,0.7149196574119595,3113,2787
strict_unconditional,low,Tue,13,300,0.8230041630900106,0.8804952518953606,3113,2787
strict_unconditional,low,Tue,13,400,0.8941716422204499,0.9400988433772349,3113,2787
strict_unconditional,low,Tue,14,100,0.2626157629573679,0.3396770771340596,3126,2799
strict_unconditional,low,Tue,14,200,0.6384877419039947,0.7153854115455275,3126,2799
strict_unconditional,low,Tue,14,300,0.8231824901558382,0.8806116904287525,3126,2799
strict_unconditional,low,Tue,14,400,0.8942056058125305,0.9401247186068776,3126,2799
strict_unconditional,low,Tue,15,100,0.26255619216614345,0.3396382642895956,3124,2798
strict_unconditional,low,Tue,15,200,0.6381871734229083,0.7151007840194582,3124,2798
strict_unconditional,low,Tue,15,300,0.8229286642775278,0.880508189510182,3124,2798
strict_unconditional,low,Tue,15,400,0.8940765309567708,0.9400341553031283,3124,2798
strict_unconditional,low,Tue,16,100,0.26207713055805965,0.33900432116335033,3108,2783
strict_unconditional,low,Tue,16,200,0.6374893352925096,0.7143245271301782,3108,2783
strict_unconditional,low,Tue,16,300,0.822670640373412,0.8803658757471473,3108,2783
strict_unconditional,low,Tue,16,400,0.8939569643357199,0.9399953424586643,3108,2783
strict_unconditional,low,Tue,17,100,0.042488378316205326,0.06062566305275959,387,332
strict_unconditional,low,Tue,17,200,0.15895798701542938,0.19068750485160557,387,332
strict_unconditional,low,Tue,17,300,0.32424514024517415,0.3682821435040236,387,332
strict_unconditional,low,Tue,17,400,0.4923647075485069,0.5430434445105701,387,332
strict_unconditional,low,Tue,18,100,0.037797664378157035,0.05467436023494709,329,286
strict_unconditional,low,Tue,18,200,0.14001448411941717,0.16874531011462726,329,286
strict_unconditional,low,Tue,18,300,0.28912699664165953,0.3298962403291329,329,286
strict_unconditional,low,Tue,18,400,0.450010795791096,0.497386601806091,329,286
strict_unconditional,low,Tue,19,100,0.034097852458675366,0.04908531063213186,290,253
strict_unconditional,low,Tue,19,200,0.1259347318678648,0.1522627888322509,290,253
strict_unconditional,low,Tue,19,300,0.2630712481517275,0.30152405102595287,290,253
strict_unconditional,low,Tue,19,400,0.41842619663110225,0.46521075374543946,290,253
strict_unconditional,low,Tue,20,100,0.03170850622448416,0.04591559500090563,267,233
strict_unconditional,low,Tue,20,200,0.11897875338525235,0.14367221259088675,267,233
strict_unconditional,low,Tue,20,300,0.2518259305503757,0.2861671022330323,267,233
strict_unconditional,low,Tue,20,400,0.40214171115207487,0.44361787460863716,267,233
strict_unconditional,low,Tue,21,100,0.030953367007405377,0.045178150956089735,261,227
strict_unconditional,low,Tue,21,200,0.1160456698641798,0.1408647501746578,261,227
strict_unconditional,low,Tue,21,300,0.2451946822521091,0.27978885812611587,261,227
strict_unconditional,low,Tue,21,400,0.3937397221503296,0.4353507387378063,261,227
strict_unconditional,low,Tue,22,100,0.030153224342237515,0.0442595803037752,252,219
strict_unconditional,low,Tue,22,200,0.11298894633439323,0.13726809325432762,252,219
strict_unconditional,low,Tue,22,300,0.2384783718973957,0.27207803969260225,252,219
strict_unconditional,low,Tue,22,400,0.3846774910290043,0.42585452945894897,252,219
strict_unconditional,low,Tue,23,100,0.02992853839379685,0.044000828007348565,248,216
strict_unconditional,low,Tue,23,200,0.11169369265493445,0.13590964369808783,248,216
strict_unconditional,low,Tue,23,300,0.23533989212923528,0.2691670763578027,248,216
strict_unconditional,low,Tue,23,400,0.37982103907750064,0.4213263642714829,248,216
strict_unconditional,low,Wed,0,100,0.029792800822050273,0.04383263901467126,247,215
strict_unconditional,low,Wed,0,200,0.1111568298492635,0.1353662638755919,247,215
strict_unconditional,low,Wed,0,300,0.23401259763908716,0.26773100111263487,247,215
strict_unconditional,low,Wed,0,400,0.37709741844143596,0.41814371102543535,247,215
strict_unconditional,low,Wed,1,100,0.0286213661483397,0.04070173622790902,243,211
strict_unconditional,low,Wed,1,200,0.10894175033797639,0.1319248583331177,243,211
strict_unconditional,low,Wed,1,300,0.23235477732289497,0.2661914249488964,243,211
strict_unconditional,low,Wed,1,400,0.3757456966182822,0.4171345770693715,243,211
strict_unconditional,low,Wed,2,100,0.0286213661483397,0.04070173622790902,243,211
strict_unconditional,low,Wed,2,200,0.10894175033797639,0.1319248583331177,243,211
strict_unconditional,low,Wed,2,300,0.23235477732289497,0.2661914249488964,243,211
strict_unconditional,low,Wed,2,400,0.3757456966182822,0.4171345770693715,243,211
strict_unconditional,low,Wed,3,100,0.0286213661483397,0.04070173622790902,243,211
strict_unconditional,low,Wed,3,200,0.10894175033797639,0.1319248583331177,243,211
strict_unconditional,low,Wed,3,300,0.23235477732289497,0.2661914249488964,243,211
strict_unconditional,low,Wed,3,400,0.3757456966182822,0.4171345770693715,243,211
strict_unconditional,low,Wed,4,100,0.029792800822050273,0.04383263901467126,247,215
strict_unconditional,low,Wed,4,200,0.1111568298492635,0.1353662638755919,247,215
strict_unconditional,low,Wed,4,300,0.23401259763908716,0.26773100111263487,247,215
strict_unconditional,low,Wed,4,400,0.37709741844143596,0.41814371102543535,247,215
strict_unconditional,low,Wed,5,100,0.029792800822050273,0.04383263901467126,247,215
strict_unconditional,low,Wed,5,200,0.1111568298492635,0.1353662638755919,247,215
strict_unconditional,low,Wed,5,300,0.23401259763908716,0.26773100111263487,247,215
strict_unconditional,low,Wed,5,400,0.37709741844143596,0.41814371102543535,247,215
strict_unconditional,low,Wed,6,100,0.03008539679172858,0.044104328925919214,252,219
strict_unconditional,low,Wed,6,200,0.11231394343795353,0.13662121251326106,252,219
strict_unconditional,low,Wed,6,300,0.23653193357683053,0.2702408983879732,252,219
strict_unconditional,low,Wed,6,400,0.3812109735449253,0.42166274225683753,252,219
strict_unconditional,low,Wed,7,100,0.03266503608553256,0.048231428053923976,283,244
strict_unconditional,low,Wed,7,200,0.12190836390035698,0.1491965741195953,283,244
strict_unconditional,low,Wed,7,300,0.2559788829141181,0.29372266928868995,283,244
strict_unconditional,low,Wed,7,400,0.4051412448334801,0.449543302196807,283,244
strict_unconditional,low,Wed,8,100,0.04056108881482303,0.05833570522938391,372,319
strict_unconditional,low,Wed,8,200,0.1505083035166958,0.18104898180971357,372,319
strict_unconditional,low,Wed,8,300,0.3102230491382461,0.3528346314073537,372,319
strict_unconditional,low,Wed,8,400,0.47720591174382704,0.5271689911247962,372,319
strict_unconditional,low,Wed,9,100,0.046415870695598764,0.06598183558879085,434,372
strict_unconditional,low,Wed,9,200,0.17344307451067725,0.20758402980826454,434,372
strict_unconditional,low,Wed,9,300,0.35091762706129415,0.39697777317773697,434,372
strict_unconditional,low,Wed,9,400,0.5267819001495635,0.5812094082334981,434,372
strict_unconditional,low,Wed,10,100,0.2624483377011318,0.3396900147488809,3122,2796
strict_unconditional,low,Wed,10,200,0.6375459627964782,0.7143374647449996,3122,2796
strict_unconditional,low,Wed,10,300,0.8230652874496212,0.8807410665769658,3122,2796
strict_unconditional,low,Wed,10,400,0.8941669411131956,0.9401117809920563,3122,2796
strict_unconditional,low,Wed,11,100,0.2624483377011318,0.3396900147488809,3122,2796
strict_unconditional,low,Wed,11,200,0.6375459627964782,0.7143374647449996,3122,2796
strict_unconditional,low,Wed,11,300,0.8230652874496212,0.8807410665769658,3122,2796
strict_unconditional,low,Wed,11,400,0.8941669411131956,0.9401117809920563,3122,2796
strict_unconditional,low,Wed,12,100,0.261275637100993,0.3383056899629984,3092,2770
strict_unconditional,low,Wed,12,200,0.6369207964612028,0.7138587729966104,3092,2770
strict_unconditional,low,Wed,12,300,0.8227496189886602,0.8805728775842886,3092,2770
strict_unconditional,low,Wed,12,400,0.8940140404178685,0.940060030532771,3092,2770
strict_unconditional,low,Wed,13,100,0.2615797893806538,0.3385903174890677,3107,2782
strict_unconditional,low,Wed,13,200,0.6368168194264321,0.7137035216187544,3107,2782
strict_unconditional,low,Wed,13,300,0.8228831322684278,0.8806116904287525,3107,2782
strict_unconditional,low,Wed,13,400,0.8941329775211151,0.9400859057624137,3107,2782
strict_unconditional,low,Wed,14,100,0.2625203426539297,0.33970295236370224,3122,2796
strict_unconditional,low,Wed,14,200,0.6378274580524419,0.7146609051155329,3122,2796
strict_unconditional,low,Wed,14,300,0.823145605530679,0.8807410665769658,3122,2796
strict_unconditional,low,Wed,14,400,0.8941844306941468,0.9401247186068776,3122,2796
strict_unconditional,low,Wed,15,100,0.26257506871722563,0.33981939089709423,3121,2796
strict_unconditional,low,Wed,15,200,0.6377057239491369,0.7145444665821409,3121,2796
strict_unconditional,low,Wed,15,300,0.8228956077677341,0.8806505032732166,3121,2796
strict_unconditional,low,Wed,15,400,0.8940553558383871,0.9400341553031283,3121,2796
strict_unconditional,low,Wed,16,100,0.2620960071091417,0.33918544777084897,3105,2781
strict_unconditional,low,Wed,16,200,0.6370078858187381,0.713768209692861,3105,2781
strict_unconditional,low,Wed,16,300,0.8226375838636184,0.880508189510182,3105,2781
strict_unconditional,low,Wed,16,400,0.8939357892173363,0.9399953424586643,3105,2781
strict_unconditional,low,Wed,17,100,0.04310917085776381,0.061583046549538126,388,334
strict_unconditional,low,Wed,17,200,0.1611405396097572,0.19343027919372785,388,334
strict_unconditional,low,Wed,17,300,0.328467364406267,0.3734054389732709,388,334
strict_unconditional,low,Wed,17,400,0.4988028176625658,0.5506636996403343,388,334
strict_unconditional,low,Wed,18,100,0.038336246758759816,0.05547649235386964,332,289
strict_unconditional,low,Wed,18,200,0.1420778955128857,0.17144927161228557,332,289
strict_unconditional,low,Wed,18,300,0.2931401483300627,0.33465728258338295,332,289
strict_unconditional,low,Wed,18,400,0.45613613368446615,0.5049421688617487,332,289
strict_unconditional,low,Wed,19,100,0.034636434839278155,0.04988744275105442,293,256
strict_unconditional,low,Wed,19,200,0.1279981432613333,0.15496675032990917,293,256
strict_unconditional,low,Wed,19,300,0.26708439984013066,0.30628509328020287,293,256
strict_unconditional,low,Wed,19,400,0.42455153452447225,0.4727663208010971,293,256
strict_unconditional,low,Wed,20,100,0.031967314143775946,0.0463942867492949,268,234
strict_unconditional,low,Wed,20,200,0.11982160680210219,0.1450565373767692,268,234
strict_unconditional,low,Wed,20,300,0.2535346299206,0.2887416875824773,268,234
strict_unconditional,low,Wed,20,400,0.4050873422786441,0.44784847465521255,268,234
strict_unconditional,low,Wed,21,100,0.03121217492669716,0.045656842704479,261,228
strict_unconditional,low,Wed,21,200,0.11688852328102964,0.14224907496054026,261,228
strict_unconditional,low,Wed,21,300,0.24690338162233336,0.28236344347556086,261,228
strict_unconditional,low,Wed,21,400,0.39668535327689897,0.4395813387843817,261,228
strict_unconditional,low,Wed,22,100,0.0304120322615293,0.04473827205216446,253,220
strict_unconditional,low,Wed,22,200,0.11383179975124304,0.1386524180402101,253,220
strict_unconditional,low,Wed,22,300,0.24018707126761996,0.27465262504204724,253,220
strict_unconditional,low,Wed,22,400,0.38762312215557365,0.43008512950552436,253,220
strict_unconditional,low,Wed,23,100,0.030187346313088635,0.044479519755737836,249,217
strict_unconditional,low,Wed,23,200,0.11253654607178429,0.1372939684839703,249,217
strict_unconditional,low,Wed,23,300,0.23704859149945953,0.2717416617072477,249,217
strict_unconditional,low,Wed,23,400,0.38276667020407,0.42555696431805834,249,217
strict_unconditional,low,Thu,0,100,0.030051608741342058,0.04431133076306052,248,216
strict_unconditional,low,Thu,0,200,0.11199968326611334,0.13675058866147438,248,216
strict_unconditional,low,Thu,0,300,0.2357212970093114,0.27030558646207986,248,216
strict_unconditional,low,Thu,0,400,0.38004304956800533,0.4223743110720108,248,216
strict_unconditional,low,Thu,1,100,0.028880174067631485,0.04118042797629829,244,212
strict_unconditional,low,Thu,1,200,0.10978460375482621,0.13330918311900017,244,212
strict_unconditional,low,Thu,1,300,0.23406347669311925,0.2687660102983414,244,212
strict_unconditional,low,Thu,1,400,0.3786913277448516,0.4213651771159469,244,212
strict_unconditional,low,Thu,2,100,0.0286213661483397,0.04070173622790902,243,211
strict_unconditional,low,Thu,2,200,0.10894175033797639,0.1319248583331177,243,211
strict_unconditional,low,Thu,2,300,0.23235477732289497,0.2661914249488964,243,211
strict_unconditional,low,Thu,2,400,0.3757456966182822,0.4171345770693715,243,211
strict_unconditional,low,Thu,3,100,0.0286213661483397,0.04070173622790902,243,211
strict_unconditional,low,Thu,3,200,0.10894175033797639,0.1319248583331177,243,211
strict_unconditional,low,Thu,3,300,0.23235477732289497,0.2661914249488964,243,211
strict_unconditional,low,Thu,3,400,0.3757456966182822,0.4171345770693715,243,211
strict_unconditional,low,Thu,4,100,0.029792800822050273,0.04383263901467126,247,215
strict_unconditional,low,Thu,4,200,0.1111568298492635,0.1353662638755919,247,215
strict_unconditional,low,Thu,4,300,0.23401259763908716,0.26773100111263487,247,215
strict_unconditional,low,Thu,4,400,0.37709741844143596,0.41814371102543535,247,215
strict_unconditional,low,Thu,5,100,0.029792800822050273,0.04383263901467126,247,215
strict_unconditional,low,Thu,5,200,0.1111568298492635,0.1353662638755919,247,215
strict_unconditional,low,Thu,5,300,0.23401259763908716,0.26773100111263487,247,215
strict_unconditional,low,Thu,5,400,0.37709741844143596,0.41814371102543535,247,215
strict_unconditional,low,Thu,6,100,0.03008539679172858,0.044104328925919214,252,219
strict_unconditional,low,Thu,6,200,0.11231394343795353,0.13662121251326106,252,219
strict_unconditional,low,Thu,6,300,0.23653193357683053,0.2702408983879732,252,219
strict_unconditional,low,Thu,6,400,0.3812109735449253,0.42166274225683753,252,219
strict_unconditional,low,Thu,7,100,0.03288355617451079,0.0485289931948146,284,245
strict_unconditional,low,Thu,7,200,0.12270791348829475,0.1500504566978032,284,245
strict_unconditional,low,Thu,7,300,0.2576633112014082,0.29544337205992705,284,245
strict_unconditional,low,Thu,7,400,0.4079929511940983,0.45255776645017726,284,245
strict_unconditional,low,Thu,8,100,0.04085813084511939,0.05873677128884519,375,321
strict_unconditional,low,Thu,8,200,0.15133345956229907,0.18190286438792144,375,321
strict_unconditional,low,Thu,8,300,0.3118850130526156,0.3545553341785908,375,321
strict_unconditional,low,Thu,8,400,0.479541079834701,0.5296271379408493,375,321
strict_unconditional,low,Thu,9,100,0.046774167098227896,0.06640877687789479,438,375
strict_unconditional,low,Thu,9,200,0.1746264023351379,0.20877429037182704,438,375
strict_unconditional,low,Thu,9,300,0.35288242505127554,0.3988019768675447,438,375
strict_unconditional,low,Thu,9,400,0.5291896995382517,0.5837193055088364,438,375
strict_unconditional,low,Thu,10,100,0.26243175663188645,0.33958651383031024,3119,2792
strict_unconditional,low,Thu,10,200,0.6381438763430041,0.7152819106269568,3119,2792
strict_unconditional,low,Thu,10,300,0.8231308489856283,0.8806116904287525,3119,2792
strict_unconditional,low,Thu,10,400,0.8941622103134345,0.9401247186068776,3119,2792
strict_unconditional,low,Thu,11,100,0.26243175663188645,0.33958651383031024,3119,2792
strict_unconditional,low,Thu,11,200,0.6381438763430041,0.7152819106269568,3119,2792
strict_unconditional,low,Thu,11,300,0.8231308489856283,0.8806116904287525,3119,2792
strict_unconditional,low,Thu,11,400,0.8941622103134345,0.9401247186068776,3119,2792
strict_unconditional,low,Thu,12,100,0.26125905603174765,0.3382021890444278,3089,2766
strict_unconditional,low,Thu,12,200,0.6375163639881205,0.7148032188785676,3089,2766
strict_unconditional,low,Thu,12,300,0.8228151805246672,0.8804435014360752,3089,2766
strict_unconditional,low,Thu,12,400,0.8940093096181073,0.9400729681475923,3089,2766
strict_unconditional,low,Thu,13,100,0.26158706608964166,0.33852562941496106,3105,2779
strict_unconditional,low,Thu,13,200,0.6374410656804272,0.7146479675007116,3105,2779
strict_unconditional,low,Thu,13,300,0.822948693804435,0.8804823142805392,3105,2779
strict_unconditional,low,Thu,13,400,0.8941282467213538,0.9400988433772349,3105,2779
strict_unconditional,low,Thu,14,100,0.2623520681360646,0.33945713768209695,3118,2791
strict_unconditional,low,Thu,14,200,0.637963622746588,0.7151137216342796,3118,2791
strict_unconditional,low,Thu,14,300,0.8231270208702626,0.8805987528139312,3118,2791
strict_unconditional,low,Thu,14,400,0.8941622103134345,0.9401247186068776,3118,2791
strict_unconditional,low,Thu,15,100,0.26229249734484017,0.33941832483763296,3116,2790
strict_unconditional,low,Thu,15,200,0.6376630542655016,0.7148290941082102,3116,2790
strict_unconditional,low,Thu,15,300,0.8228731949919521,0.8804952518953606,3116,2790
strict_unconditional,low,Thu,15,400,0.8940331354576747,0.9400341553031283,3116,2790
strict_unconditional,low,Thu,16,100,0.2618134357367563,0.3387843817113877,3100,2775
strict_unconditional,low,Thu,16,200,0.6369522062294785,0.7140528372189303,3100,2775
strict_unconditional,low,Thu,16,300,0.8226151710878365,0.880352938132326,3100,2775
strict_unconditional,low,Thu,16,400,0.8939135688366239,0.9399953424586643,3100,2775
strict_unconditional,low,Thu,17,100,0.04312187583734946,0.061660672238466115,390,335
strict_unconditional,low,Thu,17,200,0.16103096779436762,0.19371490671979713,390,335
strict_unconditional,low,Thu,17,300,0.3274110958448229,0.3725774316247057,390,335
strict_unconditional,low,Thu,17,400,0.4963479147783185,0.5481926152094599,390,335
strict_unconditional,low,Thu,18,100,0.038263839587779416,0.055489429968690974,332,288
strict_unconditional,low,Thu,18,200,0.14150066198741923,0.17120345693068026,332,288
strict_unconditional,low,Thu,18,300,0.2915358302947385,0.3335058348642844,332,288
strict_unconditional,low,Thu,18,400,0.45302133821688206,0.5016689523119517,332,288
strict_unconditional,low,Thu,19,100,0.034356660377967155,0.049564002380521124,291,254
strict_unconditional,low,Thu,19,200,0.12677758528471464,0.15364711361813335,291,254
strict_unconditional,low,Thu,19,300,0.26477994752195183,0.30409863637539786,291,254
strict_unconditional,low,Thu,19,400,0.42137182775767157,0.4694413537920149,291,254
strict_unconditional,low,Thu,20,100,0.031967314143775946,0.0463942867492949,268,234
strict_unconditional,low,Thu,20,200,0.11982160680210219,0.1450565373767692,268,234
strict_unconditional,low,Thu,20,300,0.2535346299206,0.2887416875824773,268,234
strict_unconditional,low,Thu,20,400,0.4050873422786441,0.44784847465521255,268,234
strict_unconditional,low,Thu,21,100,0.03121217492669716,0.045656842704479,262,228
strict_unconditional,low,Thu,21,200,0.11688852328102964,0.14224907496054026,262,228
strict_unconditional,low,Thu,21,300,0.24690338162233336,0.28236344347556086,262,228
strict_unconditional,low,Thu,21,400,0.39668535327689897,0.4395813387843817,262,228
strict_unconditional,low,Thu,22,100,0.0304120322615293,0.04473827205216446,253,220
strict_unconditional,low,Thu,22,200,0.11383179975124304,0.1386524180402101,253,220
strict_unconditional,low,Thu,22,300,0.24018707126761996,0.27465262504204724,253,220
strict_unconditional,low,Thu,22,400,0.38762312215557365,0.43008512950552436,253,220
strict_unconditional,low,Thu,23,100,0.030187346313088635,0.044479519755737836,249,217
strict_unconditional,low,Thu,23,200,0.11253654607178429,0.1372939684839703,249,217
strict_unconditional,low,Thu,23,300,0.23704859149945953,0.2717416617072477,249,217
strict_unconditional,low,Thu,23,400,0.38276667020407,0.42555696431805834,249,217
strict_unconditional,low,Fri,0,100,0.030051608741342058,0.04431133076306052,248,216
strict_unconditional,low,Fri,0,200,0.11199968326611334,0.13675058866147438,248,216
strict_unconditional,low,Fri,0,300,0.2357212970093114,0.27030558646207986,248,216
strict_unconditional,low,Fri,0,400,0.38004304956800533,0.4223743110720108,248,216
strict_unconditional,low,Fri,1,100,0.028880174067631485,0.04118042797629829,244,212
strict_unconditional,low,Fri,1,200,0.10978460375482621,0.13330918311900017,244,212
strict_unconditional,low,Fri,1,300,0.23406347669311925,0.2687660102983414,244,212
strict_unconditional,low,Fri,1,400,0.3786913277448516,0.4213651771159469,244,212
strict_unconditional,low,Fri,2,100,0.0286213661483397,0.04070173622790902,243,211
strict_unconditional,low,Fri,2,200,0.10894175033797639,0.1319248583331177,243,211
strict_unconditional,low,Fri,2,300,0.23235477732289497,0.2661914249488964,243,211
strict_unconditional,low,Fri,2,400,0.3757456966182822,0.4171345770693715,243,211
strict_unconditional,low,Fri,3,100,0.0286213661483397,0.04070173622790902,243,211
strict_unconditional,low,Fri,3,200,0.10894175033797639,0.1319248583331177,243,211
strict_unconditional,low,Fri,3,300,0.23235477732289497,0.2661914249488964,243,211
strict_unconditional,low,Fri,3,400,0.3757456966182822,0.4171345770693715,243,211
strict_unconditional,low,Fri,4,100,0.029792800822050273,0.04383263901467126,247,215
strict_unconditional,low,Fri,4,200,0.1111568298492635,0.1353662638755919,247,215
strict_unconditional,low,Fri,4,300,0.23401259763908716,0.26773100111263487,247,215
strict_unconditional,low,Fri,4,400,0.37709741844143596,0.41814371102543535,247,215
strict_unconditional,low,Fri,5,100,0.029792800822050273,0.04383263901467126,247,215
strict_unconditional,low,Fri,5,200,0.1111568298492635,0.1353662638755919,247,215
strict_unconditional,low,Fri,5,300,0.23401259763908716,0.26773100111263487,247,215
strict_unconditional,low,Fri,5,400,0.37709741844143596,0.41814371102543535,247,215
strict_unconditional,low,Fri,6,100,0.03008539679172858,0.044104328925919214,252,219
strict_unconditional,low,Fri,6,200,0.11231394343795353,0.13662121251326106,252,219
strict_unconditional,low,Fri,6,300,0.23653193357683053,0.2702408983879732,252,219
strict_unconditional,low,Fri,6,400,0.3812109735449253,0.42166274225683753,252,219
strict_unconditional,low,Fri,7,100,0.03288355617451079,0.0485289931948146,284,245
strict_unconditional,low,Fri,7,200,0.12270791348829475,0.1500504566978032,284,245
strict_unconditional,low,Fri,7,300,0.2576633112014082,0.29544337205992705,284,245
strict_unconditional,low,Fri,7,400,0.4079929511940983,0.45255776645017726,284,245
strict_unconditional,low,Fri,8,100,0.04085813084511939,0.05873677128884519,375,321
strict_unconditional,low,Fri,8,200,0.15133345956229907,0.18190286438792144,375,321
strict_unconditional,low,Fri,8,300,0.3118850130526156,0.3545553341785908,375,321
strict_unconditional,low,Fri,8,400,0.479541079834701,0.5296271379408493,375,321
strict_unconditional,low,Fri,9,100,0.046582101164782244,0.06611121173700417,436,373
strict_unconditional,low,Fri,9,200,0.17396436379468277,0.2078945325639765,436,373
strict_unconditional,low,Fri,9,300,0.3520825723145695,0.3979092814448728,436,373
strict_unconditional,low,Fri,9,400,0.5290235971798883,0.5835252412865164,436,373
strict_unconditional,low,Fri,10,100,0.2628302488562061,0.34024633218619815,3123,2796
strict_unconditional,low,Fri,10,200,0.6380703182906886,0.7152042849380288,3123,2796
strict_unconditional,low,Fri,10,300,0.8226553868764319,0.8803658757471473,3123,2796
strict_unconditional,low,Fri,10,400,0.8941218279448279,0.9401247186068776,3123,2796
strict_unconditional,low,Fri,11,100,0.2628302488562061,0.34024633218619815,3123,2796
strict_unconditional,low,Fri,11,200,0.6380703182906886,0.7152042849380288,3123,2796
strict_unconditional,low,Fri,11,300,0.8226553868764319,0.8803658757471473,3123,2796
strict_unconditional,low,Fri,11,400,0.8941218279448279,0.9401247186068776,3123,2796
strict_unconditional,low,Fri,12,100,0.2616763693665667,0.3388620074003157,3094,2771
strict_unconditional,low,Fri,12,200,0.6374465711740479,0.7147255931896396,3094,2771
strict_unconditional,low,Fri,12,300,0.8223397184154708,0.88019768675447,3094,2771
strict_unconditional,low,Fri,12,400,0.8939689272495008,0.9400729681475923,3094,2771
strict_unconditional,low,Fri,13,100,0.2619902413437145,0.3391725101560276,3109,2783
strict_unconditional,low,Fri,13,200,0.6373689268467466,0.7145703418117836,3109,2783
strict_unconditional,low,Fri,13,300,0.8224732316952386,0.8802364995989339,3109,2783
strict_unconditional,low,Fri,13,400,0.8940878643527472,0.9400988433772349,3109,2783
strict_unconditional,low,Fri,14,100,0.2626521271773538,0.34001345511941417,3121,2794
strict_unconditional,low,Fri,14,200,0.6378910392487456,0.7150360959453516,3121,2794
strict_unconditional,low,Fri,14,300,0.8226515587610663,0.880352938132326,3121,2794
strict_unconditional,low,Fri,14,400,0.8941218279448279,0.9401247186068776,3121,2794
strict_unconditional,low,Fri,15,100,0.26259255638612944,0.33997464227495017,3118,2793
strict_unconditional,low,Fri,15,200,0.6375904707676592,0.7147514684192823,3118,2793
strict_unconditional,low,Fri,15,300,0.8223977328827557,0.8802494372137553,3118,2793
strict_unconditional,low,Fri,15,400,0.8939927530890681,0.9400341553031283,3118,2793
strict_unconditional,low,Fri,16,100,0.262023090645674,0.3392889486894196,3098,2775
strict_unconditional,low,Fri,16,200,0.6368473216318589,0.7139752115300023,3098,2775
strict_unconditional,low,Fri,16,300,0.8221397089786401,0.8801071234507206,3098,2775
strict_unconditional,low,Fri,16,400,0.8938731864680173,0.9399953424586643,3098,2775
strict_unconditional,low,Fri,17,100,0.042410385083896156,0.06061272543793826,383,329
strict_unconditional,low,Fri,17,200,0.15785016283298736,0.1894713690584004,383,329
strict_unconditional,low,Fri,17,300,0.322594730826831,0.36751882422956506,383,329
strict_unconditional,low,Fri,17,400,0.4916855949762864,0.5432116335032473,383,329
strict_unconditional,low,Fri,18,100,0.038056472297448816,0.05515305198333635,329,287
strict_unconditional,low,Fri,18,200,0.140857337536267,0.17012963490050975,329,287
strict_unconditional,low,Fri,18,300,0.2908356960118838,0.3324708256785779,329,287
strict_unconditional,low,Fri,18,400,0.45290342486487456,0.5015913266230237,329,287
strict_unconditional,low,Fri,19,100,0.034356660377967155,0.049564002380521124,291,254
strict_unconditional,low,Fri,19,200,0.12677758528471464,0.15364711361813335,291,254
strict_unconditional,low,Fri,19,300,0.26477994752195183,0.30409863637539786,291,254
strict_unconditional,low,Fri,19,400,0.42137182775767157,0.4694413537920149,291,254
strict_unconditional,low,Fri,20,100,0.031967314143775946,0.0463942867492949,268,234
strict_unconditional,low,Fri,20,200,0.11982160680210219,0.1450565373767692,268,234
strict_unconditional,low,Fri,20,300,0.2535346299206,0.2887416875824773,268,234
strict_unconditional,low,Fri,20,400,0.4050873422786441,0.44784847465521255,268,234
strict_unconditional,low,Fri,21,100,0.03121217492669716,0.045656842704479,262,228
strict_unconditional,low,Fri,21,200,0.11688852328102964,0.14224907496054026,262,228
strict_unconditional,low,Fri,21,300,0.24690338162233336,0.28236344347556086,262,228
strict_unconditional,low,Fri,21,400,0.39668535327689897,0.4395813387843817,262,228
strict_unconditional,low,Fri,22,100,0.0304120322615293,0.04473827205216446,253,220
strict_unconditional,low,Fri,22,200,0.11383179975124304,0.1386524180402101,253,220
strict_unconditional,low,Fri,22,300,0.24018707126761996,0.27465262504204724,253,220
strict_unconditional,low,Fri,22,400,0.38762312215557365,0.43008512950552436,253,220
strict_unconditional,low,Fri,23,100,0.030187346313088635,0.044479519755737836,249,217
strict_unconditional,low,Fri,23,200,0.11253654607178429,0.1372939684839703,249,217
strict_unconditional,low,Fri,23,300,0.23704859149945953,0.2717416617072477,249,217
strict_unconditional,low,Fri,23,400,0.38276667020407,0.42555696431805834,249,217
strict_unconditional,low,Sat,0,100,0.029090062392602454,0.04304344451057003,240,208
strict_unconditional,low,Sat,0,200,0.10850864823422844,0.13271405283721893,240,208
strict_unconditional,low,Sat,0,300,0.2281373171863104,0.26184438636892904,240,208
strict_unconditional,low,Sat,0,400,0.3694544812189868,0.4105752063549564,240,208
strict_unconditional,low,Sat,1,100,0.027918627718891878,0.0399125417238078,236,204
strict_unconditional,low,Sat,1,200,0.10629356872294132,0.12927264729474475,236,204
strict_unconditional,low,Sat,1,300,0.22647949687011823,0.2603048102051906,236,204
strict_unconditional,low,Sat,1,400,0.36810275939583303,0.40956607239889253,236,204
strict_unconditional,low,Sat,2,100,0.02765981979960009,0.03943384997541853,235,203
strict_unconditional,low,Sat,2,200,0.10545071530609151,0.12788832250886226,235,203
strict_unconditional,low,Sat,2,300,0.22477079749989395,0.2577302248557456,235,203
strict_unconditional,low,Sat,2,400,0.3651571282692637,0.40533547235231715,235,203
strict_unconditional,low,Sat,3,100,0.02765981979960009,0.03943384997541853,235,203
strict_unconditional,low,Sat,3,200,0.10545071530609151,0.12788832250886226,235,203
strict_unconditional,low,Sat,3,300,0.22477079749989395,0.2577302248557456,235,203
strict_unconditional,low,Sat,3,400,0.3651571282692637,0.40533547235231715,235,203
strict_unconditional,low,Sat,4,100,0.02883125447331067,0.04256475276218077,239,207
strict_unconditional,low,Sat,4,200,0.10766579481737862,0.13132972805133644,239,207
strict_unconditional,low,Sat,4,300,0.22642861781608611,0.25926980101948405,239,207
strict_unconditional,low,Sat,4,400,0.3665088500924174,0.406344606308381,239,207
strict_unconditional,low,Sat,5,100,0.02883125447331067,0.04256475276218077,239,207
strict_unconditional,low,Sat,5,200,0.10766579481737862,0.13132972805133644,239,207
strict_unconditional,low,Sat,5,300,0.22642861781608611,0.25926980101948405,239,207
strict_unconditional,low,Sat,5,400,0.3665088500924174,0.406344606308381,239,207
strict_unconditional,low,Sat,6,100,0.02886431027861459,0.04262944083628742,240,208
strict_unconditional,low,Sat,6,200,0.10796253043131016,0.13164023080704843,240,208
strict_unconditional,low,Sat,6,300,0.2273026795178544,0.2600719331384066,240,208
strict_unconditional,low,Sat,6,400,0.3684080969572303,0.4081041219240821,240,208
strict_unconditional,low,Sat,7,100,0.029334216378582252,0.043276321577354,245,212
strict_unconditional,low,Sat,7,200,0.10962335664737623,0.13394312624524543,245,212
strict_unconditional,low,Sat,7,300,0.2313094000501962,0.2651176029187259,245,212
strict_unconditional,low,Sat,7,400,0.3745514537524008,0.41599606696509434,245,212
strict_unconditional,low,Sat,8,100,0.030572249928415778,0.04489352343002044,263,226
strict_unconditional,low,Sat,8,200,0.11385440331631991,0.1377079721582529,263,226
strict_unconditional,low,Sat,8,300,0.24025483189319347,0.27379874246383934,263,226
strict_unconditional,low,Sat,8,400,0.3888842248813125,0.4293994359199938,263,226
strict_unconditional,low,Sat,9,100,0.031882801714151913,0.046342536290009576,275,237
strict_unconditional,low,Sat,9,200,0.11951715276871586,0.14372396305017207,275,237
strict_unconditional,low,Sat,9,300,0.2537828877656071,0.2874996765596295,275,237
strict_unconditional,low,Sat,9,400,0.41032803727140665,0.4509793774419748,275,237
strict_unconditional,low,Sat,10,100,0.07286747907432559,0.10031826532460475,677,590
strict_unconditional,low,Sat,10,200,0.2472970666464924,0.2922995316583435,677,590
strict_unconditional,low,Sat,10,300,0.46010167905048316,0.5142572515331073,677,590
strict_unconditional,low,Sat,10,400,0.6459608941336505,0.6997438352265376,677,590
strict_unconditional,low,Sat,11,100,0.07286747907432559,0.10031826532460475,677,590
strict_unconditional,low,Sat,11,200,0.2472970666464924,0.2922995316583435,677,590
strict_unconditional,low,Sat,11,300,0.46010167905048316,0.5142572515331073,677,590
strict_unconditional,low,Sat,11,400,0.6459608941336505,0.6997438352265376,677,590
strict_unconditional,low,Sat,12,100,0.07224257682240223,0.09964550935389552,668,584
strict_unconditional,low,Sat,12,200,0.2456899293645818,0.29065645457603434,668,584
strict_unconditional,low,Sat,12,300,0.4586859275537898,0.5130540533547235,668,584
strict_unconditional,low,Sat,12,400,0.6440678894674452,0.6980360700701219,668,584
strict_unconditional,low,Sat,13,100,0.07206342148877566,0.09942556990193288,667,583
strict_unconditional,low,Sat,13,200,0.24496454592314462,0.29002251144978913,667,583
strict_unconditional,low,Sat,13,300,0.45701468748743374,0.5112427872797372,667,583
strict_unconditional,low,Sat,13,400,0.6419933652933463,0.6959531140838875,667,583
strict_unconditional,low,Sat,14,100,0.07234351715866351,0.09964550935389552,670,586
strict_unconditional,low,Sat,14,200,0.2457003795466671,0.2906305793463917,670,586
strict_unconditional,low,Sat,14,300,0.4574771035771243,0.5114886019613424,670,586
strict_unconditional,low,Sat,14,400,0.6423423185111742,0.6962636168395995,670,586
strict_unconditional,low,Sat,15,100,0.07256203724764174,0.09994307449478614,671,587
strict_unconditional,low,Sat,15,200,0.246499261446795,0.2914844619245996,671,587
strict_unconditional,low,Sat,15,300,0.4588825098985283,0.5129893652806169,671,587
strict_unconditional,low,Sat,15,400,0.6442225701931683,0.6982301342924419,671,587
strict_unconditional,low,Sat,16,100,0.07256203724764174,0.09994307449478614,671,587
strict_unconditional,low,Sat,16,200,0.246499261446795,0.2914844619245996,671,587
strict_unconditional,low,Sat,16,300,0.4588825098985283,0.5129893652806169,671,587
strict_unconditional,low,Sat,16,400,0.6442225701931683,0.6982301342924419,671,587
strict_unconditional,low,Sat,17,100,0.032686750860705924,0.04731285740160944,274,239
strict_unconditional,low,Sat,17,200,0.12101869762695218,0.14588454472533444,274,239
strict_unconditional,low,Sat,17,300,0.2543518737784435,0.28884518850104796,274,239
strict_unconditional,low,Sat,17,400,0.40981066964815993,0.45088881413822546,274,239
strict_unconditional,low,Sat,18,100,0.031723667471559656,0.04621316014179626,266,232
strict_unconditional,low,Sat,18,200,0.11752961933173486,0.1421326364271483,266,232
strict_unconditional,low,Sat,18,300,0.24747319761803663,0.28167774989003025,266,232
strict_unconditional,low,Sat,18,400,0.40030439433978576,0.44131497917044016,266,232
strict_unconditional,low,Sat,19,100,0.030332018400569583,0.04445364452609517,251,219
strict_unconditional,low,Sat,19,200,0.11159461620282153,0.13578026754987452,251,219
strict_unconditional,low,Sat,19,300,0.23365465496275187,0.2677956891867415,251,219
strict_unconditional,low,Sat,19,400,0.3792585023313304,0.420666545915595,251,219
strict_unconditional,low,Sat,20,100,0.02983956626803619,0.04381970139984993,247,215
strict_unconditional,low,Sat,20,200,0.11159979024343002,0.13578026754987452,247,215
strict_unconditional,low,Sat,20,300,0.2355773402418003,0.26937407819494397,247,215
strict_unconditional,low,Sat,20,400,0.38169097573354527,0.42290475327968535,247,215
strict_unconditional,low,Sat,21,100,0.029506507989142935,0.043509198644137964,245,213
strict_unconditional,low,Sat,21,200,0.1102704064382463,0.13448650606774135,245,213
strict_unconditional,low,Sat,21,300,0.23234481314688046,0.2661526121044324,245,213
strict_unconditional,low,Sat,21,400,0.3769155708755003,0.41818252386989935,245,213
strict_unconditional,low,Sat,22,100,0.029241151689144217,0.043224571118068676,242,210
strict_unconditional,low,Sat,22,200,0.1092114238563489,0.13345149688203484,242,210
strict_unconditional,low,Sat,22,300,0.23006102637393047,0.2638109038217714,242,210
strict_unconditional,low,Sat,22,400,0.3736062908882447,0.4151163091572438,242,210
strict_unconditional,low,Sat,23,100,0.029225799964349024,0.04321163350324734,241,209
strict_unconditional,low,Sat,23,200,0.1090455110398994,0.13325743265971485,241,209
strict_unconditional,low,Sat,23,300,0.2294646116764585,0.26328046161409685,241,209
strict_unconditional,low,Sat,23,400,0.37217810185505146,0.413757859601004,241,209
strict_unconditional,low,Sun,0,100,0.02877941320927217,0.0425388775325381,238,207
strict_unconditional,low,Sun,0,200,0.10770803539399099,0.13165316842186975,238,207
strict_unconditional,low,Sun,0,300,0.22745814897322225,0.26102931663518514,238,207
strict_unconditional,low,Sun,0,400,0.3688466248774459,0.4097601366212125,238,207
strict_unconditional,low,Sun,1,100,0.027607978535561593,0.03940797474577587,234,203
strict_unconditional,low,Sun,1,200,0.10549295588270388,0.12821176287939556,234,203
strict_unconditional,low,Sun,1,300,0.2258003286570301,0.2594897404714467,234,203
strict_unconditional,low,Sun,1,400,0.3674949030542921,0.40875100266514863,234,203
strict_unconditional,low,Sun,2,100,0.027349170616269812,0.0389292829973866,233,202
strict_unconditional,low,Sun,2,200,0.10465010246585406,0.12682743809351307,233,202
strict_unconditional,low,Sun,2,300,0.22409162928680587,0.2569151551220017,233,202
strict_unconditional,low,Sun,2,400,0.3645492719277228,0.40452040261857325,233,202
strict_unconditional,low,Sun,3,100,0.027349170616269812,0.0389292829973866,233,202
strict_unconditional,low,Sun,3,200,0.10465010246585406,0.12682743809351307,233,202
strict_unconditional,low,Sun,3,300,0.22409162928680587,0.2569151551220017,233,202
strict_unconditional,low,Sun,3,400,0.3645492719277228,0.40452040261857325,233,202
strict_unconditional,low,Sun,4,100,0.028520605289980388,0.042060185784148836,237,206
strict_unconditional,low,Sun,4,200,0.10686518197714116,0.13026884363598726,237,206
strict_unconditional,low,Sun,4,300,0.22574944960299803,0.25845473128574015,237,206
strict_unconditional,low,Sun,4,400,0.36590099375087654,0.4055295365746371,237,206
strict_unconditional,low,Sun,5,100,0.028520605289980388,0.042060185784148836,237,206
strict_unconditional,low,Sun,5,200,0.10686518197714116,0.13026884363598726,237,206
strict_unconditional,low,Sun,5,300,0.22574944960299803,0.25845473128574015,237,206
strict_unconditional,low,Sun,5,400,0.36590099375087654,0.4055295365746371,237,206
strict_unconditional,low,Sun,6,100,0.028520605289980388,0.042060185784148836,237,206
strict_unconditional,low,Sun,6,200,0.10686518197714116,0.13026884363598726,237,206
strict_unconditional,low,Sun,6,300,0.22574944960299803,0.25845473128574015,237,206
strict_unconditional,low,Sun,6,400,0.36590099375087654,0.4055295365746371,237,206
strict_unconditional,low,Sun,7,100,0.02884092083095595,0.04259062799182343,240,209
strict_unconditional,low,Sun,7,200,0.1080031112085013,0.1320024840220457,240,209
strict_unconditional,low,Sun,7,300,0.2286410054642527,0.2620513882060703,240,209
strict_unconditional,low,Sun,7,400,0.37134964620082217,0.4123735348151215,240,209
strict_unconditional,low,Sun,8,100,0.029071142851166926,0.04286231790307139,245,213
strict_unconditional,low,Sun,8,200,0.10903287499267458,0.1329081170595389,245,213
strict_unconditional,low,Sun,8,300,0.2320397480051601,0.26538929282997387,245,213
strict_unconditional,low,Sun,8,400,0.3785746291428177,0.41928222112971253,245,213
strict_unconditional,low,Sun,9,100,0.02989457716929024,0.04379382617020726,251,219
strict_unconditional,low,Sun,9,200,0.11231668122990549,0.1362201464537998,251,219
strict_unconditional,low,Sun,9,300,0.2395758026553967,0.27276373327813286,251,219
strict_unconditional,low,Sun,9,400,0.39100281643662094,0.4315729552099775,251,219
strict_unconditional,low,Sun,10,100,0.06364058355471316,0.08842859730380107,558,499
strict_unconditional,low,Sun,10,200,0.21891789692624136,0.2614691955391104,558,499
strict_unconditional,low,Sun,10,300,0.4184257928099124,0.47060573912593473,558,499
strict_unconditional,low,Sun,10,400,0.5993360636628411,0.6520945998395736,558,499
strict_unconditional,low,Sun,11,100,0.06372325582156425,0.0884415349186224,559,500
strict_unconditional,low,Sun,11,200,0.21891815042217533,0.2614691955391104,559,500
strict_unconditional,low,Sun,11,300,0.4184257928099124,0.47060573912593473,559,500
strict_unconditional,low,Sun,11,400,0.5993360636628411,0.6520945998395736,559,500
strict_unconditional,low,Sun,12,100,0.06312451926594466,0.08784640463684115,554,495
strict_unconditional,low,Sun,12,200,0.21741091727352038,0.2598261184568013,554,495
strict_unconditional,low,Sun,12,300,0.4171302772344353,0.46946722902165755,554,495
strict_unconditional,low,Sun,12,400,0.5982834514698143,0.6512407172613657,554,495
strict_unconditional,low,Sun,13,100,0.06290599917696643,0.08754883949595052,552,493
strict_unconditional,low,Sun,13,200,0.2166120353733925,0.2589722358785934,552,493
strict_unconditional,low,Sun,13,300,0.41572487091303134,0.4679664657023831,552,493
strict_unconditional,low,Sun,13,400,0.5964031997878202,0.6492741998085233,552,493
strict_unconditional,low,Sun,14,100,0.06300265611793746,0.08760058995523586,553,494
strict_unconditional,low,Sun,14,200,0.21701186346961154,0.25926980101948405,553,494
strict_unconditional,low,Sun,14,300,0.41598067294771,0.46817346753952443,553,494
strict_unconditional,low,Sun,14,400,0.5966724681490726,0.6494812016456646,553,494
strict_unconditional,low,Sun,15,100,0.06300265611793746,0.08760058995523586,553,494
strict_unconditional,low,Sun,15,200,0.21701186346961154,0.25926980101948405,553,494
strict_unconditional,low,Sun,15,300,0.41598067294771,0.46817346753952443,553,494
strict_unconditional,low,Sun,15,400,0.5966724681490726,0.6494812016456646,553,494
strict_unconditional,low,Sun,16,100,0.06300265611793746,0.08760058995523586,553,494
strict_unconditional,low,Sun,16,200,0.21701186346961154,0.25926980101948405,553,494
strict_unconditional,low,Sun,16,300,0.41598067294771,0.46817346753952443,553,494
strict_unconditional,low,Sun,16,400,0.5966724681490726,0.6494812016456646,553,494
strict_unconditional,low,Sun,17,100,0.03009885629237709,0.04387145185913525,252,220
strict_unconditional,low,Sun,17,200,0.11124469482728781,0.13514632442362925,252,220
strict_unconditional,low,Sun,17,300,0.2354903034105049,0.2686495717649494,252,220
strict_unconditional,low,Sun,17,400,0.3830281389683931,0.4235775092503946,252,220
strict_unconditional,low,Sun,18,100,0.029966516592797785,0.0437291380961006,251,219
strict_unconditional,low,Sun,18,200,0.11048907509135837,0.1343441923047067,251,219
strict_unconditional,low,Sun,18,300,0.23371940930352228,0.26660542862317904,251,219
strict_unconditional,low,Sun,18,400,0.3800900020946737,0.42029135508577636,251,219
strict_unconditional,low,Sun,19,100,0.029561465277424415,0.043418635340388645,245,214
strict_unconditional,low,Sun,19,200,0.10887689226385161,0.1329081170595389,245,214
strict_unconditional,low,Sun,19,300,0.22958748394439094,0.2633451496882035,245,214
strict_unconditional,low,Sun,19,400,0.37383165837133836,0.41529743576474243,245,214
strict_unconditional,low,Sun,20,100,0.028873980806952547,0.04262944083628742,240,209
strict_unconditional,low,Sun,20,200,0.10811820297031885,0.13191192071829638,240,209
strict_unconditional,low,Sun,20,300,0.2294836196804582,0.2629052707842782,240,209
strict_unconditional,low,Sun,20,400,0.374025149726428,0.4151680596165291,240,209
strict_unconditional,low,Sun,21,100,0.028873980806952547,0.04262944083628742,240,209
strict_unconditional,low,Sun,21,200,0.10811820297031885,0.13191192071829638,240,209
strict_unconditional,low,Sun,21,300,0.2294836196804582,0.2629052707842782,240,209
strict_unconditional,low,Sun,21,400,0.374025149726428,0.4151680596165291,240,209
strict_unconditional,low,Sun,22,100,0.028744875134762246,0.04250006468807411,239,208
strict_unconditional,low,Sun,22,200,0.10759005918179257,0.13139441612544311,239,208
strict_unconditional,low,Sun,22,300,0.22813482095819368,0.2616632597614304,239,208
strict_unconditional,low,Sun,22,400,0.3723464180941921,0.41371904675654,239,208
strict_unconditional,low,Sun,23,100,0.028729523409967057,0.04248712707325278,238,207
strict_unconditional,low,Sun,23,200,0.10742414636534307,0.13120035190312315,238,207
strict_unconditional,low,Sun,23,300,0.2275384062607217,0.2611328175537558,238,207
strict_unconditional,low,Sun,23,400,0.3709182290609988,0.41236059720030016,238,207
declared,high,Mon,0,100,0.042843424927671105,0.06093616580847155,390,339
declared,high,Mon,0,200,0.15748919493494837,0.18829404610965922,390,339
declared,high,Mon,0,300,0.31927246940323134,0.35998913240355007,390,339
declared,high,Mon,0,400,0.49005176719825494,0.5365746370999043,390,339
declared,high,Mon,1,100,0.041273077706096825,0.05713250705100008,384,333
declared,high,Mon,1,200,0.15495168225063877,0.18423163505576112,384,333
declared,high,Mon,1,300,0.31746311784182973,0.358151991098921,384,333
declared,high,Mon,1,400,0.48856490120067886,0.5356301912179471,384,333
declared,high,Mon,2,100,0.04101426978680505,0.05665381530261081,383,332
declared,high,Mon,2,200,0.15410882883378893,0.18284731026987863,383,332
declared,high,Mon,2,300,0.31575441847160546,0.35557740574947605,383,332
declared,high,Mon,2,400,0.4856192700741095,0.5313995911713717,383,332
declared,high,Mon,3,100,0.04101426978680505,0.05665381530261081,383,332
declared,high,Mon,3,200,0.15410882883378893,0.18284731026987863,383,332
declared,high,Mon,3,300,0.31575441847160546,0.35557740574947605,383,332
declared,high,Mon,3,400,0.4856192700741095,0.5313995911713717,383,332
declared,high,Mon,4,100,0.04250132381869939,0.060405723600796955,388,337
declared,high,Mon,4,200,0.15644811154201016,0.18679328279038476,388,337
declared,high,Mon,4,300,0.3173266733641062,0.3571169819132145,388,337
declared,high,Mon,4,400,0.48688889833090154,0.5321758480606515,388,337
declared,high,Mon,5,100,0.04258279433835376,0.06050922451936761,389,338
declared,high,Mon,5,200,0.15672095101181877,0.1870520350868114,389,338
declared,high,Mon,5,300,0.31775549662050695,0.3575051103578544,389,338
declared,high,Mon,5,400,0.48715226981257986,0.5323310994385075,389,338
declared,high,Mon,6,100,0.04312408979899674,0.06115610526043418,399,347
declared,high,Mon,6,200,0.1588203570691655,0.18907030299893912,399,347
declared,high,Mon,6,300,0.32114576152568103,0.36046782415193934,399,347
declared,high,Mon,6,400,0.4919754455057912,0.5360700701218724,399,347
declared,high,Mon,7,100,0.04756489401877658,0.06727559707092401,478,400
declared,high,Mon,7,200,0.17453650789941047,0.20754521696380054,478,400
declared,high,Mon,7,300,0.3512992312841728,0.3944678759023986,478,400
declared,high,Mon,7,400,0.5292894134602095,0.577030558646208,478,400
declared,high,Mon,8,100,0.3256810532075473,0.4138613605195746,4611,4039
declared,high,Mon,8,200,0.7035560283648635,0.7771754599322069,4611,4039
declared,high,Mon,8,300,0.8532175925938331,0.9073537402644448,4611,4039
declared,high,Mon,8,400,0.9083889566860199,0.9503195590860869,4611,4039
declared,high,Mon,9,100,0.3319281180026513,0.420899422982379,4753,4168
declared,high,Mon,9,200,0.7090577696162649,0.7817941884234223,4753,4168
declared,high,Mon,9,300,0.8548009384546539,0.908531063213186,4753,4168
declared,high,Mon,9,400,0.9093138897963614,0.9508111884492975,4753,4168
declared,high,Mon,10,100,0.33248812112683573,0.4215204284938029,4768,4183
declared,high,Mon,10,200,0.7092925102420924,0.7819623774160995,4768,4183
declared,high,Mon,10,300,0.8548009384546539,0.908531063213186,4768,4183
declared,high,Mon,10,400,0.9093138897963614,0.9508111884492975,4768,4183
declared,high,Mon,11,100,0.33239216529033155,0.42146867803451754,4767,4183
declared,high,Mon,11,200,0.7091201489289632,0.7816777498900302,4767,4183
declared,high,Mon,11,300,0.854753914835563,0.9084404999094366,4767,4183
declared,high,Mon,11,400,0.9093138897963614,0.9508111884492975,4767,4183
declared,high,Mon,12,100,0.3303831748616665,0.41924340828524853,4699,4120
declared,high,Mon,12,200,0.7084420301559724,0.7812119957564624,4699,4120
declared,high,Mon,12,300,0.8546595598540768,0.9085051879835434,4699,4120
declared,high,Mon,12,400,0.9093124151944132,0.9508241260641188,4699,4120
declared,high,Mon,13,100,0.3306709702331759,0.4197221000336378,4730,4145
declared,high,Mon,13,200,0.7077731435016158,0.7806427407043237,4730,4145
declared,high,Mon,13,300,0.8543445423809595,0.9081041219240821,4730,4145
declared,high,Mon,13,400,0.9092840381566687,0.9508111884492975,4730,4145
declared,high,Mon,14,100,0.3322975846758932,0.42130048904184025,4768,4181
declared,high,Mon,14,200,0.7091205070937749,0.781781250808601,4768,4181
declared,high,Mon,14,300,0.8548009384546539,0.908531063213186,4768,4181
declared,high,Mon,14,400,0.9093138897963614,0.9508111884492975,4768,4181
declared,high,Mon,15,100,0.3322209035677486,0.42126167619737626,4764,4179
declared,high,Mon,15,200,0.7088199386126887,0.7814966232825317,4764,4179
declared,high,Mon,15,300,0.8545746310813872,0.9084793127539007,4764,4179
declared,high,Mon,15,400,0.9092003853308966,0.9507206251455481,4764,4179
declared,high,Mon,16,100,0.3312020633824266,0.42003260278934973,4729,4148
declared,high,Mon,16,200,0.7080312155946384,0.7806168654746811,4729,4148
declared,high,Mon,16,300,0.8541827434534638,0.9082464356871167,4729,4148
declared,high,Mon,16,400,0.9089736427317433,0.9505912489973348,4729,4148
declared,high,Mon,17,100,0.3278309079808284,0.41619013118741427,4628,4058
declared,high,Mon,17,200,0.7058310565204833,0.7785209718736253,4628,4058
declared,high,Mon,17,300,0.8533267533139222,0.9076513054053355,4628,4058
declared,high,Mon,17,400,0.9082096430593161,0.9500737444044816,4628,4058
declared,high,Mon,18,100,0.3226554255183748,0.4103552669029938,4488,3950
declared,high,Mon,18,200,0.7003587162519267,0.7733329883302714,4488,3950
declared,high,Mon,18,300,0.8513466878215781,0.906189354930525,4488,3950
declared,high,Mon,18,400,0.9069840935640057,0.9494786141227003,4488,3950
declared,high,Mon,19,100,0.31918053176439903,0.4053613475819598,4406,3875
declared,high,Mon,19,200,0.6971204135214,0.7704737754547571,4406,3875
declared,high,Mon,19,300,0.8506856316091087,0.9056330374932078,4406,3875
declared,high,Mon,19,400,0.906797572487193,0.9493363003596657,4406,3875
declared,high,Mon,20,100,0.046394186837295105,0.06515382824022563,442,378
declared,high,Mon,20,200,0.17072544645969265,0.20227960773151862,442,378
declared,high,Mon,20,300,0.34550016825973584,0.3872486868320956,442,378
declared,high,Mon,20,400,0.5208554203925089,0.5674955365228866,442,378
declared,high,Mon,21,100,0.04452837643376296,0.0628897456464926,421,361
declared,high,Mon,21,200,0.16411549570496198,0.19509923150567962,421,361
declared,high,Mon,21,300,0.3327806320254353,0.3737030041141615,421,361
declared,high,Mon,21,400,0.5068172093631941,0.5524749657153207,421,361
declared,high,Mon,22,100,0.04348083592785673,0.061647734623644784,405,350
declared,high,Mon,22,200,0.16038054172701732,0.19095919476285353,405,350
declared,high,Mon,22,300,0.32493051956398067,0.36449142236137344,405,350
declared,high,Mon,22,400,0.49669064527162826,0.5413486169689756,405,350
declared,high,Mon,23,100,0.04298745247083195,0.060949103423292884,393,341
declared,high,Mon,23,200,0.15822891449737117,0.18863042409501385,393,341
declared,high,Mon,23,300,0.32006526396231927,0.3599632571739074,393,341
declared,high,Mon,23,400,0.4901642438931947,0.5357983802106243,393,341
declared,high,Tue,0,100,0.042770244379431006,0.06067741351204492,390,339
declared,high,Tue,0,200,0.15741921222189156,0.1878282919760913,390,339
declared,high,Tue,0,300,0.31830914621577033,0.3581390534840997,390,339
declared,high,Tue,0,400,0.4871228460938609,0.5323699122829715,390,339
declared,high,Tue,1,100,0.041199897157856734,0.056873754754573444,384,333
declared,high,Tue,1,200,0.154881699537582,0.18376588092219318,384,333
declared,high,Tue,1,300,0.3166645466320905,0.3564701011721479,384,333
declared,high,Tue,1,400,0.485917335223257,0.5316971563122622,384,333
declared,high,Tue,2,100,0.041199897157856734,0.056873754754573444,384,333
declared,high,Tue,2,200,0.154881699537582,0.18376588092219318,384,333
declared,high,Tue,2,300,0.3166645466320905,0.3564701011721479,384,333
declared,high,Tue,2,400,0.485917335223257,0.5316971563122622,384,333
declared,high,Tue,3,100,0.041199897157856734,0.056873754754573444,384,333
declared,high,Tue,3,200,0.154881699537582,0.18376588092219318,384,333
declared,high,Tue,3,300,0.3166645466320905,0.3564701011721479,384,333
declared,high,Tue,3,400,0.485917335223257,0.5316971563122622,384,333
declared,high,Tue,4,100,0.04268695118975108,0.06062566305275959,389,338
declared,high,Tue,4,200,0.15722098224580325,0.1877118534426993,389,338
declared,high,Tue,4,300,0.3180720495468695,0.35784148834320906,389,338
declared,high,Tue,4,400,0.48690560835307684,0.5322017232902942,389,338
declared,high,Tue,5,100,0.042768421709405445,0.06072916397133025,390,339
declared,high,Tue,5,200,0.15749382171561183,0.18797060573912594,390,339
declared,high,Tue,5,300,0.3185008728032703,0.358229616787849,390,339
declared,high,Tue,5,400,0.48716897983475527,0.5323569746681501,390,339
declared,high,Tue,6,100,0.043309717170048424,0.06137604471239682,400,348
declared,high,Tue,6,200,0.15959322777295856,0.18998887365125366,400,348
declared,high,Tue,6,300,0.32189113770844435,0.3611923305819339,400,348
declared,high,Tue,6,400,0.49199215552796655,0.536095945351515,400,348
declared,high,Tue,7,100,0.04768002572465192,0.06744378606360131,477,401
declared,high,Tue,7,200,0.17508403533046793,0.20823091054933113,477,401
declared,high,Tue,7,300,0.3518033989528205,0.39497244288043054,477,401
declared,high,Tue,7,400,0.5291599373636813,0.576991745801744,477,401
declared,high,Tue,8,100,0.32613890971244724,0.4146117421792118,4614,4044
declared,high,Tue,8,200,0.7042288309597796,0.7781716562734494,4614,4044
declared,high,Tue,8,300,0.854262626297167,0.908647501746578,4614,4044
declared,high,Tue,8,400,0.9095050136053654,0.9514839444200067,4614,4044
declared,high,Tue,9,100,0.3326240932522208,0.4218179936346935,4764,4180
declared,high,Tue,9,200,0.7099895905238188,0.7829197609128781,4764,4180
declared,high,Tue,9,300,0.8560323983280169,0.9099153879990685,4764,4180
declared,high,Tue,9,400,0.9104493851063098,0.9519885113980386,4764,4180
declared,high,Tue,10,100,0.33320687276282085,0.4225036872202241,4776,4192
declared,high,Tue,10,200,0.7102074017296878,0.7830750122907341,4776,4192
declared,high,Tue,10,300,0.8560323983280169,0.9099153879990685,4776,4192
declared,high,Tue,10,400,0.9104493851063098,0.9519885113980386,4776,4192
declared,high,Tue,11,100,0.3331109169263167,0.42245193676093873,4775,4192
declared,high,Tue,11,200,0.7100350404165586,0.7827903847646648,4775,4192
declared,high,Tue,11,300,0.855985374708926,0.9098248246953192,4775,4192
declared,high,Tue,11,400,0.9104493851063098,0.9519885113980386,4775,4192
declared,high,Tue,12,100,0.33100170080485786,0.42009729086345643,4706,4128
declared,high,Tue,12,200,0.7092506892894406,0.7822599425569902,4706,4128
declared,high,Tue,12,300,0.8557462966171155,0.9098118870804979,4706,4128
declared,high,Tue,12,400,0.9104325262231934,0.9519885113980386,4706,4128
declared,high,Tue,13,100,0.3314859838881954,0.42079592206380834,4740,4155
declared,high,Tue,13,200,0.7087036084116524,0.781781250808601,4740,4155
declared,high,Tue,13,300,0.8555760022543226,0.9094884467099645,4740,4155
declared,high,Tue,13,400,0.9104195334666171,0.9519885113980386,4740,4155
declared,high,Tue,14,100,0.3331125983309128,0.4223743110720108,4779,4192
declared,high,Tue,14,200,0.7100509720038116,0.7829197609128781,4779,4192
declared,high,Tue,14,300,0.8560323983280169,0.9099153879990685,4779,4192
declared,high,Tue,14,400,0.9104493851063098,0.9519885113980386,4779,4192
declared,high,Tue,15,100,0.33310963910967656,0.42240018630165344,4778,4193
declared,high,Tue,15,200,0.7097508559368875,0.7826480710016301,4778,4193
declared,high,Tue,15,300,0.8558060909547502,0.9098636375397832,4778,4193
declared,high,Tue,15,400,0.910335880640845,0.9518979480942893,4778,4193
declared,high,Tue,16,100,0.33209079892435456,0.4211711128936269,4742,4161
declared,high,Tue,16,200,0.7089621329188371,0.7817683131937796,4742,4161
declared,high,Tue,16,300,0.8554142033268269,0.9096307604729992,4742,4161
declared,high,Tue,16,400,0.9101091380416917,0.951768571946076,4742,4161
declared,high,Tue,17,100,0.3285520373405641,0.4171087018397288,4639,4067
declared,high,Tue,17,200,0.7066090260635033,0.7795559810593319,4639,4067
declared,high,Tue,17,300,0.8544393178471662,0.9090485678060393,4639,4067
declared,high,Tue,17,400,0.909354077016406,0.9512510673532227,4639,4067
declared,high,Tue,18,100,0.323524192068733,0.41139027608870027,4500,3961
declared,high,Tue,18,200,0.7014394298884085,0.7746396874272259,4500,3961
declared,high,Tue,18,300,0.8526448351421553,0.9077030558646207,4500,3961
declared,high,Tue,18,400,0.9082235530542478,0.9507076875307269,4500,3961
declared,high,Tue,19,100,0.31992860629754455,0.40629285584909564,4414,3883
declared,high,Tue,19,200,0.6980982383667771,0.7717416617072477,4414,3883
declared,high,Tue,19,300,0.8519837789296859,0.9071467384273035,4414,3883
declared,high,Tue,19,400,0.9080370319774353,0.9505653737676922,4414,3883
declared,high,Tue,20,100,0.046737183814325664,0.06560664475897224,445,381
declared,high,Tue,20,200,0.17166504829467688,0.20336636737651045,445,381
declared,high,Tue,20,300,0.3464143540747735,0.3880637565658395,445,381
declared,high,Tue,20,400,0.5215208037407564,0.5681941677232385,445,381
declared,high,Tue,21,100,0.044871373410793516,0.06334256216523922,424,364
declared,high,Tue,21,200,0.1650550975399462,0.19618599115067145,424,364
declared,high,Tue,21,300,0.3337166190087284,0.3745180738479054,424,364
declared,high,Tue,21,400,0.5075063054938962,0.5532512226046006,424,364
declared,high,Tue,22,100,0.0438238329048873,0.06210055114239139,408,353
declared,high,Tue,22,200,0.1613201435620015,0.19204595440784536,408,353
declared,high,Tue,22,300,0.3258665065472737,0.36530649209511734,408,353
declared,high,Tue,22,400,0.49736147340825443,0.5420472481693275,408,353
declared,high,Tue,23,100,0.04319730245500012,0.06122079333454084,395,343
declared,high,Tue,23,200,0.1588324375858121,0.1893549305250084,395,343
declared,high,Tue,23,300,0.32076109928590074,0.360532512226046,395,343
declared,high,Tue,23,400,0.49076564633827535,0.5364581985665122,395,343
declared,high,Wed,0,100,0.04293356616966905,0.060897352964007556,391,340
declared,high,Wed,0,200,0.1577269069733976,0.1882034828059099,391,340
declared,high,Wed,0,300,0.31839444893392355,0.3581778663285637,391,340
declared,high,Wed,0,400,0.4871228460938609,0.5323699122829715,391,340
declared,high,Wed,1,100,0.04136321894809479,0.05709369420653608,385,334
declared,high,Wed,1,200,0.15518939428908807,0.1841410717520118,385,334
declared,high,Wed,1,300,0.3167498493502437,0.3565089140166119,385,334
declared,high,Wed,1,400,0.485917335223257,0.5316971563122622,385,334
declared,high,Wed,2,100,0.04136321894809479,0.05709369420653608,385,334
declared,high,Wed,2,200,0.15518939428908807,0.1841410717520118,385,334
declared,high,Wed,2,300,0.3167498493502437,0.3565089140166119,385,334
declared,high,Wed,2,400,0.485917335223257,0.5316971563122622,385,334
declared,high,Wed,3,100,0.04136321894809479,0.05709369420653608,385,334
declared,high,Wed,3,200,0.15518939428908807,0.1841410717520118,385,334
declared,high,Wed,3,300,0.3167498493502437,0.3565089140166119,385,334
declared,high,Wed,3,400,0.485917335223257,0.5316971563122622,385,334
declared,high,Wed,4,100,0.04285027297998912,0.06084560250472223,390,339
declared,high,Wed,4,200,0.1575286769973093,0.1880870442725179,390,339
declared,high,Wed,4,300,0.3181573522650227,0.35788030118767306,390,339
declared,high,Wed,4,400,0.48690560835307684,0.5322017232902942,390,339
declared,high,Wed,5,100,0.042931743499643495,0.060949103423292884,391,340
declared,high,Wed,5,200,0.1578015164671179,0.18834579656894454,391,340
declared,high,Wed,5,300,0.31858617552142343,0.358268429632313,391,340
declared,high,Wed,5,400,0.48716897983475527,0.5323569746681501,391,340
declared,high,Wed,6,100,0.043473038960286474,0.061595984164359456,402,349
declared,high,Wed,6,200,0.1599009225244646,0.19036406448107226,402,349
declared,high,Wed,6,300,0.3221324673926101,0.36132170673014724,402,349
declared,high,Wed,6,400,0.4925225064133243,0.5365746370999043,402,349
declared,high,Wed,7,100,0.04795413101037986,0.06789660258234792,479,402
declared,high,Wed,7,200,0.1757587911115266,0.20945998395735763,479,402
declared,high,Wed,7,300,0.3527900422948154,0.396783708955417,479,402
declared,high,Wed,7,400,0.5307387450175337,0.5796180816104743,479,402
declared,high,Wed,8,100,0.32561556915870177,0.4140942375863586,4597,4033
declared,high,Wed,8,200,0.7033810778890983,0.7770978342432789,4597,4033
declared,high,Wed,8,300,0.8543271355853496,0.9087121898206847,4597,4033
declared,high,Wed,8,400,0.9094838384869817,0.9514839444200067,4597,4033
declared,high,Wed,9,100,0.33194379027467025,0.4211969881232696,4744,4166
declared,high,Wed,9,200,0.7087516610278968,0.7814836856677103,4744,4166
declared,high,Wed,9,300,0.8559748864754368,0.9099671384583539,4744,4166
declared,high,Wed,9,400,0.9104066662975402,0.9519755737832173,4744,4166
declared,high,Wed,10,100,0.33258123344886187,0.4219344321680855,4759,4180
declared,high,Wed,10,200,0.7089859492395622,0.7816389370455663,4759,4180
declared,high,Wed,10,300,0.8559748864754368,0.9099671384583539,4759,4180
declared,high,Wed,10,400,0.9104066662975402,0.9519755737832173,4759,4180
declared,high,Wed,11,100,0.33248527761235774,0.42188268170880017,4758,4180
declared,high,Wed,11,200,0.7088135879264332,0.781354309519497,4758,4180
declared,high,Wed,11,300,0.8559278628563459,0.9098765751546045,4758,4180
declared,high,Wed,11,400,0.9104066662975402,0.9519755737832173,4758,4180
declared,high,Wed,12,100,0.33051842929093633,0.4196444743447098,4693,4119
declared,high,Wed,12,200,0.7080597549139427,0.7808368049266438,4693,4119
declared,high,Wed,12,300,0.8556887847645354,0.9098636375397832,4693,4119
declared,high,Wed,12,400,0.9103898074144237,0.9519755737832173,4693,4119
declared,high,Wed,13,100,0.33088488353487644,0.42020079178202707,4725,4143
declared,high,Wed,13,200,0.7075617195611904,0.7804228012523611,4725,4143
declared,high,Wed,13,300,0.8555932101743308,0.9096436980878205,4725,4143
declared,high,Wed,13,400,0.9104051916955918,0.9519885113980386,4725,4143
declared,high,Wed,14,100,0.3326871450700119,0.42196030739772816,4763,4180
declared,high,Wed,14,200,0.7093886665004814,0.7820529407198489,4763,4180
declared,high,Wed,14,300,0.8561299243290829,0.9100706393769245,4763,4180
declared,high,Wed,14,400,0.9104525329162358,0.95200144901286,4763,4180
declared,high,Wed,15,100,0.3327485529060739,0.4221026211607628,4761,4180
declared,high,Wed,15,200,0.7092582295349155,0.7819365021864569,4761,4180
declared,high,Wed,15,300,0.8559036169558161,0.9100188889176392,4761,4180
declared,high,Wed,15,400,0.9103390284507711,0.9519108857091106,4761,4180
declared,high,Wed,16,100,0.331729712720752,0.42087354775273633,4726,4149
declared,high,Wed,16,200,0.7084695065168652,0.7810567443786064,4726,4149
declared,high,Wed,16,300,0.8555117293278929,0.9097860118508552,4726,4149
declared,high,Wed,16,400,0.9101122858516177,0.9517815095608974,4726,4149
declared,high,Wed,17,100,0.32849108761533186,0.41719926514347816,4625,4059
declared,high,Wed,17,200,0.7061911383674436,0.7789220379330867,4625,4059
declared,high,Wed,17,300,0.8545110160780266,0.9091132558801459,4625,4059
declared,high,Wed,17,400,0.9093329018980224,0.9512510673532227,4625,4059
declared,high,Wed,18,100,0.32345336588287427,0.41139027608870027,4490,3956
declared,high,Wed,18,200,0.7010179013957547,0.7740445571454446,4490,3956
declared,high,Wed,18,300,0.8525365488941522,0.9075478044867649,4490,3956
declared,high,Wed,18,400,0.9080964649459187,0.9506559370714415,4490,3956
declared,high,Wed,19,100,0.3198601746348313,0.40631873107873834,4405,3879
declared,high,Wed,19,200,0.6977068383665347,0.7711853442699304,4405,3879
declared,high,Wed,19,300,0.8518754926816827,0.9069914870494475,4405,3879
declared,high,Wed,19,400,0.9079099438691061,0.9505136233084068,4405,3879
declared,high,Wed,20,100,0.046995991733617445,0.06608533650736151,446,382
declared,high,Wed,20,200,0.1725079017115267,0.20475069216239294,446,382
declared,high,Wed,20,300,0.3481230534449978,0.3906383419152845,446,382
declared,high,Wed,20,400,0.5244664348673258,0.572424767769814,446,382
declared,high,Wed,21,100,0.0451301813300853,0.06382125391362849,424,365
declared,high,Wed,21,200,0.165897950956796,0.19757031593655394,424,365
declared,high,Wed,21,300,0.3354253183789527,0.37709265919735035,424,365
declared,high,Wed,21,400,0.5104519366204655,0.5574818226511761,424,365
declared,high,Wed,22,100,0.04408264082417908,0.06257924289078065,409,354
declared,high,Wed,22,200,0.1621629969788513,0.19343027919372785,409,354
declared,high,Wed,22,300,0.32757520591749806,0.36788107744456233,409,354
declared,high,Wed,22,400,0.5003071045348237,0.5462778482159029,409,354
declared,high,Wed,23,100,0.04345611037429191,0.06169948508293011,396,344
declared,high,Wed,23,200,0.15967529100266195,0.1907392553108909,396,344
declared,high,Wed,23,300,0.322469798656125,0.363107097575491,396,344
declared,high,Wed,23,400,0.49371127746484467,0.5406887986130877,396,344
declared,high,Thu,0,100,0.043192374088960844,0.06137604471239682,392,341
declared,high,Thu,0,200,0.15856976039024745,0.1895878075917924,392,341
declared,high,Thu,0,300,0.3201031483041478,0.3607524516780086,392,341
declared,high,Thu,0,400,0.49006847722043034,0.536600512329547,392,341
declared,high,Thu,1,100,0.041622026867386565,0.05757238595492535,386,335
declared,high,Thu,1,200,0.15603224770593788,0.18552539653789427,386,335
declared,high,Thu,1,300,0.31845854872046797,0.3590834993660569,386,335
declared,high,Thu,1,400,0.4888629663498263,0.5359277563588377,386,335
declared,high,Thu,2,100,0.04136321894809479,0.05709369420653608,385,334
declared,high,Thu,2,200,0.15518939428908807,0.1841410717520118,385,334
declared,high,Thu,2,300,0.3167498493502437,0.3565089140166119,385,334
declared,high,Thu,2,400,0.485917335223257,0.5316971563122622,385,334
declared,high,Thu,3,100,0.04136321894809479,0.05709369420653608,385,334
declared,high,Thu,3,200,0.15518939428908807,0.1841410717520118,385,334
declared,high,Thu,3,300,0.3167498493502437,0.3565089140166119,385,334
declared,high,Thu,3,400,0.485917335223257,0.5316971563122622,385,334
declared,high,Thu,4,100,0.04285027297998912,0.06084560250472223,390,339
declared,high,Thu,4,200,0.1575286769973093,0.1880870442725179,390,339
declared,high,Thu,4,300,0.3181573522650227,0.35788030118767306,390,339
declared,high,Thu,4,400,0.48690560835307684,0.5322017232902942,390,339
declared,high,Thu,5,100,0.042931743499643495,0.060949103423292884,391,340
declared,high,Thu,5,200,0.1578015164671179,0.18834579656894454,391,340
declared,high,Thu,5,300,0.31858617552142343,0.358268429632313,391,340
declared,high,Thu,5,400,0.48716897983475527,0.5323569746681501,391,340
declared,high,Thu,6,100,0.043473038960286474,0.061595984164359456,401,349
declared,high,Thu,6,200,0.1599009225244646,0.19036406448107226,401,349
declared,high,Thu,6,300,0.3219764404265975,0.3612311434263979,401,349
declared,high,Thu,6,400,0.49199215552796655,0.536095945351515,401,349
declared,high,Thu,7,100,0.04810215543418176,0.06814241726395322,479,403
declared,high,Thu,7,200,0.17623458349882382,0.20999042616503222,479,403
declared,high,Thu,7,300,0.35359740104119786,0.39758584107433953,479,403
declared,high,Thu,7,400,0.5321055684902505,0.5812223458483194,479,403
declared,high,Thu,8,100,0.325883402981237,0.4144176779568919,4597,4032
declared,high,Thu,8,200,0.7039558964690346,0.7780164048955934,4597,4032
declared,high,Thu,8,300,0.8543827453018347,0.9087121898206847,4597,4032
declared,high,Thu,8,400,0.9094812451073644,0.9514839444200067,4597,4032
declared,high,Thu,9,100,0.332353837633221,0.4216109917975522,4746,4167
declared,high,Thu,9,200,0.7096188222507751,0.7826739462312728,4746,4167
declared,high,Thu,9,300,0.8560152897440474,0.9099024503842471,4746,4167
declared,high,Thu,9,400,0.9104102323271407,0.9519755737832173,4746,4167
declared,high,Thu,10,100,0.33301507289709903,0.4223743110720108,4761,4182
declared,high,Thu,10,200,0.7098531104624405,0.7828291976091288,4761,4182
declared,high,Thu,10,300,0.8560152897440474,0.9099024503842471,4761,4182
declared,high,Thu,10,400,0.9104102323271407,0.9519755737832173,4761,4182
declared,high,Thu,11,100,0.3329191170605949,0.42232256061272544,4760,4182
declared,high,Thu,11,200,0.7096807491493113,0.7825445700830594,4760,4182
declared,high,Thu,11,300,0.8559682661249564,0.9098118870804979,4760,4182
declared,high,Thu,11,400,0.9104102323271407,0.9519755737832173,4760,4182
declared,high,Thu,12,100,0.33085571737294844,0.4200067275597071,4691,4119
declared,high,Thu,12,200,0.709024875988888,0.7821176287939555,4691,4119
declared,high,Thu,12,300,0.8558739111434701,0.9098765751546045,4691,4119
declared,high,Thu,12,400,0.9104087577251924,0.9519885113980386,4691,4119
declared,high,Thu,13,100,0.3312906150057869,0.420666545915595,4724,4145
declared,high,Thu,13,200,0.7083559893345311,0.781548373741817,4724,4145
declared,high,Thu,13,300,0.8555588936703529,0.9094755090951432,4724,4145
declared,high,Thu,13,400,0.910380380687448,0.9519755737832173,4724,4145
declared,high,Thu,14,100,0.33292099443730866,0.42224493492379744,4762,4181
declared,high,Thu,14,200,0.7097108479151637,0.7826868838460941,4762,4181
declared,high,Thu,14,300,0.8560152897440474,0.9099024503842471,4762,4181
declared,high,Thu,14,400,0.9104102323271407,0.9519755737832173,4762,4181
declared,high,Thu,15,100,0.332844313329164,0.42220612207933345,4758,4179
declared,high,Thu,15,200,0.7094102794340774,0.7824022563200248,4758,4179
declared,high,Thu,15,300,0.8557889823707805,0.9098506999249618,4758,4179
declared,high,Thu,15,400,0.9102967278616758,0.951885010479468,4758,4179
declared,high,Thu,16,100,0.33182547314384203,0.420977048671307,4723,4148
declared,high,Thu,16,200,0.7086215564160272,0.7815224985121743,4723,4148
declared,high,Thu,16,300,0.8553970947428572,0.9096178228581778,4723,4148
declared,high,Thu,16,400,0.9100699852625226,0.9517556343312547,4723,4148
declared,high,Thu,17,100,0.328436969165086,0.41708282661008617,4623,4057
declared,high,Thu,17,200,0.706432401916776,0.7794524801407613,4623,4057
declared,high,Thu,17,300,0.8545741213161988,0.9091132558801459,4623,4057
declared,high,Thu,17,400,0.909330308518405,0.9512510673532227,4623,4057
declared,high,Thu,18,100,0.3232641867605979,0.41117033663673763,4484,3950
declared,high,Thu,18,200,0.7011739903861366,0.7744844360493699,4484,3950
declared,high,Thu,18,300,0.8527649541468231,0.9077677439387275,4484,3950
declared,high,Thu,18,400,0.908199784556247,0.9507076875307269,4484,3950
declared,high,Thu,19,100,0.31966860098940947,0.406072916397133,4397,3871
declared,high,Thu,19,200,0.697825303876032,0.7715864103293917,4397,3871
declared,high,Thu,19,300,0.8521038979343537,0.9072114265014102,4397,3871
declared,high,Thu,19,400,0.9080132634794343,0.9505653737676922,4397,3871
declared,high,Thu,20,100,0.04706648739879378,0.06613708696664683,448,382
declared,high,Thu,20,200,0.1727588438622013,0.2049835692291769,448,382
declared,high,Thu,20,300,0.34838278468129896,0.39085828136724715,448,382
declared,high,Thu,20,400,0.5246795281439145,0.5725153310735632,448,382
declared,high,Thu,21,100,0.04520067699526164,0.06387300437291381,427,365
declared,high,Thu,21,200,0.16614889310747064,0.1978031930033379,427,365
declared,high,Thu,21,300,0.33570752631499035,0.37732553626413434,427,365
declared,high,Thu,21,400,0.5107199693665302,0.5575723859549253,427,365
declared,high,Thu,22,100,0.04408264082417908,0.06257924289078065,409,354
declared,high,Thu,22,200,0.1621629969788513,0.19343027919372785,409,354
declared,high,Thu,22,300,0.32757520591749806,0.36788107744456233,409,354
declared,high,Thu,22,400,0.5003071045348237,0.5462778482159029,409,354
declared,high,Thu,23,100,0.04345611037429191,0.06169948508293011,396,344
declared,high,Thu,23,200,0.15967529100266195,0.1907392553108909,396,344
declared,high,Thu,23,300,0.322469798656125,0.363107097575491,396,344
declared,high,Thu,23,400,0.49371127746484467,0.5406887986130877,396,344
declared,high,Fri,0,100,0.043192374088960844,0.06137604471239682,392,341
declared,high,Fri,0,200,0.15856976039024745,0.1895878075917924,392,341
declared,high,Fri,0,300,0.3201031483041478,0.3607524516780086,392,341
declared,high,Fri,0,400,0.49006847722043034,0.536600512329547,392,341
declared,high,Fri,1,100,0.041622026867386565,0.05757238595492535,386,335
declared,high,Fri,1,200,0.15603224770593788,0.18552539653789427,386,335
declared,high,Fri,1,300,0.31845854872046797,0.3590834993660569,386,335
declared,high,Fri,1,400,0.4888629663498263,0.5359277563588377,386,335
declared,high,Fri,2,100,0.04136321894809479,0.05709369420653608,385,334
declared,high,Fri,2,200,0.15518939428908807,0.1841410717520118,385,334
declared,high,Fri,2,300,0.3167498493502437,0.3565089140166119,385,334
declared,high,Fri,2,400,0.485917335223257,0.5316971563122622,385,334
declared,high,Fri,3,100,0.04136321894809479,0.05709369420653608,385,334
declared,high,Fri,3,200,0.15518939428908807,0.1841410717520118,385,334
declared,high,Fri,3,300,0.3167498493502437,0.3565089140166119,385,334
declared,high,Fri,3,400,0.485917335223257,0.5316971563122622,385,334
declared,high,Fri,4,100,0.04285027297998912,0.06084560250472223,390,339
declared,high,Fri,4,200,0.1575286769973093,0.1880870442725179,390,339
declared,high,Fri,4,300,0.3181573522650227,0.35788030118767306,390,339
declared,high,Fri,4,400,0.48690560835307684,0.5322017232902942,390,339
declared,high,Fri,5,100,0.042931743499643495,0.060949103423292884,391,340
declared,high,Fri,5,200,0.1578015164671179,0.18834579656894454,391,340
declared,high,Fri,5,300,0.31858617552142343,0.358268429632313,391,340
declared,high,Fri,5,400,0.48716897983475527,0.5323569746681501,391,340
declared,high,Fri,6,100,0.043473038960286474,0.061595984164359456,401,349
declared,high,Fri,6,200,0.1599009225244646,0.19036406448107226,401,349
declared,high,Fri,6,300,0.3219764404265975,0.3612311434263979,401,349
declared,high,Fri,6,400,0.49199215552796655,0.536095945351515,401,349
declared,high,Fri,7,100,0.04810215543418176,0.06814241726395322,479,403
declared,high,Fri,7,200,0.17623458349882382,0.20999042616503222,479,403
declared,high,Fri,7,300,0.35359740104119786,0.39758584107433953,479,403
declared,high,Fri,7,400,0.5321055684902505,0.5812223458483194,479,403
declared,high,Fri,8,100,0.32599831366307347,0.41458586694956917,4602,4035
declared,high,Fri,8,200,0.7038392182140981,0.7778482159029161,4602,4035
declared,high,Fri,8,300,0.8543754476167301,0.9087121898206847,4602,4035
declared,high,Fri,8,400,0.9094989927432118,0.9514839444200067,4602,4035
declared,high,Fri,9,100,0.3324761980967433,0.4217662431754082,4750,4169
declared,high,Fri,9,200,0.7096270506872426,0.7825963205423448,4750,4169
declared,high,Fri,9,300,0.8561568032404435,0.9099800760731751,4750,4169
declared,high,Fri,9,400,0.9104433642441561,0.9519885113980386,4750,4169
declared,high,Fri,10,100,0.33311364127093496,0.4225036872202241,4764,4183
declared,high,Fri,10,200,0.709861338898908,0.7827515719202008,4764,4183
declared,high,Fri,10,300,0.8561568032404435,0.9099800760731751,4764,4183
declared,high,Fri,10,400,0.9104433642441561,0.9519885113980386,4764,4183
declared,high,Fri,11,100,0.3330176854344307,0.42245193676093873,4763,4183
declared,high,Fri,11,200,0.709688977585779,0.7824669443941314,4763,4183
declared,high,Fri,11,300,0.8561097796213526,0.9098895127694259,4763,4183
declared,high,Fri,11,400,0.9104433642441561,0.9519885113980386,4763,4183
declared,high,Fri,12,100,0.3309198436817793,0.4201102284782777,4695,4120
declared,high,Fri,12,200,0.7088931729442851,0.7819494398012783,4695,4120
declared,high,Fri,12,300,0.855870701529542,0.9098765751546045,4695,4120
declared,high,Fri,12,400,0.9104265053610396,0.9519885113980386,4695,4120
declared,high,Fri,13,100,0.33133938469636565,0.420744171604523,4727,4145
declared,high,Fri,13,200,0.7083296150607004,0.781470748052889,4727,4145
declared,high,Fri,13,300,0.8557004071667491,0.9095531347840712,4727,4145
declared,high,Fri,13,400,0.9104135126044633,0.9519885113980386,4727,4145
declared,high,Fri,14,100,0.3328834868777192,0.4222319973089761,4764,4180
declared,high,Fri,14,200,0.7097040515619649,0.7826092581571662,4764,4180
declared,high,Fri,14,300,0.8561568032404435,0.9099800760731751,4764,4180
declared,high,Fri,14,400,0.9104433642441561,0.9519885113980386,4764,4180
declared,high,Fri,15,100,0.332830597859261,0.4222190596941548,4760,4179
declared,high,Fri,15,200,0.7094034830808785,0.7823246306310968,4760,4179
declared,high,Fri,15,300,0.8559304958671766,0.9099283256138898,4760,4179
declared,high,Fri,15,400,0.9103298597786913,0.9518979480942893,4760,4179
declared,high,Fri,16,100,0.3314887261277095,0.420627733071131,4709,4133
declared,high,Fri,16,200,0.7085925428976443,0.7814189975936037,4709,4133
declared,high,Fri,16,300,0.8555386082392534,0.9096954485471058,4709,4133
declared,high,Fri,16,400,0.910103117179538,0.951768571946076,4709,4133
declared,high,Fri,17,100,0.3278469193880713,0.41655238440241155,4618,4050
declared,high,Fri,17,200,0.7051539424494343,0.7782751571920201,4618,4050
declared,high,Fri,17,300,0.8543561349179554,0.9089709421171113,4618,4050
declared,high,Fri,17,400,0.909330566573301,0.9512381297384014,4618,4050
declared,high,Fri,18,100,0.32334913404474974,0.4113255880145936,4486,3951
declared,high,Fri,18,200,0.7010009171457569,0.7742774342122286,4486,3951
declared,high,Fri,18,300,0.8527576564617184,0.9077677439387275,4486,3951
declared,high,Fri,18,400,0.9082175321920942,0.9507076875307269,4486,3951
declared,high,Fri,19,100,0.31975594279670677,0.4062540430046317,4402,3874
declared,high,Fri,19,200,0.6976823591280636,0.7714182213367143,4402,3874
declared,high,Fri,19,300,0.852096600249249,0.9072114265014102,4402,3874
declared,high,Fri,19,400,0.9080310111152816,0.9505653737676922,4402,3874
declared,high,Fri,20,100,0.046995991733617445,0.06608533650736151,446,382
declared,high,Fri,20,200,0.1725079017115267,0.20475069216239294,446,382
declared,high,Fri,20,300,0.3481230534449978,0.3906383419152845,446,382
declared,high,Fri,20,400,0.5244664348673258,0.572424767769814,446,382
declared,high,Fri,21,100,0.0451301813300853,0.06382125391362849,425,365
declared,high,Fri,21,200,0.165897950956796,0.19757031593655394,425,365
declared,high,Fri,21,300,0.3354253183789527,0.37709265919735035,425,365
declared,high,Fri,21,400,0.5104519366204655,0.5574818226511761,425,365
declared,high,Fri,22,100,0.04408264082417908,0.06257924289078065,409,354
declared,high,Fri,22,200,0.1621629969788513,0.19343027919372785,409,354
declared,high,Fri,22,300,0.32757520591749806,0.36788107744456233,409,354
declared,high,Fri,22,400,0.5003071045348237,0.5462778482159029,409,354
declared,high,Fri,23,100,0.04345611037429191,0.06169948508293011,396,344
declared,high,Fri,23,200,0.15967529100266195,0.1907392553108909,396,344
declared,high,Fri,23,300,0.322469798656125,0.363107097575491,396,344
declared,high,Fri,23,400,0.49371127746484467,0.5406887986130877,396,344
declared,high,Sat,0,100,0.04209342371326429,0.059875281393122363,380,329
declared,high,Sat,0,200,0.15484143008113935,0.18543483323414495,380,329
declared,high,Sat,0,300,0.31335876292898723,0.35296400755556706,380,329
declared,high,Sat,0,400,0.4818673932887229,0.5274406810360442,380,329
declared,high,Sat,1,100,0.04052307649169002,0.056071622635650895,374,323
declared,high,Sat,1,200,0.15230391739682975,0.18137242218024685,374,323
declared,high,Sat,1,300,0.3117141633453074,0.35129505524361526,374,323
declared,high,Sat,1,400,0.480661882418119,0.526767925065335,374,323
declared,high,Sat,2,100,0.040264268572398246,0.055592930887261624,373,322
declared,high,Sat,2,200,0.1514610639799799,0.1799880973943644,373,322
declared,high,Sat,2,300,0.3100054639750831,0.3487204698941703,373,322
declared,high,Sat,2,400,0.4777162512915497,0.5225373250187595,373,322
declared,high,Sat,3,100,0.040264268572398246,0.055592930887261624,373,322
declared,high,Sat,3,200,0.1514610639799799,0.1799880973943644,373,322
declared,high,Sat,3,300,0.3100054639750831,0.3487204698941703,373,322
declared,high,Sat,3,400,0.4777162512915497,0.5225373250187595,373,322
declared,high,Sat,4,100,0.041751322604292575,0.05934483918544777,378,327
declared,high,Sat,4,200,0.15380034668820117,0.1839340699148705,378,327
declared,high,Sat,4,300,0.3114129668898621,0.35009185706523144,378,327
declared,high,Sat,4,400,0.4787045244213695,0.5230418919967915,378,327
declared,high,Sat,5,100,0.04183279312394696,0.05944834010401842,379,328
declared,high,Sat,5,200,0.1540731861580098,0.18419282221129712,379,328
declared,high,Sat,5,300,0.3118417901462629,0.3504799855098714,379,328
declared,high,Sat,5,400,0.47896789590304795,0.5231971433746474,379,328
declared,high,Sat,6,100,0.042041387453227004,0.0598494061634797,384,332
declared,high,Sat,6,200,0.15496753627536852,0.1851760809377183,384,332
declared,high,Sat,6,300,0.31346641502368383,0.3520454369032525,384,332
declared,high,Sat,6,400,0.481351077010243,0.5251636608274899,384,332
declared,high,Sat,7,100,0.0433212330817893,0.06142779517168215,401,346
declared,high,Sat,7,200,0.160271585442453,0.19145082412606412,401,346
declared,high,Sat,7,300,0.32568019380964774,0.36631562605118123,401,346
declared,high,Sat,7,400,0.49835313128134673,0.5448676482003778,401,346
declared,high,Sat,8,100,0.1079583417927348,0.14669961445907834,1083,941
declared,high,Sat,8,200,0.3443365666187073,0.40272207415840816,1083,941
declared,high,Sat,8,300,0.5849235719279882,0.6457034181178358,1083,941
declared,high,Sat,8,400,0.7532135782777053,0.8086397391776852,1083,941
declared,high,Sat,9,100,0.10994691002115649,0.14922244934923798,1111,968
declared,high,Sat,9,200,0.34947175092066746,0.4080653090796181,1111,968
declared,high,Sat,9,300,0.5918964675442158,0.6525862292027842,1111,968
declared,high,Sat,9,400,0.7587954566881036,0.8138924107951458,1111,968
declared,high,Sat,10,100,0.11115782944057484,0.15059383652029912,1124,978
declared,high,Sat,10,200,0.3513146918768134,0.40982482469531917,1124,978
declared,high,Sat,10,300,0.5929264317572809,0.6533236732476001,1124,978
declared,high,Sat,10,400,0.7591693624986929,0.8140994126322871,1124,978
declared,high,Sat,11,100,0.11112425134461913,0.15060677413512044,1124,978
declared,high,Sat,11,200,0.351081024544948,0.40941082102103654,1124,978
declared,high,Sat,11,300,0.5925964640075613,0.6528191062695682,1124,978
declared,high,Sat,11,400,0.7591424360104774,0.8140605997878231,1124,978
declared,high,Sat,12,100,0.11004809497552118,0.14944238880120062,1107,964
declared,high,Sat,12,200,0.34870082447091355,0.40713380081248224,1107,964
declared,high,Sat,12,300,0.5892902705677215,0.6498046420161979,1107,964
declared,high,Sat,12,400,0.7564501893103156,0.8115118896680208,1107,964
declared,high,Sat,13,100,0.11003943870460367,0.14936476311227262,1107,964
declared,high,Sat,13,200,0.3483869463033895,0.4067586099826636,1107,964
declared,high,Sat,13,300,0.5896707118636255,0.6499728310088752,1107,964
declared,high,Sat,13,400,0.7566671468143966,0.8117059538903407,1107,964
declared,high,Sat,14,100,0.11068912725945534,0.14992108054958989,1116,971
declared,high,Sat,14,200,0.34961375156006425,0.4080523714647967,1116,971
declared,high,Sat,14,300,0.591018090500997,0.6513183429502937,1116,971
declared,high,Sat,14,400,0.7573609412966459,0.8123916474758713,1116,971
declared,high,Sat,15,100,0.11086602897909072,0.15016689523119517,1116,971
declared,high,Sat,15,200,0.3501367616581437,0.408686314591042,1116,971
declared,high,Sat,15,300,0.5916396211304344,0.6520299117654669,1116,971
declared,high,Sat,15,400,0.7580307252120063,0.8131420291355086,1116,971
declared,high,Sat,16,100,0.11083477712372719,0.15007633192744585,1115,971
declared,high,Sat,16,200,0.35008532526265884,0.4084793127539007,1115,971
declared,high,Sat,16,300,0.5917876357956091,0.6521204750692162,1115,971
declared,high,Sat,16,400,0.7580307252120063,0.8131420291355086,1115,971
declared,high,Sat,17,100,0.11064583029910714,0.14990814293476853,1112,968
declared,high,Sat,17,200,0.3496048205203619,0.4080264962351541,1112,968
declared,high,Sat,17,300,0.5910393606669896,0.6514994695577924,1112,968
declared,high,Sat,17,400,0.7575683602023706,0.8127797759205113,1112,968
declared,high,Sat,18,100,0.10844403821696365,0.14698424198514762,1082,939
declared,high,Sat,18,200,0.3441844052642156,0.4021657567210909,1082,939
declared,high,Sat,18,300,0.5850382693821623,0.6455093538955158,1082,939
declared,high,Sat,18,400,0.7539989588822225,0.8095583098299998,1082,939
declared,high,Sat,19,100,0.10661921819434411,0.14461665847284394,1056,919
declared,high,Sat,19,200,0.33841914534908574,0.39616270344399307,1056,919
declared,high,Sat,19,300,0.5777586619797066,0.6390534840996713,1056,919
declared,high,Sat,19,400,0.7482746751097112,0.8044738272052164,1056,919
declared,high,Sat,20,100,0.044289414664944585,0.06265686857970865,409,351
declared,high,Sat,20,200,0.16337988923833652,0.194840479209253,409,351
declared,high,Sat,20,300,0.33159193944211696,0.3727714958470256,409,351
declared,high,Sat,20,400,0.5053281199842324,0.5521903381892515,409,351
declared,high,Sat,21,100,0.04313037060377327,0.06111729241597019,399,341
declared,high,Sat,21,200,0.15862123715020965,0.18934199291018708,399,341
declared,high,Sat,21,300,0.32150899198627036,0.3615028333376459,399,341
declared,high,Sat,21,400,0.4933829613371486,0.5391880352938132,399,341
declared,high,Sat,22,100,0.042667406670148025,0.06061272543793826,392,337
declared,high,Sat,22,200,0.15705265680729857,0.18777654151680595,392,337
declared,high,Sat,22,300,0.3179578614654534,0.35731104613553444,392,337
declared,high,Sat,22,400,0.4886592445691823,0.5340129893652806,392,337
declared,high,Sat,23,100,0.04235715999859537,0.06019872176365565,385,332
declared,high,Sat,23,200,0.1559469606935538,0.18658628095324345,385,332
declared,high,Sat,23,300,0.31574788998070086,0.3553315910678707,385,332
declared,high,Sat,23,400,0.485671897098527,0.5315936553936916,385,332
declared,high,Sun,0,100,0.04178277452993401,0.05937071441509043,378,328
declared,high,Sun,0,200,0.1540494982049868,0.18437394881879576,378,328
declared,high,Sun,0,300,0.31307142208623245,0.3527052552591404,378,328
declared,high,Sun,0,400,0.4818305197361548,0.5273889305767588,378,328
declared,high,Sun,1,100,0.04021242730835975,0.05556705565761896,372,322
declared,high,Sun,1,200,0.15151198552067718,0.18031153776489767,372,322
declared,high,Sun,1,300,0.3114268225025526,0.3510363029471887,372,322
declared,high,Sun,1,400,0.48062500886555093,0.5267161746060496,372,322
declared,high,Sun,2,100,0.039953619389067954,0.05508836390922969,371,321
declared,high,Sun,2,200,0.15066913210382735,0.17892721297901518,371,321
declared,high,Sun,2,300,0.3097181231323283,0.3484617175977437,371,321
declared,high,Sun,2,400,0.4776793777389816,0.5224855745594742,371,321
declared,high,Sun,3,100,0.039953619389067954,0.05508836390922969,371,321
declared,high,Sun,3,200,0.15066913210382735,0.17892721297901518,371,321
declared,high,Sun,3,300,0.3097181231323283,0.3484617175977437,371,321
declared,high,Sun,3,400,0.4776793777389816,0.5224855745594742,371,321
declared,high,Sun,4,100,0.0414406734209623,0.05884027220741584,376,326
declared,high,Sun,4,200,0.1530084148120486,0.1828731854995213,376,326
declared,high,Sun,4,300,0.3111256260471073,0.3498331047688048,376,326
declared,high,Sun,4,400,0.4786676508688014,0.5229901415375061,376,326
declared,high,Sun,5,100,0.04152214394061667,0.05894377312598649,377,327
declared,high,Sun,5,200,0.1532812542818572,0.18313193779594794,377,327
declared,high,Sun,5,300,0.31155444930350806,0.3502212332134448,377,327
declared,high,Sun,5,400,0.47893102235047985,0.5231453929153621,377,327
declared,high,Sun,6,100,0.041613233735218386,0.059111962118663805,378,328
declared,high,Sun,6,200,0.15367885320353716,0.18350712862576654,378,328
declared,high,Sun,6,300,0.3118757431916091,0.35054467358397806,378,328
declared,high,Sun,6,400,0.4789397181545663,0.5231453929153621,378,328
declared,high,Sun,7,100,0.04215765318544298,0.05993996946722902,386,334
declared,high,Sun,7,200,0.1561575966821061,0.1867674075607421,386,334
declared,high,Sun,7,300,0.31841862123261777,0.3584366186249903,386,334
declared,high,Sun,7,400,0.49015694462789633,0.5363546976479416,386,334
declared,high,Sun,8,100,0.09478062718856721,0.1293761482133154,888,786
declared,high,Sun,8,200,0.30772969675206113,0.3604031360778327,888,786
declared,high,Sun,8,300,0.5422187735615417,0.6011592102879914,888,786
declared,high,Sun,8,400,0.7195607325817261,0.7742386213677647,888,786
declared,high,Sun,9,100,0.0960448353989553,0.1310192252956245,903,801
declared,high,Sun,9,200,0.31093569908717905,0.3639221673092349,903,801
declared,high,Sun,9,300,0.5467640061330091,0.6060755039200972,903,801
declared,high,Sun,9,400,0.7232999836411798,0.7779517168214868,903,801
declared,high,Sun,10,100,0.0969401088490669,0.13209304732579502,913,811
declared,high,Sun,10,200,0.3125622503802175,0.3656169948508293,913,811
declared,high,Sun,10,300,0.548391917244695,0.6076538929282997,913,811
declared,high,Sun,10,400,0.7249676200394054,0.7796724195927239,913,811
declared,high,Sun,11,100,0.09698841031274472,0.13211892255543767,914,812
declared,high,Sun,11,200,0.3123489701977979,0.3652029911765467,914,812
declared,high,Sun,11,300,0.5480652990490413,0.6071493259502678,914,812
declared,high,Sun,11,400,0.7249406935511897,0.7796336067482599,914,812
declared,high,Sun,12,100,0.09638589108120343,0.13149791704401376,909,807
declared,high,Sun,12,200,0.3114850103261383,0.3644655471317308,909,807
declared,high,Sun,12,300,0.5472214761080137,0.6063730690609879,909,807
declared,high,Sun,12,400,0.7239420935745974,0.7789867260071933,909,807
declared,high,Sun,13,100,0.09605525695770599,0.13109685098455248,906,804
declared,high,Sun,13,200,0.3103561423290973,0.36333997464227497,906,804
declared,high,Sun,13,300,0.5460441849119259,0.6052604341863534,906,804
declared,high,Sun,13,400,0.7230640675155837,0.7781587186586281,906,804
declared,high,Sun,14,100,0.09625304782522995,0.13121328951794448,909,807
declared,high,Sun,14,200,0.310892432609493,0.3639092296944135,909,807
declared,high,Sun,14,300,0.5466395206607053,0.6059331901570626,909,807
declared,high,Sun,14,400,0.7231427779914592,0.7782492819623774,909,807
declared,high,Sun,15,100,0.09625304782522995,0.13121328951794448,909,807
declared,high,Sun,15,200,0.310892432609493,0.3639092296944135,909,807
declared,high,Sun,15,300,0.5466395206607053,0.6059331901570626,909,807
declared,high,Sun,15,400,0.7231427779914592,0.7782492819623774,909,807
declared,high,Sun,16,100,0.09618017760052355,0.13107097575490984,908,806
declared,high,Sun,16,200,0.3106635383398647,0.3635728517090589,908,806
declared,high,Sun,16,300,0.5466395206607053,0.6059331901570626,908,806
declared,high,Sun,16,400,0.7231427779914592,0.7782492819623774,908,806
declared,high,Sun,17,100,0.09601217738790267,0.1308510363029472,904,802
declared,high,Sun,17,200,0.3106526827886252,0.3635728517090589,904,802
declared,high,Sun,17,300,0.5466395206607053,0.6059331901570626,904,802
declared,high,Sun,17,400,0.7231427779914592,0.7782492819623774,904,802
declared,high,Sun,18,100,0.09545976424595412,0.1300747794136673,896,794
declared,high,Sun,18,200,0.3083511568713101,0.3608559525965793,896,794
declared,high,Sun,18,300,0.5434364736070768,0.6022718451626258,896,794
declared,high,Sun,18,400,0.7208155034118737,0.7761016379020363,896,794
declared,high,Sun,19,100,0.09518169290288414,0.12988071519134733,889,789
declared,high,Sun,19,200,0.3074968744947623,0.3601573213962274,889,789
declared,high,Sun,19,300,0.5416140770455785,0.6009263332212074,889,789
declared,high,Sun,19,400,0.7189512377846397,0.7744844360493699,889,789
declared,high,Sun,20,100,0.04287541004159328,0.06084560250472223,392,340
declared,high,Sun,20,200,0.15863001754804323,0.18965249566589903,392,340
declared,high,Sun,20,300,0.32445102655604785,0.3656299324656506,392,340
declared,high,Sun,20,400,0.4978317560746074,0.5451522757264471,392,340
declared,high,Sun,21,100,0.04207135269603311,0.05966827955598106,386,334
declared,high,Sun,21,200,0.15544713208317745,0.1857453359898569,386,334
declared,high,Sun,21,300,0.318191729988564,0.3582166791730277,386,334
declared,high,Sun,21,400,0.49072619427063113,0.5367040132481176,386,334
declared,high,Sun,22,100,0.04183890970388621,0.05944834010401842,384,332
declared,high,Sun,22,200,0.15468936316738666,0.18491732864129168,384,332
declared,high,Sun,22,300,0.3162545371439894,0.3557973452014387,384,332
declared,high,Sun,22,400,0.48828324625523006,0.5337671746836753,384,332
declared,high,Sun,23,100,0.04169756165397535,0.05925427588169845,380,329
declared,high,Sun,23,200,0.15407446336210212,0.18423163505576112,380,329
declared,high,Sun,23,300,0.31460739353729317,0.35429658188216423,380,329
declared,high,Sun,23,400,0.48545660995839396,0.531451341630657,380,329
strict,high,Mon,0,100,0.031737242371298456,0.04620022252697493,264,230
strict,high,Mon,0,200,0.11850742549528444,0.14475897223587858,264,230
strict,high,Mon,0,300,0.24947959973623274,0.28555903433642976,264,230
strict,high,Mon,0,400,0.4007207582396075,0.44456232049059435,264,230
strict,high,Mon,1,100,0.030565807697587877,0.04306931974021269,260,226
strict,high,Mon,1,200,0.11629234598399732,0.1413175666934044,260,226
strict,high,Mon,1,300,0.24737626948967062,0.2835278288094807,260,226
strict,high,Mon,1,400,0.3982841298706205,0.4426216782673946,260,226
strict,high,Mon,2,100,0.030306999778296092,0.04259062799182343,259,225
strict,high,Mon,2,200,0.1154494925671475,0.13993324190752193,259,225
strict,high,Mon,2,300,0.24566757011944637,0.2809532434600357,259,225
strict,high,Mon,2,400,0.39533849874405114,0.4383910782208192,259,225
strict,high,Mon,3,100,0.030306999778296092,0.04259062799182343,259,225
strict,high,Mon,3,200,0.1154494925671475,0.13993324190752193,259,225
strict,high,Mon,3,300,0.24566757011944637,0.2809532434600357,259,225
strict,high,Mon,3,400,0.39533849874405114,0.4383910782208192,259,225
strict,high,Mon,4,100,0.03147843445200667,0.04572153077858566,263,229
strict,high,Mon,4,200,0.11766457207843461,0.14337464744999612,263,229
strict,high,Mon,4,300,0.24777090036600843,0.28298444898698477,263,229
strict,high,Mon,4,400,0.3977751271130382,0.4403317204440189,263,229
strict,high,Mon,5,100,0.03147843445200667,0.04572153077858566,263,229
strict,high,Mon,5,200,0.11766457207843461,0.14337464744999612,263,229
strict,high,Mon,5,300,0.24777090036600843,0.28298444898698477,263,229
strict,high,Mon,5,400,0.3977751271130382,0.4403317204440189,263,229
strict,high,Mon,6,100,0.03177103042168498,0.04599322068983362,268,233
strict,high,Mon,6,200,0.11882168566712462,0.1446295960876653,268,233
strict,high,Mon,6,300,0.2502902363037518,0.28549434626232306,268,233
strict,high,Mon,6,400,0.4013886272486826,0.4433720599270318,268,233
strict,high,Mon,7,100,0.0343103818851754,0.04993919321033974,303,258
strict,high,Mon,7,200,0.12828842487835507,0.15655807695293295,303,258
strict,high,Mon,7,300,0.26920643473086014,0.30759179237715734,303,258
strict,high,Mon,7,400,0.42362770757890433,0.46813465469506044,303,258
strict,high,Mon,8,100,0.26179530782094707,0.3381763138147851,3124,2789
strict,high,Mon,8,200,0.6378943854860745,0.7156312262271327,3124,2789
strict,high,Mon,8,300,0.8236955477033394,0.8815690739255311,3124,2789
strict,high,Mon,8,400,0.8944878366780588,0.940292907599555,3124,2789
strict,high,Mon,9,100,0.2657417349014576,0.3430667322172484,3187,2844
strict,high,Mon,9,200,0.6426107778425755,0.7200170776515642,3187,2844
strict,high,Mon,9,300,0.8253410829794687,0.8831345253189122,3187,2844
strict,high,Mon,9,400,0.8947682375768826,0.9404999094366963,3187,2844
strict,high,Mon,10,100,0.2659390898981198,0.3432349212099257,3194,2851
strict,high,Mon,10,200,0.6427035152775906,0.7200947033404922,3194,2851
strict,high,Mon,10,300,0.8253496097896955,0.8831345253189122,3194,2851
strict,high,Mon,10,400,0.8947682375768826,0.9404999094366963,3194,2851
strict,high,Mon,11,100,0.2659390898981198,0.3432349212099257,3193,2851
strict,high,Mon,11,200,0.6427035152775906,0.7200947033404922,3193,2851
strict,high,Mon,11,300,0.8253496097896955,0.8831345253189122,3193,2851
strict,high,Mon,11,400,0.8947682375768826,0.9404999094366963,3193,2851
strict,high,Mon,12,100,0.2648902902522198,0.3419929101870779,3164,2825
strict,high,Mon,12,200,0.6420941963985046,0.7196289492069242,3164,2825
strict,high,Mon,12,300,0.8250339413287344,0.8829663363262349,3164,2825
strict,high,Mon,12,400,0.8946153368815555,0.940448158977411,3164,2825
strict,high,Mon,13,100,0.2648944782969595,0.3419929101870779,3179,2836
strict,high,Mon,13,200,0.6417148735121104,0.7192278831474629,3179,2836
strict,high,Mon,13,300,0.8248921349532471,0.8826817088001656,3179,2836
strict,high,Mon,13,400,0.8946679007241938,0.9404093461329469,3179,2836
strict,high,Mon,14,100,0.26580947160507595,0.3430667322172484,3193,2849
strict,high,Mon,14,200,0.6425228092670124,0.7199135767329935,3193,2849
strict,high,Mon,14,300,0.8253457816743299,0.8831215877040909,3193,2849
strict,high,Mon,14,400,0.8947682375768826,0.9404999094366963,3193,2849
strict,high,Mon,15,100,0.2657499008138516,0.34302791937278443,3191,2848
strict,high,Mon,15,200,0.6422222407859263,0.7196289492069242,3191,2848
strict,high,Mon,15,300,0.8250919557960193,0.8830180867855202,3191,2848
strict,high,Mon,15,400,0.8946391627211229,0.9404093461329469,3191,2848
strict,high,Mon,16,100,0.2652708392057677,0.34239397624653917,3175,2833
strict,high,Mon,16,200,0.6415244026555275,0.7188526923176444,3175,2833
strict,high,Mon,16,300,0.8248339318919037,0.8828757730224855,3175,2833
strict,high,Mon,16,400,0.894519596100072,0.940370533288483,3175,2833
strict,high,Mon,17,100,0.26320624971179657,0.3398711413563795,3137,2801
strict,high,Mon,17,200,0.6394212138954687,0.7167567987165886,3137,2801
strict,high,Mon,17,300,0.8243501617813815,0.882267705125883,3137,2801
strict,high,Mon,17,400,0.8944948075314426,0.9403317204440189,3137,2801
strict,high,Mon,18,100,0.259994121890957,0.3360027945248014,3075,2754
strict,high,Mon,18,200,0.635568949335742,0.7130437032628665,3075,2754
strict,high,Mon,18,300,0.8225130667585387,0.8807798794214299,3075,2754
strict,high,Mon,18,400,0.8934774792250424,0.9395813387843817,3075,2754
strict,high,Mon,19,100,0.25796723863962573,0.3327295779750045,3036,2722
strict,high,Mon,19,200,0.6341678182414829,0.7122415711439439,3036,2722
strict,high,Mon,19,300,0.8220750789690053,0.8805340647398245,3036,2722
strict,high,Mon,19,400,0.8932297359436299,0.9394260874065258,3036,2722
strict,high,Mon,20,100,0.03362552224323202,0.048114989520531996,286,249
strict,high,Mon,20,200,0.12651077268943384,0.15298729526224544,286,249
strict,high,Mon,20,300,0.2672338814398886,0.30328356664165396,286,249
strict,high,Mon,20,400,0.4233804965299612,0.46609051155329,286,249
strict,high,Mon,21,100,0.03287038302615324,0.0473775454757161,279,243
strict,high,Mon,21,200,0.12357768916836129,0.15017983284601652,279,243
strict,high,Mon,21,300,0.2607007130955915,0.2969570729940228,279,243
strict,high,Mon,21,400,0.4156834955531197,0.45872900871995237,279,243
strict,high,Mon,22,100,0.032024485343245604,0.046368411519652236,269,234
strict,high,Mon,22,200,0.12031744039788318,0.1462726731699744,269,234
strict,high,Mon,22,300,0.2534837118269657,0.2886640618935493,269,234
strict,high,Mon,22,400,0.4058649404051993,0.44841772970735116,269,234
strict,high,Mon,23,100,0.03179979939480493,0.04610965922322561,265,231
strict,high,Mon,23,200,0.11902218671842443,0.14491422361373457,265,231
strict,high,Mon,23,300,0.2503452320588053,0.2857530985587497,265,231
strict,high,Mon,23,400,0.4011507642016146,0.44409656635702643,265,231
strict,high,Tue,0,100,0.03166406182305836,0.045941470230548294,264,230
strict,high,Tue,0,200,0.11848532391275347,0.14437084379123866,264,230
strict,high,Tue,0,300,0.2490179375686572,0.2843170233135819,264,230
strict,high,Tue,0,400,0.39842714356555,0.4409139131109789,264,230
strict,high,Tue,1,100,0.030492627149347775,0.042810567443786064,260,226
strict,high,Tue,1,200,0.11627024440146635,0.14092943824876447,260,226
strict,high,Tue,1,300,0.24736011725246504,0.28277744714984343,260,226
strict,high,Tue,1,400,0.39707542174239624,0.439904779154915,260,226
strict,high,Tue,2,100,0.030492627149347775,0.042810567443786064,260,226
strict,high,Tue,2,200,0.11627024440146635,0.14092943824876447,260,226
strict,high,Tue,2,300,0.24736011725246504,0.28277744714984343,260,226
strict,high,Tue,2,400,0.39707542174239624,0.439904779154915,260,226
strict,high,Tue,3,100,0.030492627149347775,0.042810567443786064,260,226
strict,high,Tue,3,200,0.11627024440146635,0.14092943824876447,260,226
strict,high,Tue,3,300,0.24736011725246504,0.28277744714984343,260,226
strict,high,Tue,3,400,0.39707542174239624,0.439904779154915,260,226
strict,high,Tue,4,100,0.03166406182305836,0.045941470230548294,264,230
strict,high,Tue,4,200,0.11848532391275347,0.14437084379123866,264,230
strict,high,Tue,4,300,0.2490179375686572,0.2843170233135819,264,230
strict,high,Tue,4,400,0.39842714356555,0.4409139131109789,264,230
strict,high,Tue,5,100,0.03166406182305836,0.045941470230548294,264,230
strict,high,Tue,5,200,0.11848532391275347,0.14437084379123866,264,230
strict,high,Tue,5,300,0.2490179375686572,0.2843170233135819,264,230
strict,high,Tue,5,400,0.39842714356555,0.4409139131109789,264,230
strict,high,Tue,6,100,0.03195665779273666,0.04621316014179626,269,234
strict,high,Tue,6,200,0.11964243750144349,0.1456257924289078,269,234
strict,high,Tue,6,300,0.2515372735064006,0.28682692058892023,269,234
strict,high,Tue,6,400,0.4020406437011943,0.4439542525939918,269,234
strict,high,Tue,7,100,0.03449600925622709,0.050159132662302375,304,259
strict,high,Tue,7,200,0.1291091767126739,0.15755427329417548,304,259
strict,high,Tue,7,300,0.27045347193350894,0.3089243667037545,304,259
strict,high,Tue,7,400,0.42425455864788686,0.46871684736202035,304,259
strict,high,Tue,8,100,0.2622701357842666,0.338836132170673,3124,2792
strict,high,Tue,8,200,0.638509837248896,0.7162781069681994,3124,2792
strict,high,Tue,8,300,0.8247900357102356,0.8829404610965922,3124,2792
strict,high,Tue,8,400,0.895698955453177,0.9415607938520454,3124,2792
strict,high,Tue,9,100,0.2663944926544666,0.3438947395658136,3191,2850
strict,high,Tue,9,200,0.6434833604031387,0.7208062721556654,3191,2850
strict,high,Tue,9,300,0.8265015867139337,0.8845059124899733,3191,2850
strict,high,Tue,9,400,0.896016186829311,0.9417677956891868,3191,2850
strict,high,Tue,10,100,0.2667144283092541,0.3442052423215256,3198,2857
strict,high,Tue,10,200,0.6435919452943433,0.7208968354594147,3198,2857
strict,high,Tue,10,300,0.8265101135241607,0.8845059124899733,3198,2857
strict,high,Tue,10,400,0.896016186829311,0.9417677956891868,3198,2857
strict,high,Tue,11,100,0.2667144283092541,0.3442052423215256,3197,2857
strict,high,Tue,11,200,0.6435919452943433,0.7208968354594147,3197,2857
strict,high,Tue,11,300,0.8265101135241607,0.8845059124899733,3197,2857
strict,high,Tue,11,400,0.896016186829311,0.9417677956891868,3197,2857
strict,high,Tue,12,100,0.26544463906650173,0.3426786037726085,3167,2831
strict,high,Tue,12,200,0.6429072517904015,0.7203922684813828,3167,2831
strict,high,Tue,12,300,0.826191789348456,0.884337723497296,3167,2831
strict,high,Tue,12,400,0.8958632861339839,0.9417160452299014,3167,2831
strict,high,Tue,13,100,0.26562133756658873,0.34285973038010714,3183,2843
strict,high,Tue,13,200,0.642544228774359,0.7200170776515642,3183,2843
strict,high,Tue,13,300,0.8260499829729685,0.8840530959712267,3183,2843
strict,high,Tue,13,400,0.8959158499766221,0.9416772323854374,3183,2843
strict,high,Tue,14,100,0.26653633087470524,0.3439335524102776,3197,2856
strict,high,Tue,14,200,0.6433521645292611,0.7207027712370947,3197,2856
strict,high,Tue,14,300,0.8265036296940514,0.884492974875152,3197,2856
strict,high,Tue,14,400,0.896016186829311,0.9417677956891868,3197,2856
strict,high,Tue,15,100,0.2665266898807028,0.3439335524102776,3196,2856
strict,high,Tue,15,200,0.6430520484623368,0.7204310813258468,3196,2856
strict,high,Tue,15,300,0.8262498038157409,0.8843894739565814,3196,2856
strict,high,Tue,15,400,0.8958871119735512,0.9416772323854374,3196,2856
strict,high,Tue,16,100,0.266047628272619,0.3432996092840324,3180,2841
strict,high,Tue,16,200,0.6423542103319381,0.7196548244365669,3180,2841
strict,high,Tue,16,300,0.8259917799116252,0.8842471601935468,3180,2841
strict,high,Tue,16,400,0.8957675453525004,0.9416384195409734,3180,2841
strict,high,Tue,17,100,0.26393310898142586,0.3407379615494088,3141,2808
strict,high,Tue,17,200,0.6402505691577173,0.7175459932206898,3141,2808
strict,high,Tue,17,300,0.8255034765731686,0.8836390922969442,3141,2808
strict,high,Tue,17,400,0.8957427567838709,0.9415996066965094,3141,2808
strict,high,Tue,18,100,0.2606600100510921,0.3368178642585453,3077,2759
strict,high,Tue,18,200,0.6364194392075412,0.7138328977669677,3077,2759
strict,high,Tue,18,300,0.8236735704930037,0.882151266592491,3077,2759
strict,high,Tue,18,400,0.8947254284774706,0.9408492250368722,3077,2759
strict,high,Tue,19,100,0.25848366307991794,0.3334282091753564,3036,2725
strict,high,Tue,19,200,0.6348086424169601,0.7129143271146532,3036,2725
strict,high,Tue,19,300,0.8231695669759014,0.8819054519108858,3036,2725
strict,high,Tue,19,400,0.8944408547187479,0.9406939736590162,3036,2725
strict,high,Tue,20,100,0.03367205043716215,0.04816673997981732,287,250
strict,high,Tue,20,200,0.12680660102636873,0.1533366108624214,287,250
strict,high,Tue,20,300,0.26784441404531684,0.3038140088493285,287,250
strict,high,Tue,20,400,0.42428388211205265,0.46711258312417525,287,250
strict,high,Tue,21,100,0.03291691122008337,0.04742929593500142,280,244
strict,high,Tue,21,200,0.12387351750529618,0.15052914844619247,280,244
strict,high,Tue,21,300,0.26131124570101977,0.2974875152016974,280,244
strict,high,Tue,21,400,0.41658688113521114,0.45975108029083755,280,244
strict,high,Tue,22,100,0.03207101353717573,0.046420161978937564,270,235
strict,high,Tue,22,200,0.12061326873481808,0.14662198877015034,270,235
strict,high,Tue,22,300,0.25409424443239403,0.2891945041012239,270,235
strict,high,Tue,22,400,0.40676832598729085,0.44943980127823635,270,235
strict,high,Tue,23,100,0.031846327588735054,0.04616140968251093,266,232
strict,high,Tue,23,200,0.11931801505535933,0.14526353921391053,266,232
strict,high,Tue,23,300,0.25095576466423364,0.2862835407664243,266,232
strict,high,Tue,23,400,0.40205414978370607,0.4451186379279116,266,232
strict,high,Wed,0,100,0.03166406182305836,0.045941470230548294,264,230
strict,high,Wed,0,200,0.11848532391275347,0.14437084379123866,264,230
strict,high,Wed,0,300,0.2490179375686572,0.2843170233135819,264,230
strict,high,Wed,0,400,0.39842714356555,0.4409139131109789,264,230
strict,high,Wed,1,100,0.030492627149347775,0.042810567443786064,260,226
strict,high,Wed,1,200,0.11627024440146635,0.14092943824876447,260,226
strict,high,Wed,1,300,0.24736011725246504,0.28277744714984343,260,226
strict,high,Wed,1,400,0.39707542174239624,0.439904779154915,260,226
strict,high,Wed,2,100,0.030492627149347775,0.042810567443786064,260,226
strict,high,Wed,2,200,0.11627024440146635,0.14092943824876447,260,226
strict,high,Wed,2,300,0.24736011725246504,0.28277744714984343,260,226
strict,high,Wed,2,400,0.39707542174239624,0.439904779154915,260,226
strict,high,Wed,3,100,0.030492627149347775,0.042810567443786064,260,226
strict,high,Wed,3,200,0.11627024440146635,0.14092943824876447,260,226
strict,high,Wed,3,300,0.24736011725246504,0.28277744714984343,260,226
strict,high,Wed,3,400,0.39707542174239624,0.439904779154915,260,226
strict,high,Wed,4,100,0.03166406182305836,0.045941470230548294,264,230
strict,high,Wed,4,200,0.11848532391275347,0.14437084379123866,264,230
strict,high,Wed,4,300,0.2490179375686572,0.2843170233135819,264,230
strict,high,Wed,4,400,0.39842714356555,0.4409139131109789,264,230
strict,high,Wed,5,100,0.03166406182305836,0.045941470230548294,264,230
strict,high,Wed,5,200,0.11848532391275347,0.14437084379123866,264,230
strict,high,Wed,5,300,0.2490179375686572,0.2843170233135819,264,230
strict,high,Wed,5,400,0.39842714356555,0.4409139131109789,264,230
strict,high,Wed,6,100,0.03195665779273666,0.04621316014179626,269,234
strict,high,Wed,6,200,0.11964243750144349,0.1456257924289078,269,234
strict,high,Wed,6,300,0.2515372735064006,0.28682692058892023,269,234
strict,high,Wed,6,400,0.4020406437011943,0.4439542525939918,269,234
strict,high,Wed,7,100,0.03453629708654064,0.05034025926980102,304,259
strict,high,Wed,7,200,0.12925089446949092,0.1581752788055994,304,259
strict,high,Wed,7,300,0.271113604043235,0.31047688048231425,304,259
strict,high,Wed,7,400,0.42571335719878495,0.47129143271146534,304,259
strict,high,Wed,8,100,0.2619311882764781,0.3385515046446037,3117,2787
strict,high,Wed,8,200,0.6375842281059707,0.7153207234714208,3117,2787
strict,high,Wed,8,300,0.8247456912846063,0.8830439620151629,3117,2787
strict,high,Wed,8,400,0.8956777803347933,0.9415607938520454,3117,2787
strict,high,Wed,9,100,0.2659942907743453,0.3435842368101017,3183,2844
strict,high,Wed,9,200,0.6422485040781455,0.7195254482883535,3183,2844
strict,high,Wed,9,300,0.8263769242072467,0.884609413408544,3183,2844
strict,high,Wed,9,400,0.895977522129976,0.9417548580743654,3183,2844
strict,high,Wed,10,100,0.26631422642913277,0.3438947395658136,3190,2851
strict,high,Wed,10,200,0.6423570889693498,0.7196160115921029,3190,2851
strict,high,Wed,10,300,0.8263854510174736,0.884609413408544,3190,2851
strict,high,Wed,10,400,0.895977522129976,0.9417548580743654,3190,2851
strict,high,Wed,11,100,0.26631422642913277,0.3438947395658136,3189,2851
strict,high,Wed,11,200,0.6423570889693498,0.7196160115921029,3189,2851
strict,high,Wed,11,300,0.8263854510174736,0.884609413408544,3189,2851
strict,high,Wed,11,400,0.895977522129976,0.9417548580743654,3189,2851
strict,high,Wed,12,100,0.26518937431903755,0.3425621652392165,3160,2826
strict,high,Wed,12,200,0.6417612108209529,0.7191631950733562,3160,2826
strict,high,Wed,12,300,0.8260697825565125,0.8844412244158667,3160,2826
strict,high,Wed,12,400,0.8958246214346489,0.9417031076150801,3160,2826
strict,high,Wed,13,100,0.2653422150408913,0.34270447900225115,3175,2837
strict,high,Wed,13,200,0.6413718550974409,0.7187880042435376,3175,2837
strict,high,Wed,13,300,0.825927976181025,0.8841565968897974,3175,2837
strict,high,Wed,13,400,0.8958771852772873,0.9416642947706161,3175,2837
strict,high,Wed,14,100,0.2664327595758608,0.3439594276399203,3191,2852
strict,high,Wed,14,200,0.6426678724121921,0.7199653271922788,3191,2852
strict,high,Wed,14,300,0.8264657690985314,0.884609413408544,3191,2852
strict,high,Wed,14,400,0.8959950117109272,0.9417677956891868,3191,2852
strict,high,Wed,15,100,0.2664874856391567,0.34407586617331226,3190,2852
strict,high,Wed,15,200,0.6425461383088872,0.7198488886588869,3190,2852
strict,high,Wed,15,300,0.8262157713355864,0.8845188501047947,3190,2852
strict,high,Wed,15,400,0.8958659368551676,0.9416772323854374,3190,2852
strict,high,Wed,16,100,0.2660084240310729,0.34344192304706705,3174,2837
strict,high,Wed,16,200,0.6418483001784883,0.719072631769607,3174,2837
strict,high,Wed,16,300,0.8259577474314709,0.8843765363417601,3174,2837
strict,high,Wed,16,400,0.8957463702341167,0.9416384195409734,3174,2837
strict,high,Wed,17,100,0.26394383453710174,0.3409190881569074,3137,2806
strict,high,Wed,17,200,0.6397451114184294,0.7169767381685512,3137,2806
strict,high,Wed,17,300,0.8254739773209486,0.8837684684451574,3137,2806
strict,high,Wed,17,400,0.8957215816654873,0.9415996066965094,3137,2806
strict,high,Wed,18,100,0.2606109106246769,0.3368696147178306,3075,2758
strict,high,Wed,18,200,0.6361607460022461,0.713535332626077,3075,2758
strict,high,Wed,18,300,0.8237172003791636,0.8822806427407043,3075,2758
strict,high,Wed,18,400,0.8947217429400383,0.9408621626516935,3075,2758
strict,high,Wed,19,100,0.25843456365350276,0.3334799596346418,3034,2724
strict,high,Wed,19,200,0.6345499492116651,0.7126167619737626,3034,2724
strict,high,Wed,19,300,0.8232131968620613,0.882034828059099,3034,2724
strict,high,Wed,19,400,0.8944371691813154,0.9407069112738375,3034,2724
strict,high,Wed,20,100,0.033930858356453944,0.04864543172820659,288,251
strict,high,Wed,20,200,0.12764945444321854,0.1547209356483039,288,251
strict,high,Wed,20,300,0.2695531134155411,0.3063885941987735,288,251
strict,high,Wed,20,400,0.427229513238622,0.47134318317075063,288,251
strict,high,Wed,21,100,0.03317571913937516,0.04790798768339069,280,245
strict,high,Wed,21,200,0.12471637092214602,0.15191347323207494,280,245
strict,high,Wed,21,300,0.26301994507124404,0.3000621005511424,280,245
strict,high,Wed,21,400,0.41953251226178045,0.463981680337413,280,245
strict,high,Wed,22,100,0.03232982145646751,0.04689885372732683,271,236
strict,high,Wed,22,200,0.1214561221516679,0.1480063135560328,271,236
strict,high,Wed,22,300,0.2558029438026183,0.2917690894506689,271,236
strict,high,Wed,22,400,0.40971395711386016,0.45367040132481173,271,236
strict,high,Wed,23,100,0.032105135508026836,0.0466401014309002,267,233
strict,high,Wed,23,200,0.12016086847220915,0.146647863999793,267,233
strict,high,Wed,23,300,0.2526644640344579,0.28885812611586925,267,233
strict,high,Wed,23,400,0.4049997809102754,0.449349237974487,267,233
strict,high,Thu,0,100,0.03192286974235014,0.046420161978937564,265,231
strict,high,Thu,0,200,0.1193281773296033,0.14575516857712112,265,231
strict,high,Thu,0,300,0.2507266369388815,0.2868916086630269,265,231
strict,high,Thu,0,400,0.4013727746921193,0.44514451315755427,265,231
strict,high,Thu,1,100,0.030751435068639563,0.04328925919217533,261,227
strict,high,Thu,1,200,0.11711309781831619,0.14231376303464693,261,227
strict,high,Thu,1,300,0.2490688166226893,0.2853520324992884,261,227
strict,high,Thu,1,400,0.40002105286896555,0.44413537920149043,261,227
strict,high,Thu,2,100,0.030492627149347775,0.042810567443786064,260,226
strict,high,Thu,2,200,0.11627024440146635,0.14092943824876447,260,226
strict,high,Thu,2,300,0.24736011725246504,0.28277744714984343,260,226
strict,high,Thu,2,400,0.39707542174239624,0.439904779154915,260,226
strict,high,Thu,3,100,0.030492627149347775,0.042810567443786064,260,226
strict,high,Thu,3,200,0.11627024440146635,0.14092943824876447,260,226
strict,high,Thu,3,300,0.24736011725246504,0.28277744714984343,260,226
strict,high,Thu,3,400,0.39707542174239624,0.439904779154915,260,226
strict,high,Thu,4,100,0.03166406182305836,0.045941470230548294,264,230
strict,high,Thu,4,200,0.11848532391275347,0.14437084379123866,264,230
strict,high,Thu,4,300,0.2490179375686572,0.2843170233135819,264,230
strict,high,Thu,4,400,0.39842714356555,0.4409139131109789,264,230
strict,high,Thu,5,100,0.03166406182305836,0.045941470230548294,264,230
strict,high,Thu,5,200,0.11848532391275347,0.14437084379123866,264,230
strict,high,Thu,5,300,0.2490179375686572,0.2843170233135819,264,230
strict,high,Thu,5,400,0.39842714356555,0.4409139131109789,264,230
strict,high,Thu,6,100,0.03195665779273666,0.04621316014179626,269,234
strict,high,Thu,6,200,0.11964243750144349,0.1456257924289078,269,234
strict,high,Thu,6,300,0.2515372735064006,0.28682692058892023,269,234
strict,high,Thu,6,400,0.4020406437011943,0.4439542525939918,269,234
strict,high,Thu,7,100,0.03475481717551888,0.050637824410691645,305,260
strict,high,Thu,7,200,0.12995203012952375,0.15893859808005795,305,260
strict,high,Thu,7,300,0.27216217130373316,0.3114989520531995,305,260
strict,high,Thu,7,400,0.42720018977445623,0.47294744740859573,305,260
strict,high,Thu,8,100,0.2618615038303062,0.3384221284963904,3115,2783
strict,high,Thu,8,200,0.6379926543521803,0.7160581675162367,3115,2783
strict,high,Thu,8,300,0.8248302658062466,0.8830180867855202,3115,2783
strict,high,Thu,8,400,0.8956761192159606,0.9415607938520454,3115,2783
strict,high,Thu,9,100,0.26598586070050617,0.34348073589153105,3182,2841
strict,high,Thu,9,200,0.6429661775064228,0.7205863327037028,3182,2841
strict,high,Thu,9,300,0.826541816809945,0.8845835381789013,3182,2841
strict,high,Thu,9,400,0.8959933505920945,0.9417677956891868,3182,2841
strict,high,Thu,10,100,0.2663057963552937,0.343791238647243,3189,2848
strict,high,Thu,10,200,0.6430747623976275,0.7206768960074521,3189,2848
strict,high,Thu,10,300,0.8265503436201718,0.8845835381789013,3189,2848
strict,high,Thu,10,400,0.8959933505920945,0.9417677956891868,3189,2848
strict,high,Thu,11,100,0.2663057963552937,0.343791238647243,3188,2848
strict,high,Thu,11,200,0.6430747623976275,0.7206768960074521,3188,2848
strict,high,Thu,11,300,0.8265503436201718,0.8845835381789013,3188,2848
strict,high,Thu,11,400,0.8959933505920945,0.9417677956891868,3188,2848
strict,high,Thu,12,100,0.2651809442451985,0.34245866432064587,3159,2823
strict,high,Thu,12,200,0.6424765382296224,0.7202240794887055,3159,2823
strict,high,Thu,12,300,0.8262346751592108,0.884415349186224,3159,2823
strict,high,Thu,12,400,0.8958404498967675,0.9417160452299014,3159,2823
strict,high,Thu,13,100,0.26535764274528556,0.3426397909281445,3175,2835
strict,high,Thu,13,200,0.6421158612331879,0.7198488886588869,3175,2835
strict,high,Thu,13,300,0.8260928687837232,0.8841307216601547,3175,2835
strict,high,Thu,13,400,0.8958930137394057,0.9416772323854374,3175,2835
strict,high,Thu,14,100,0.2662726360534019,0.343713612958315,3189,2848
strict,high,Thu,14,200,0.6429237969880899,0.7205345822444175,3189,2848
strict,high,Thu,14,300,0.8265465155048061,0.88457060056408,3189,2848
strict,high,Thu,14,400,0.8959933505920945,0.9417677956891868,3189,2848
strict,high,Thu,15,100,0.26621306526217753,0.343674800113851,3187,2847
strict,high,Thu,15,200,0.6426232285070036,0.7202499547183481,3187,2847
strict,high,Thu,15,300,0.8262926896264956,0.8844670996455094,3187,2847
strict,high,Thu,15,400,0.8958642757363349,0.9416772323854374,3187,2847
strict,high,Thu,16,100,0.2657340036540937,0.3430408569876058,3171,2832
strict,high,Thu,16,200,0.6419123804709804,0.7194736978290682,3171,2832
strict,high,Thu,16,300,0.82603466572238,0.8843247858824748,3171,2832
strict,high,Thu,16,400,0.895744709115284,0.9416384195409734,3171,2832
strict,high,Thu,17,100,0.2636694141601226,0.34051802209744614,3134,2801
strict,high,Thu,17,200,0.6398091917109215,0.7173778042280126,3134,2801
strict,high,Thu,17,300,0.8255508956118577,0.8837167179858721,3134,2801
strict,high,Thu,17,400,0.8957199205466546,0.9415996066965094,3134,2801
strict,high,Thu,18,100,0.26025137809713167,0.3364038605842627,3070,2751
strict,high,Thu,18,200,0.635893162179424,0.713612958315005,3070,2751
strict,high,Thu,18,300,0.823713800589015,0.882228892281419,3070,2751
strict,high,Thu,18,400,0.8947025922402544,0.9408492250368722,3070,2751
strict,high,Thu,19,100,0.2580750311259576,0.3330142055010738,3027,2716
strict,high,Thu,19,200,0.6342823653888429,0.7126943876626906,3027,2716
strict,high,Thu,19,300,0.8232097970719126,0.8819830775998136,3027,2716
strict,high,Thu,19,400,0.8944180184815315,0.9406939736590162,3027,2716
strict,high,Thu,20,100,0.033930858356453944,0.04864543172820659,288,251
strict,high,Thu,20,200,0.12764945444321854,0.1547209356483039,288,251
strict,high,Thu,20,300,0.2695531134155411,0.3063885941987735,288,251
strict,high,Thu,20,400,0.427229513238622,0.47134318317075063,288,251
strict,high,Thu,21,100,0.03317571913937516,0.04790798768339069,281,245
strict,high,Thu,21,200,0.12471637092214602,0.15191347323207494,281,245
strict,high,Thu,21,300,0.26301994507124404,0.3000621005511424,281,245
strict,high,Thu,21,400,0.41953251226178045,0.463981680337413,281,245
strict,high,Thu,22,100,0.03232982145646751,0.04689885372732683,271,236
strict,high,Thu,22,200,0.1214561221516679,0.1480063135560328,271,236
strict,high,Thu,22,300,0.2558029438026183,0.2917690894506689,271,236
strict,high,Thu,22,400,0.40971395711386016,0.45367040132481173,271,236
strict,high,Thu,23,100,0.032105135508026836,0.0466401014309002,267,233
strict,high,Thu,23,200,0.12016086847220915,0.146647863999793,267,233
strict,high,Thu,23,300,0.2526644640344579,0.28885812611586925,267,233
strict,high,Thu,23,400,0.4049997809102754,0.449349237974487,267,233
strict,high,Fri,0,100,0.03192286974235014,0.046420161978937564,265,231
strict,high,Fri,0,200,0.1193281773296033,0.14575516857712112,265,231
strict,high,Fri,0,300,0.2507266369388815,0.2868916086630269,265,231
strict,high,Fri,0,400,0.4013727746921193,0.44514451315755427,265,231
strict,high,Fri,1,100,0.030751435068639563,0.04328925919217533,261,227
strict,high,Fri,1,200,0.11711309781831619,0.14231376303464693,261,227
strict,high,Fri,1,300,0.2490688166226893,0.2853520324992884,261,227
strict,high,Fri,1,400,0.40002105286896555,0.44413537920149043,261,227
strict,high,Fri,2,100,0.030492627149347775,0.042810567443786064,260,226
strict,high,Fri,2,200,0.11627024440146635,0.14092943824876447,260,226
strict,high,Fri,2,300,0.24736011725246504,0.28277744714984343,260,226
strict,high,Fri,2,400,0.39707542174239624,0.439904779154915,260,226
strict,high,Fri,3,100,0.030492627149347775,0.042810567443786064,260,226
strict,high,Fri,3,200,0.11627024440146635,0.14092943824876447,260,226
strict,high,Fri,3,300,0.24736011725246504,0.28277744714984343,260,226
strict,high,Fri,3,400,0.39707542174239624,0.439904779154915,260,226
strict,high,Fri,4,100,0.03166406182305836,0.045941470230548294,264,230
strict,high,Fri,4,200,0.11848532391275347,0.14437084379123866,264,230
strict,high,Fri,4,300,0.2490179375686572,0.2843170233135819,264,230
strict,high,Fri,4,400,0.39842714356555,0.4409139131109789,264,230
strict,high,Fri,5,100,0.03166406182305836,0.045941470230548294,264,230
strict,high,Fri,5,200,0.11848532391275347,0.14437084379123866,264,230
strict,high,Fri,5,300,0.2490179375686572,0.2843170233135819,264,230
strict,high,Fri,5,400,0.39842714356555,0.4409139131109789,264,230
strict,high,Fri,6,100,0.03195665779273666,0.04621316014179626,269,234
strict,high,Fri,6,200,0.11964243750144349,0.1456257924289078,269,234
strict,high,Fri,6,300,0.2515372735064006,0.28682692058892023,269,234
strict,high,Fri,6,400,0.4020406437011943,0.4439542525939918,269,234
strict,high,Fri,7,100,0.03475481717551888,0.050637824410691645,305,260
strict,high,Fri,7,200,0.12995203012952375,0.15893859808005795,305,260
strict,high,Fri,7,300,0.27216217130373316,0.3114989520531995,305,260
strict,high,Fri,7,400,0.42720018977445623,0.47294744740859573,305,260
strict,high,Fri,8,100,0.2622672951607296,0.339107822081921,3120,2789
strict,high,Fri,8,200,0.6379190962998649,0.7159805418273087,3120,2789
strict,high,Fri,8,300,0.824353945695965,0.882772272103915,3120,2789
strict,high,Fri,8,400,0.8956348788462686,0.9415607938520454,3120,2789
strict,high,Fri,9,100,0.2663843529248258,0.34414055424741896,3185,2845
strict,high,Fri,9,200,0.6428926194541076,0.7205087070147748,3185,2845
strict,high,Fri,9,300,0.8260654966996632,0.884337723497296,3185,2845
strict,high,Fri,9,400,0.8959521102224025,0.9417677956891868,3185,2845
strict,high,Fri,10,100,0.26670428857961337,0.3444510570031309,3192,2852
strict,high,Fri,10,200,0.6430012043453119,0.7205992703185241,3192,2852
strict,high,Fri,10,300,0.8260740235098901,0.884337723497296,3192,2852
strict,high,Fri,10,400,0.8959521102224025,0.9417677956891868,3192,2852
strict,high,Fri,11,100,0.26670428857961337,0.3444510570031309,3191,2852
strict,high,Fri,11,200,0.6430012043453119,0.7205992703185241,3191,2852
strict,high,Fri,11,300,0.8260740235098901,0.884337723497296,3191,2852
strict,high,Fri,11,400,0.8959521102224025,0.9417677956891868,3191,2852
strict,high,Fri,12,100,0.2655400108782029,0.3430796698320698,3162,2827
strict,high,Fri,12,200,0.6423888060492788,0.7201464537997775,3162,2827
strict,high,Fri,12,300,0.825758355048929,0.8841695345046188,3162,2827
strict,high,Fri,12,400,0.8957992095270756,0.9417160452299014,3162,2827
strict,high,Fri,13,100,0.2657025712975436,0.34324785882474707,3177,2838
strict,high,Fri,13,200,0.6420257830332363,0.7197712629699589,3177,2838
strict,high,Fri,13,300,0.8256165486734416,0.8838849069785495,3177,2838
strict,high,Fri,13,400,0.8958517733697139,0.9416772323854374,3177,2838
strict,high,Fri,14,100,0.26651444839287664,0.34423111755116825,3190,2850
strict,high,Fri,14,200,0.6428332741239763,0.7204569565554895,3190,2850
strict,high,Fri,14,300,0.8260701953945244,0.8843247858824748,3190,2850
strict,high,Fri,14,400,0.8959521102224025,0.9417677956891868,3190,2850
strict,high,Fri,15,100,0.2664548776016522,0.34419230470670426,3187,2849
strict,high,Fri,15,200,0.6425327056428901,0.7201723290294202,3187,2849
strict,high,Fri,15,300,0.8258163695162138,0.8842212849639041,3187,2849
strict,high,Fri,15,400,0.895823035366643,0.9416772323854374,3187,2849
strict,high,Fri,16,100,0.26588541186119674,0.3435066111211737,3167,2831
strict,high,Fri,16,200,0.6418286269189041,0.7193960721401402,3167,2831
strict,high,Fri,16,300,0.8255583456120983,0.8840789712008694,3167,2831
strict,high,Fri,16,400,0.8957034687455921,0.9416384195409734,3167,2831
strict,high,Fri,17,100,0.2637566234476228,0.3408414624679794,3132,2801
strict,high,Fri,17,200,0.6392246386198027,0.7167567987165886,3132,2801
strict,high,Fri,17,300,0.8249931325640874,0.8834579656894455,3132,2801
strict,high,Fri,17,400,0.8956611905960116,0.9415866690816881,3132,2801
strict,high,Fri,18,100,0.2607070992247771,0.33712836701425725,3073,2757
strict,high,Fri,18,200,0.635833066446895,0.7135482702408984,3073,2757
strict,high,Fri,18,300,0.8232374804787331,0.8819830775998136,3073,2757
strict,high,Fri,18,400,0.8946613518705624,0.9408492250368722,3073,2757
strict,high,Fri,19,100,0.25853075225360295,0.3337387119310684,3033,2723
strict,high,Fri,19,200,0.6342222696563139,0.7126296995885838,3033,2723
strict,high,Fri,19,300,0.8227334769616308,0.8817372629182084,3033,2723
strict,high,Fri,19,400,0.8943767781118397,0.9406939736590162,3033,2723
strict,high,Fri,20,100,0.033930858356453944,0.04864543172820659,288,251
strict,high,Fri,20,200,0.12764945444321854,0.1547209356483039,288,251
strict,high,Fri,20,300,0.2695531134155411,0.3063885941987735,288,251
strict,high,Fri,20,400,0.427229513238622,0.47134318317075063,288,251
strict,high,Fri,21,100,0.03317571913937516,0.04790798768339069,281,245
strict,high,Fri,21,200,0.12471637092214602,0.15191347323207494,281,245
strict,high,Fri,21,300,0.26301994507124404,0.3000621005511424,281,245
strict,high,Fri,21,400,0.41953251226178045,0.463981680337413,281,245
strict,high,Fri,22,100,0.03232982145646751,0.04689885372732683,271,236
strict,high,Fri,22,200,0.1214561221516679,0.1480063135560328,271,236
strict,high,Fri,22,300,0.2558029438026183,0.2917690894506689,271,236
strict,high,Fri,22,400,0.40971395711386016,0.45367040132481173,271,236
strict,high,Fri,23,100,0.032105135508026836,0.0466401014309002,267,233
strict,high,Fri,23,200,0.12016086847220915,0.146647863999793,267,233
strict,high,Fri,23,300,0.2526644640344579,0.28885812611586925,267,233
strict,high,Fri,23,400,0.4049997809102754,0.449349237974487,267,233
strict,high,Sat,0,100,0.030961323393610535,0.045152275726447075,257,223
strict,high,Sat,0,200,0.11583714229771842,0.14171863275286567,257,223
strict,high,Sat,0,300,0.24314265711588043,0.27843040856987605,257,223
strict,high,Sat,0,400,0.39078420634310074,0.4333454084404999,257,223
strict,high,Sat,1,100,0.02978988871989996,0.04202137293968484,253,219
strict,high,Sat,1,200,0.11362206278643132,0.13827722721039148,253,219
strict,high,Sat,1,300,0.2414848367996883,0.2768908324061376,253,219
strict,high,Sat,1,400,0.389432484519947,0.43233627448443607,253,219
strict,high,Sat,2,100,0.029531080800608175,0.041542681191295575,252,218
strict,high,Sat,2,200,0.11277920936958148,0.13689290242450902,252,218
strict,high,Sat,2,300,0.239776137429464,0.2743162470566926,252,218
strict,high,Sat,2,400,0.3864868533933776,0.42810567443786063,252,218
strict,high,Sat,3,100,0.029531080800608175,0.041542681191295575,252,218
strict,high,Sat,3,200,0.11277920936958148,0.13689290242450902,252,218
strict,high,Sat,3,300,0.239776137429464,0.2743162470566926,252,218
strict,high,Sat,3,400,0.3864868533933776,0.42810567443786063,252,218
strict,high,Sat,4,100,0.03070251547431875,0.044673583978057804,256,222
strict,high,Sat,4,200,0.11499428888086859,0.1403343079669832,256,222
strict,high,Sat,4,300,0.24143395774565615,0.27585582322043106,256,222
strict,high,Sat,4,400,0.38783857521653137,0.4291148083939245,256,222
strict,high,Sat,5,100,0.03070251547431875,0.044673583978057804,256,222
strict,high,Sat,5,200,0.11499428888086859,0.1403343079669832,256,222
strict,high,Sat,5,300,0.24143395774565615,0.27585582322043106,256,222
strict,high,Sat,5,400,0.38783857521653137,0.4291148083939245,256,222
strict,high,Sat,6,100,0.030735571279622672,0.04473827205216446,257,223
strict,high,Sat,6,200,0.11529102449480012,0.14064481072269516,257,223
strict,high,Sat,6,300,0.24230801944742447,0.2766579553393536,257,223
strict,high,Sat,6,400,0.3895214422347429,0.43062850932802027,257,223
strict,high,Sat,7,100,0.031205477379590337,0.04538515279323104,262,227
strict,high,Sat,7,200,0.11695185071086618,0.14294770616089217,262,227
strict,high,Sat,7,300,0.24631473997976627,0.28170362511967295,262,227
strict,high,Sat,7,400,0.39566479902991325,0.43852045436903253,262,227
strict,high,Sat,8,100,0.07338689333230068,0.10088752037674334,684,592
strict,high,Sat,8,200,0.24983850677829375,0.29642663078634823,684,592
strict,high,Sat,8,300,0.4634861018457338,0.5186948534168241,684,592
strict,high,Sat,8,400,0.6477500203666579,0.7022278572722332,684,592
strict,high,Sat,9,100,0.07451618867456754,0.10219421947369783,698,605
strict,high,Sat,9,200,0.25392709164818056,0.30067016844774497,698,605
strict,high,Sat,9,300,0.4711583445746013,0.5262892333169457,698,605
strict,high,Sat,9,400,0.6574133635803817,0.711892255543768,698,605
strict,high,Sat,10,100,0.07531037304106854,0.10303516443708438,704,611
strict,high,Sat,10,200,0.25500461763706295,0.3018345537816648,704,611
strict,high,Sat,10,300,0.47180227415888926,0.5268973012135483,704,611
strict,high,Sat,10,400,0.657714999359726,0.7121510078401946,704,611
strict,high,Sat,11,100,0.07531037304106854,0.10303516443708438,704,611
strict,high,Sat,11,200,0.25500461763706295,0.3018345537816648,704,611
strict,high,Sat,11,300,0.47180227415888926,0.5268973012135483,704,611
strict,high,Sat,11,400,0.657714999359726,0.7121510078401946,704,611
strict,high,Sat,12,100,0.07473199898307532,0.10241415892566047,696,606
strict,high,Sat,12,200,0.25369330869208734,0.3005407922995317,696,606
strict,high,Sat,12,300,0.47099705526762414,0.526224545242839,696,606
strict,high,Sat,12,400,0.6566154710305182,0.7113747509509147,696,606
strict,high,Sat,13,100,0.07455284364944877,0.10219421947369783,695,605
strict,high,Sat,13,200,0.2530663391785551,0.2999974124770357,695,605
strict,high,Sat,13,300,0.46996167622806007,0.5251119103682045,695,605
strict,high,Sat,13,400,0.6557514146230529,0.7105079307578854,695,605
strict,high,Sat,14,100,0.07483293931933661,0.10241415892566047,698,608
strict,high,Sat,14,200,0.25380217280207756,0.3006054803736383,698,608
strict,high,Sat,14,300,0.4704240923177507,0.5253577250498098,698,608
strict,high,Sat,14,400,0.6560890169265291,0.7108184335135974,698,608
strict,high,Sat,15,100,0.07505145940831484,0.10271172406655109,699,609
strict,high,Sat,15,200,0.25450264077430046,0.3013687996480969,699,609
strict,high,Sat,15,300,0.4711936376123627,0.5261598571687324,699,609
strict,high,Sat,15,400,0.6567588008418894,0.7115688151732347,699,609
strict,high,Sat,16,100,0.07505145940831484,0.10271172406655109,699,609
strict,high,Sat,16,200,0.25450264077430046,0.3013687996480969,699,609
strict,high,Sat,16,300,0.4711936376123627,0.5261598571687324,699,609
strict,high,Sat,16,400,0.6567588008418894,0.7115688151732347,699,609
strict,high,Sat,17,100,0.07497328706107567,0.10262116076280177,698,608
strict,high,Sat,17,200,0.2541499609000334,0.3009677335886356,698,608
strict,high,Sat,17,300,0.47083032710388856,0.5258105415685564,698,608
strict,high,Sat,17,400,0.6566125740344477,0.711387688565736,698,608
strict,high,Sat,18,100,0.07392982052249972,0.10140502496959661,688,599
strict,high,Sat,18,200,0.251417269134467,0.2982249592465133,688,599
strict,high,Sat,18,300,0.4672244629844539,0.5223303231816182,688,599
strict,high,Sat,18,400,0.653096033467051,0.7078557197195126,688,599
strict,high,Sat,19,100,0.07273922496213743,0.09987838642067948,673,586
strict,high,Sat,19,200,0.2470096830248751,0.29368385644422595,673,586
strict,high,Sat,19,300,0.4596981750233598,0.5152793231039925,673,586
strict,high,Sat,19,400,0.6457206166637833,0.7008435324863508,673,586
strict,high,Sat,20,100,0.031757355462974396,0.04598028307501229,265,231
strict,high,Sat,20,200,0.11922411264385488,0.1451341630656972,265,231
strict,high,Sat,20,300,0.2511932127767986,0.2864905426035656,265,231
strict,high,Sat,20,400,0.40351842939949967,0.4462700856470101,265,231
strict,high,Sat,21,100,0.03142429718408114,0.045669780319300336,263,229
strict,high,Sat,21,200,0.11789472883867116,0.14384040158356406,263,229
strict,high,Sat,21,300,0.24796068568187882,0.28326907651305405,263,229
strict,high,Sat,21,400,0.3987430245414547,0.4415478562372241,263,229
strict,high,Sat,22,100,0.031158940884082425,0.04538515279323104,260,226
strict,high,Sat,22,200,0.11683574625677376,0.14280539239785753,260,226
strict,high,Sat,22,300,0.24567689890892883,0.28092736823039305,260,226
strict,high,Sat,22,400,0.3956971258465313,0.43870158097653117,260,226
strict,high,Sat,23,100,0.031143589159287235,0.04537221517840971,259,225
strict,high,Sat,23,200,0.11666983344032428,0.14261132817553757,259,225
strict,high,Sat,23,300,0.24508048421145687,0.28039692602271843,259,225
strict,high,Sat,23,400,0.39441121256125683,0.43755013325743264,259,225
strict,high,Sun,0,100,0.03065067421028025,0.044647708748415144,255,222
strict,high,Sun,0,200,0.11503652945748095,0.14065774833751649,255,222
strict,high,Sun,0,300,0.24246348890279232,0.27761533883613215,255,222
strict,high,Sun,0,400,0.39017635000155987,0.432530338706756,255,222
strict,high,Sun,1,100,0.02947923953656968,0.04151680596165291,251,218
strict,high,Sun,1,200,0.11282144994619384,0.1372163427950423,251,218
strict,high,Sun,1,300,0.24080566858660016,0.2760757626723937,251,218
strict,high,Sun,1,400,0.38882462817840613,0.43152120475069217,251,218
strict,high,Sun,2,100,0.02922043161727789,0.04103811421326364,250,217
strict,high,Sun,2,200,0.11197859652934401,0.13583201800915984,250,217
strict,high,Sun,2,300,0.23909696921637588,0.27350117732294876,250,217
strict,high,Sun,2,400,0.38587899705183676,0.4272906047041167,250,217
strict,high,Sun,3,100,0.02922043161727789,0.04103811421326364,250,217
strict,high,Sun,3,200,0.11197859652934401,0.13583201800915984,250,217
strict,high,Sun,3,300,0.23909696921637588,0.27350117732294876,250,217
strict,high,Sun,3,400,0.38587899705183676,0.4272906047041167,250,217
strict,high,Sun,4,100,0.03039186629098847,0.04416901700002587,254,221
strict,high,Sun,4,200,0.11419367604063112,0.13927342355163402,254,221
strict,high,Sun,4,300,0.24075478953256807,0.2750407534866872,254,221
strict,high,Sun,4,400,0.3872307188749905,0.4282997386601806,254,221
strict,high,Sun,5,100,0.03039186629098847,0.04416901700002587,254,221
strict,high,Sun,5,200,0.11419367604063112,0.13927342355163402,254,221
strict,high,Sun,5,300,0.24075478953256807,0.2750407534866872,254,221
strict,high,Sun,5,400,0.3872307188749905,0.4282997386601806,254,221
strict,high,Sun,6,100,0.03039186629098847,0.04416901700002587,254,221
strict,high,Sun,6,200,0.11419367604063112,0.13927342355163402,254,221
strict,high,Sun,6,300,0.24075478953256807,0.2750407534866872,254,221
strict,high,Sun,6,400,0.3872307188749905,0.4282997386601806,254,221
strict,high,Sun,7,100,0.03071218183196403,0.044699459207700465,257,224
strict,high,Sun,7,200,0.11533160527199125,0.14100706393769244,257,224
strict,high,Sun,7,300,0.2436463453938227,0.27863741040701734,257,224
strict,high,Sun,7,400,0.3925370955770172,0.4349367350635237,257,224
strict,high,Sun,8,100,0.0645440199991772,0.0894247936450436,568,505
strict,high,Sun,8,200,0.2227540688361283,0.2668512433047843,568,505
strict,high,Sun,8,300,0.4255139056273743,0.47893756307087226,568,505
strict,high,Sun,8,400,0.606786387548619,0.6604522990141537,568,505
strict,high,Sun,9,100,0.06524457430808182,0.09021398814914483,576,513
strict,high,Sun,9,200,0.22523843958116324,0.26941289103940796,576,513
strict,high,Sun,9,300,0.42967553233557865,0.483025849354413,576,513
strict,high,Sun,9,400,0.6120575071625752,0.665614407327865,576,513
strict,high,Sun,10,100,0.06594239310214951,0.09091261934949672,582,519
strict,high,Sun,10,200,0.22656096979588283,0.2707972158252904,582,519
strict,high,Sun,10,300,0.4307764510243677,0.48398323285119155,582,519
strict,high,Sun,10,400,0.6124030381969856,0.6658731596242916,582,519
strict,high,Sun,11,100,0.0660250653690006,0.09092555696431806,583,520
strict,high,Sun,11,200,0.2265612232918168,0.2707972158252904,583,520
strict,high,Sun,11,300,0.4307764510243677,0.48398323285119155,583,520
strict,high,Sun,11,400,0.6124030381969856,0.6658731596242916,583,520
strict,high,Sun,12,100,0.06547285700731115,0.09038217714182213,579,516
strict,high,Sun,12,200,0.22534981848009675,0.2695034543431573,579,516
strict,high,Sun,12,300,0.43009146805431897,0.483375164954589,579,516
strict,high,Sun,12,400,0.6121280137499895,0.6659507853132196,579,516
strict,high,Sun,13,100,0.0652543369183329,0.09008461200093151,577,514
strict,high,Sun,13,200,0.2246493505078738,0.26874013506869876,577,514
strict,high,Sun,13,300,0.42932192275970693,0.48257303283566644,577,514
strict,high,Sun,13,400,0.611458229834629,0.6652004036535825,577,514
strict,high,Sun,14,100,0.06535099385930393,0.09013636246021683,578,515
strict,high,Sun,14,200,0.2250491786040929,0.26903770020958934,578,515
strict,high,Sun,14,300,0.42957772479438566,0.4827800346728077,578,515
strict,high,Sun,14,400,0.6117161472815297,0.6654074054907237,578,515
strict,high,Sun,15,100,0.06535099385930393,0.09013636246021683,578,515
strict,high,Sun,15,200,0.2250491786040929,0.26903770020958934,578,515
strict,high,Sun,15,300,0.42957772479438566,0.4827800346728077,578,515
strict,high,Sun,15,400,0.6117161472815297,0.6654074054907237,578,515
strict,high,Sun,16,100,0.06535099385930393,0.09013636246021683,578,515
strict,high,Sun,16,200,0.2250491786040929,0.26903770020958934,578,515
strict,high,Sun,16,300,0.42957772479438566,0.4827800346728077,578,515
strict,high,Sun,16,400,0.6117161472815297,0.6654074054907237,578,515
strict,high,Sun,17,100,0.06527974429158631,0.09004579915646752,577,514
strict,high,Sun,17,200,0.22479708131737566,0.2687789479131627,577,514
strict,high,Sun,17,300,0.42957772479438566,0.4827800346728077,577,514
strict,high,Sun,17,400,0.6117161472815297,0.6654074054907237,577,514
strict,high,Sun,18,100,0.06512124476128414,0.08986467254896888,575,512
strict,high,Sun,18,200,0.2240167170554176,0.26793800294977616,575,512
strict,high,Sun,18,300,0.4285074520323238,0.4815380236499599,575,512
strict,high,Sun,18,400,0.6103987391418877,0.6639454550159133,575,512
strict,high,Sun,19,100,0.06471619344591079,0.08955416979325692,569,507
strict,high,Sun,19,200,0.2225191562527255,0.26668305431210704,569,507
strict,high,Sun,19,300,0.42546780317981886,0.4791963153672989,569,507
strict,high,Sun,19,400,0.6067896081368281,0.6612673687478976,569,507
strict,high,Sun,20,100,0.030791770001890758,0.04479002251144979,258,225
strict,high,Sun,20,200,0.1157425253707437,0.14126581623411907,258,225
strict,high,Sun,20,300,0.24509949221545654,0.28002173519289986,258,225
strict,high,Sun,20,400,0.39592670749106473,0.4385722048283178,258,225
strict,high,Sun,21,100,0.030791770001890758,0.04479002251144979,258,225
strict,high,Sun,21,200,0.1157425253707437,0.14126581623411907,258,225
strict,high,Sun,21,300,0.24509949221545654,0.28002173519289986,258,225
strict,high,Sun,21,400,0.39592670749106473,0.4385722048283178,258,225
strict,high,Sun,22,100,0.030662664329700457,0.044660646363236474,257,224
strict,high,Sun,22,200,0.11521438158221743,0.1407483116412658,257,224
strict,high,Sun,22,300,0.243750693493192,0.27877972417005203,257,224
strict,high,Sun,22,400,0.3944372530524786,0.43730431857582736,257,224
strict,high,Sun,23,100,0.030647312604905264,0.044647708748415144,256,223
strict,high,Sun,23,200,0.11504846876576792,0.14055424741894584,256,223
strict,high,Sun,23,300,0.24315427879572002,0.2782492819623774,256,223
strict,high,Sun,23,400,0.3931513397672042,0.4361528708567289,256,223
strict_unconditional,high,Mon,0,100,0.029865981370290375,0.044091391311097884,247,215
strict_unconditional,high,Mon,0,200,0.11117893143179447,0.13575439232023184,247,215
strict_unconditional,high,Mon,0,300,0.23447425980666267,0.2689730121354827,247,215
strict_unconditional,high,Mon,0,400,0.3793910331154936,0.4217921184050508,247,215
strict_unconditional,high,Mon,1,100,0.028694546696579802,0.040960488524335655,243,211
strict_unconditional,high,Mon,1,200,0.10896385192050737,0.13231298677775766,243,211
strict_unconditional,high,Mon,1,300,0.23237092956010058,0.26694180660853367,243,211
strict_unconditional,high,Mon,1,400,0.3769544047465065,0.4198514761818511,243,211
strict_unconditional,high,Mon,2,100,0.028435738777288007,0.040481796775946384,242,210
strict_unconditional,high,Mon,2,200,0.10812099850365751,0.13092866199187517,242,210
strict_unconditional,high,Mon,2,300,0.2306622301898763,0.2643672212590887,242,210
strict_unconditional,high,Mon,2,400,0.3740087736199371,0.4156208761352757,242,210
strict_unconditional,high,Mon,3,100,0.028435738777288007,0.040481796775946384,242,210
strict_unconditional,high,Mon,3,200,0.10812099850365751,0.13092866199187517,242,210
strict_unconditional,high,Mon,3,300,0.2306622301898763,0.2643672212590887,242,210
strict_unconditional,high,Mon,3,400,0.3740087736199371,0.4156208761352757,242,210
strict_unconditional,high,Mon,4,100,0.02960717345099859,0.04361269956270862,246,214
strict_unconditional,high,Mon,4,200,0.11033607801494463,0.13437006753434938,246,214
strict_unconditional,high,Mon,4,300,0.2327655604364384,0.2663984267860377,246,214
strict_unconditional,high,Mon,4,400,0.3764454019889243,0.41756151835847544,246,214
strict_unconditional,high,Mon,5,100,0.02960717345099859,0.04361269956270862,246,214
strict_unconditional,high,Mon,5,200,0.11033607801494463,0.13437006753434938,246,214
strict_unconditional,high,Mon,5,300,0.2327655604364384,0.2663984267860377,246,214
strict_unconditional,high,Mon,5,400,0.3764454019889243,0.41756151835847544,246,214
strict_unconditional,high,Mon,6,100,0.02989976942067689,0.04388438947395658,251,218
strict_unconditional,high,Mon,6,200,0.11149319160363466,0.13562501617201853,251,218
strict_unconditional,high,Mon,6,300,0.23528489637418176,0.26890832406137605,251,218
strict_unconditional,high,Mon,6,400,0.3805589570924135,0.4210805495898776,251,218
strict_unconditional,high,Mon,7,100,0.03243912088416732,0.0478303619944627,282,243
strict_unconditional,high,Mon,7,200,0.12104430823712607,0.1476699355706782,282,243
strict_unconditional,high,Mon,7,300,0.25470757462853516,0.2915362123838849,282,243
strict_unconditional,high,Mon,7,400,0.4044204689985464,0.4477449737366419,282,243
strict_unconditional,high,Mon,8,100,0.2581913228093995,0.334230341294279,3058,2737
strict_unconditional,high,Mon,8,200,0.6333772583385362,0.7105984940616348,3058,2737
strict_unconditional,high,Mon,8,300,0.8206612188559347,0.8780241674644862,3058,2737
strict_unconditional,high,Mon,8,400,0.8927436289218866,0.9387145185913525,3058,2737
strict_unconditional,high,Mon,9,100,0.26186769517805036,0.3388620074003157,3117,2788
strict_unconditional,high,Mon,9,200,0.6377903326400252,0.7147644060341035,3117,2788
strict_unconditional,high,Mon,9,300,0.8220314344768085,0.8792661784873341,3117,2788
strict_unconditional,high,Mon,9,400,0.8929576565601022,0.9388568323543871,3117,2788
strict_unconditional,high,Mon,10,100,0.26201512037749064,0.338991383548529,3123,2794
strict_unconditional,high,Mon,10,200,0.6378826176608781,0.7148290941082102,3123,2794
strict_unconditional,high,Mon,10,300,0.8220399612870354,0.8792661784873341,3123,2794
strict_unconditional,high,Mon,10,400,0.8929576565601022,0.9388568323543871,3123,2794
strict_unconditional,high,Mon,11,100,0.26201512037749064,0.338991383548529,3123,2794
strict_unconditional,high,Mon,11,200,0.6378826176608781,0.7148290941082102,3123,2794
strict_unconditional,high,Mon,11,300,0.8220399612870354,0.8792661784873341,3123,2794
strict_unconditional,high,Mon,11,400,0.8929576565601022,0.9388568323543871,3123,2794
strict_unconditional,high,Mon,12,100,0.26101493023269906,0.33778818537014516,3095,2769
strict_unconditional,high,Mon,12,200,0.6372737511959541,0.7143762775894636,3095,2769
strict_unconditional,high,Mon,12,300,0.8217242928260743,0.8790979894946568,3095,2769
strict_unconditional,high,Mon,12,400,0.892804755864775,0.9388050818951018,3095,2769
strict_unconditional,high,Mon,13,100,0.26117042983524585,0.3379304991331798,3110,2781
strict_unconditional,high,Mon,13,200,0.6371798069983012,0.714195150981965,3110,2781
strict_unconditional,high,Mon,13,300,0.8218578061058421,0.8791368023391207,3110,2781
strict_unconditional,high,Mon,13,400,0.8929236929680215,0.9388309571247445,3110,2781
strict_unconditional,high,Mon,14,100,0.2619354318816687,0.3388620074003157,3123,2793
strict_unconditional,high,Mon,14,200,0.637702364064462,0.7146609051155329,3123,2793
strict_unconditional,high,Mon,14,300,0.8220361331716698,0.8792532408725128,3123,2793
strict_unconditional,high,Mon,14,400,0.8929576565601022,0.9388568323543871,3123,2793
strict_unconditional,high,Mon,15,100,0.2618758610904443,0.3388231945558517,3121,2792
strict_unconditional,high,Mon,15,200,0.6374017955833757,0.7143762775894636,3121,2792
strict_unconditional,high,Mon,15,300,0.8217823072933593,0.8791497399539421,3121,2792
strict_unconditional,high,Mon,15,400,0.8928285817043424,0.9387662690506379,3121,2792
strict_unconditional,high,Mon,16,100,0.2613967994823605,0.33818925142960643,3105,2777
strict_unconditional,high,Mon,16,200,0.6367039574529769,0.7136000207001837,3105,2777
strict_unconditional,high,Mon,16,300,0.8215242833892435,0.8790074261909074,3105,2777
strict_unconditional,high,Mon,16,400,0.8927090150832916,0.9387274562061738,3105,2777
strict_unconditional,high,Mon,17,100,0.2593891363940905,0.3357052293839108,3068,2746
strict_unconditional,high,Mon,17,200,0.6345796376473749,0.711504127099128,3068,2746
strict_unconditional,high,Mon,17,300,0.8210405132787212,0.8783993582943048,3068,2746
strict_unconditional,high,Mon,17,400,0.8926842265146622,0.9386886433617099,3068,2746
strict_unconditional,high,Mon,18,100,0.25641233591226514,0.33209563484875926,3012,2702
strict_unconditional,high,Mon,18,200,0.6311281289098102,0.7081015344011178,3012,2702
strict_unconditional,high,Mon,18,300,0.8199489542185344,0.8775196004864543,3012,2702
strict_unconditional,high,Mon,18,400,0.8923277998144004,0.9385075167542112,3012,2702
strict_unconditional,high,Mon,19,100,0.25439261630313387,0.3288353559137837,2975,2671
strict_unconditional,high,Mon,19,200,0.6297269978155507,0.7072994022821952,2975,2671
strict_unconditional,high,Mon,19,300,0.8195109664290009,0.877273785804849,2975,2671
strict_unconditional,high,Mon,19,400,0.8920800565329879,0.9383522653763552,2975,2671
strict_unconditional,high,Mon,20,100,0.03170850622448416,0.04591559500090563,267,233
strict_unconditional,high,Mon,20,200,0.11897875338525235,0.14367221259088675,267,233
strict_unconditional,high,Mon,20,300,0.2518259305503757,0.2861671022330323,267,233
strict_unconditional,high,Mon,20,400,0.40214171115207487,0.44361787460863716,267,233
strict_unconditional,high,Mon,21,100,0.030953367007405377,0.045178150956089735,261,227
strict_unconditional,high,Mon,21,200,0.1160456698641798,0.1408647501746578,261,227
strict_unconditional,high,Mon,21,300,0.2451946822521091,0.27978885812611587,261,227
strict_unconditional,high,Mon,21,400,0.3937397221503296,0.4353507387378063,261,227
strict_unconditional,high,Mon,22,100,0.030153224342237515,0.0442595803037752,252,219
strict_unconditional,high,Mon,22,200,0.11298894633439323,0.13726809325432762,252,219
strict_unconditional,high,Mon,22,300,0.2384783718973957,0.27207803969260225,252,219
strict_unconditional,high,Mon,22,400,0.3846774910290043,0.42585452945894897,252,219
strict_unconditional,high,Mon,23,100,0.02992853839379685,0.044000828007348565,248,216
strict_unconditional,high,Mon,23,200,0.11169369265493445,0.13590964369808783,248,216
strict_unconditional,high,Mon,23,300,0.23533989212923528,0.2691670763578027,248,216
strict_unconditional,high,Mon,23,400,0.37982103907750064,0.4213263642714829,248,216
strict_unconditional,high,Tue,0,100,0.029792800822050273,0.04383263901467126,247,215
strict_unconditional,high,Tue,0,200,0.1111568298492635,0.1353662638755919,247,215
strict_unconditional,high,Tue,0,300,0.23401259763908716,0.26773100111263487,247,215
strict_unconditional,high,Tue,0,400,0.37709741844143596,0.41814371102543535,247,215
strict_unconditional,high,Tue,1,100,0.0286213661483397,0.04070173622790902,243,211
strict_unconditional,high,Tue,1,200,0.10894175033797639,0.1319248583331177,243,211
strict_unconditional,high,Tue,1,300,0.23235477732289497,0.2661914249488964,243,211
strict_unconditional,high,Tue,1,400,0.3757456966182822,0.4171345770693715,243,211
strict_unconditional,high,Tue,2,100,0.0286213661483397,0.04070173622790902,243,211
strict_unconditional,high,Tue,2,200,0.10894175033797639,0.1319248583331177,243,211
strict_unconditional,high,Tue,2,300,0.23235477732289497,0.2661914249488964,243,211
strict_unconditional,high,Tue,2,400,0.3757456966182822,0.4171345770693715,243,211
strict_unconditional,high,Tue,3,100,0.0286213661483397,0.04070173622790902,243,211
strict_unconditional,high,Tue,3,200,0.10894175033797639,0.1319248583331177,243,211
strict_unconditional,high,Tue,3,300,0.23235477732289497,0.2661914249488964,243,211
strict_unconditional,high,Tue,3,400,0.3757456966182822,0.4171345770693715,243,211
strict_unconditional,high,Tue,4,100,0.029792800822050273,0.04383263901467126,247,215
strict_unconditional,high,Tue,4,200,0.1111568298492635,0.1353662638755919,247,215
strict_unconditional,high,Tue,4,300,0.23401259763908716,0.26773100111263487,247,215
strict_unconditional,high,Tue,4,400,0.37709741844143596,0.41814371102543535,247,215
strict_unconditional,high,Tue,5,100,0.029792800822050273,0.04383263901467126,247,215
strict_unconditional,high,Tue,5,200,0.1111568298492635,0.1353662638755919,247,215
strict_unconditional,high,Tue,5,300,0.23401259763908716,0.26773100111263487,247,215
strict_unconditional,high,Tue,5,400,0.37709741844143596,0.41814371102543535,247,215
strict_unconditional,high,Tue,6,100,0.03008539679172858,0.044104328925919214,252,219
strict_unconditional,high,Tue,6,200,0.11231394343795353,0.13662121251326106,252,219
strict_unconditional,high,Tue,6,300,0.23653193357683053,0.2702408983879732,252,219
strict_unconditional,high,Tue,6,400,0.3812109735449253,0.42166274225683753,252,219
strict_unconditional,high,Tue,7,100,0.03262474825521901,0.04805030144642534,283,244
strict_unconditional,high,Tue,7,200,0.12186506007144493,0.1486661319119207,283,244
strict_unconditional,high,Tue,7,300,0.2559546118311839,0.29286878671048205,283,244
strict_unconditional,high,Tue,7,400,0.40504732006752897,0.4483271664036018,283,244
strict_unconditional,high,Tue,8,100,0.258666150772719,0.3348901596501669,3058,2740
strict_unconditional,high,Tue,8,200,0.6339780208655205,0.7112065619582374,3058,2740
strict_unconditional,high,Tue,8,300,0.8217442158272775,0.8793826170207261,3058,2740
strict_unconditional,high,Tue,8,400,0.8939547476970049,0.939982404843843,3058,2740
strict_unconditional,high,Tue,9,100,0.2625204529310593,0.3396900147488809,3121,2794
strict_unconditional,high,Tue,9,200,0.6386482259647508,0.7155147876937408,3121,2794
strict_unconditional,high,Tue,9,300,0.8231804471757205,0.8806246280435739,3121,2794
strict_unconditional,high,Tue,9,400,0.8942056058125305,0.9401247186068776,3121,2794
strict_unconditional,high,Tue,10,100,0.26284038858584685,0.34000051750459287,3128,2801
strict_unconditional,high,Tue,10,200,0.6387568108559554,0.7156053509974901,3128,2801
strict_unconditional,high,Tue,10,300,0.8231889739859475,0.8806246280435739,3128,2801
strict_unconditional,high,Tue,10,400,0.8942056058125305,0.9401247186068776,3128,2801
strict_unconditional,high,Tue,11,100,0.26284038858584685,0.34000051750459287,3128,2801
strict_unconditional,high,Tue,11,200,0.6387568108559554,0.7156053509974901,3128,2801
strict_unconditional,high,Tue,11,300,0.8231889739859475,0.8806246280435739,3128,2801
strict_unconditional,high,Tue,11,400,0.8942056058125305,0.9401247186068776,3128,2801
strict_unconditional,high,Tue,12,100,0.26152275085305093,0.3384221284963904,3097,2774
strict_unconditional,high,Tue,12,200,0.6380428291651352,0.7150749087898155,3097,2774
strict_unconditional,high,Tue,12,300,0.8228706498102427,0.8804564390508965,3097,2774
strict_unconditional,high,Tue,12,400,0.8940527051172035,0.9400729681475923,3097,2774
strict_unconditional,high,Tue,13,100,0.261850760910945,0.3387455688669237,3113,2787
strict_unconditional,high,Tue,13,200,0.6379651848378339,0.7149196574119595,3113,2787
strict_unconditional,high,Tue,13,300,0.8230041630900106,0.8804952518953606,3113,2787
strict_unconditional,high,Tue,13,400,0.8941716422204499,0.9400988433772349,3113,2787
strict_unconditional,high,Tue,14,100,0.2626157629573679,0.3396770771340596,3126,2799
strict_unconditional,high,Tue,14,200,0.6384877419039947,0.7153854115455275,3126,2799
strict_unconditional,high,Tue,14,300,0.8231824901558382,0.8806116904287525,3126,2799
strict_unconditional,high,Tue,14,400,0.8942056058125305,0.9401247186068776,3126,2799
strict_unconditional,high,Tue,15,100,0.26255619216614345,0.3396382642895956,3124,2798
strict_unconditional,high,Tue,15,200,0.6381871734229083,0.7151007840194582,3124,2798
strict_unconditional,high,Tue,15,300,0.8229286642775278,0.880508189510182,3124,2798
strict_unconditional,high,Tue,15,400,0.8940765309567708,0.9400341553031283,3124,2798
strict_unconditional,high,Tue,16,100,0.26207713055805965,0.33900432116335033,3108,2783
strict_unconditional,high,Tue,16,200,0.6374893352925096,0.7143245271301782,3108,2783
strict_unconditional,high,Tue,16,300,0.822670640373412,0.8803658757471473,3108,2783
strict_unconditional,high,Tue,16,400,0.8939569643357199,0.9399953424586643,3108,2783
strict_unconditional,high,Tue,17,100,0.2600694674697897,0.3365202991176547,3071,2752
strict_unconditional,high,Tue,17,200,0.6353650154869076,0.7122286335291226,3071,2752
strict_unconditional,high,Tue,17,300,0.8221823370349555,0.8797578078505447,3071,2752
strict_unconditional,high,Tue,17,400,0.8939321757670906,0.9399565296142003,3071,2752
strict_unconditional,high,Tue,18,100,0.25703169587847,0.33285895412321787,3013,2706
strict_unconditional,high,Tue,18,200,0.6319346413588932,0.7088260408311123,3013,2706
strict_unconditional,high,Tue,18,300,0.8210979669174464,0.8788780500426941,3013,2706
strict_unconditional,high,Tue,18,400,0.8935757490668288,0.9397754030067017,3013,2706
strict_unconditional,high,Tue,19,100,0.25486251254949593,0.3294822366548503,2974,2673
strict_unconditional,high,Tue,19,200,0.6303238445683121,0.7079074701787978,2974,2673
strict_unconditional,high,Tue,19,300,0.820593963400344,0.8786322353610888,2974,2673
strict_unconditional,high,Tue,19,400,0.893291175308106,0.9396201516288457,2974,2673
strict_unconditional,high,Tue,20,100,0.03170850622448416,0.04591559500090563,267,233
strict_unconditional,high,Tue,20,200,0.11897875338525235,0.14367221259088675,267,233
strict_unconditional,high,Tue,20,300,0.2518259305503757,0.2861671022330323,267,233
strict_unconditional,high,Tue,20,400,0.40214171115207487,0.44361787460863716,267,233
strict_unconditional,high,Tue,21,100,0.030953367007405377,0.045178150956089735,261,227
strict_unconditional,high,Tue,21,200,0.1160456698641798,0.1408647501746578,261,227
strict_unconditional,high,Tue,21,300,0.2451946822521091,0.27978885812611587,261,227
strict_unconditional,high,Tue,21,400,0.3937397221503296,0.4353507387378063,261,227
strict_unconditional,high,Tue,22,100,0.030153224342237515,0.0442595803037752,252,219
strict_unconditional,high,Tue,22,200,0.11298894633439323,0.13726809325432762,252,219
strict_unconditional,high,Tue,22,300,0.2384783718973957,0.27207803969260225,252,219
strict_unconditional,high,Tue,22,400,0.3846774910290043,0.42585452945894897,252,219
strict_unconditional,high,Tue,23,100,0.02992853839379685,0.044000828007348565,248,216
strict_unconditional,high,Tue,23,200,0.11169369265493445,0.13590964369808783,248,216
strict_unconditional,high,Tue,23,300,0.23533989212923528,0.2691670763578027,248,216
strict_unconditional,high,Tue,23,400,0.37982103907750064,0.4213263642714829,248,216
strict_unconditional,high,Wed,0,100,0.029792800822050273,0.04383263901467126,247,215
strict_unconditional,high,Wed,0,200,0.1111568298492635,0.1353662638755919,247,215
strict_unconditional,high,Wed,0,300,0.23401259763908716,0.26773100111263487,247,215
strict_unconditional,high,Wed,0,400,0.37709741844143596,0.41814371102543535,247,215
strict_unconditional,high,Wed,1,100,0.0286213661483397,0.04070173622790902,243,211
strict_unconditional,high,Wed,1,200,0.10894175033797639,0.1319248583331177,243,211
strict_unconditional,high,Wed,1,300,0.23235477732289497,0.2661914249488964,243,211
strict_unconditional,high,Wed,1,400,0.3757456966182822,0.4171345770693715,243,211
strict_unconditional,high,Wed,2,100,0.0286213661483397,0.04070173622790902,243,211
strict_unconditional,high,Wed,2,200,0.10894175033797639,0.1319248583331177,243,211
strict_unconditional,high,Wed,2,300,0.23235477732289497,0.2661914249488964,243,211
strict_unconditional,high,Wed,2,400,0.3757456966182822,0.4171345770693715,243,211
strict_unconditional,high,Wed,3,100,0.0286213661483397,0.04070173622790902,243,211
strict_unconditional,high,Wed,3,200,0.10894175033797639,0.1319248583331177,243,211
strict_unconditional,high,Wed,3,300,0.23235477732289497,0.2661914249488964,243,211
strict_unconditional,high,Wed,3,400,0.3757456966182822,0.4171345770693715,243,211
strict_unconditional,high,Wed,4,100,0.029792800822050273,0.04383263901467126,247,215
strict_unconditional,high,Wed,4,200,0.1111568298492635,0.1353662638755919,247,215
strict_unconditional,high,Wed,4,300,0.23401259763908716,0.26773100111263487,247,215
strict_unconditional,high,Wed,4,400,0.37709741844143596,0.41814371102543535,247,215
strict_unconditional,high,Wed,5,100,0.029792800822050273,0.04383263901467126,247,215
strict_unconditional,high,Wed,5,200,0.1111568298492635,0.1353662638755919,247,215
strict_unconditional,high,Wed,5,300,0.23401259763908716,0.26773100111263487,247,215
strict_unconditional,high,Wed,5,400,0.37709741844143596,0.41814371102543535,247,215
strict_unconditional,high,Wed,6,100,0.03008539679172858,0.044104328925919214,252,219
strict_unconditional,high,Wed,6,200,0.11231394343795353,0.13662121251326106,252,219
strict_unconditional,high,Wed,6,300,0.23653193357683053,0.2702408983879732,252,219
strict_unconditional,high,Wed,6,400,0.3812109735449253,0.42166274225683753,252,219
strict_unconditional,high,Wed,7,100,0.03266503608553256,0.048231428053923976,283,244
strict_unconditional,high,Wed,7,200,0.12190836390035698,0.1491965741195953,283,244
strict_unconditional,high,Wed,7,300,0.2559788829141181,0.29372266928868995,283,244
strict_unconditional,high,Wed,7,400,0.4051412448334801,0.449543302196807,283,244
strict_unconditional,high,Wed,8,100,0.25833535426033677,0.3346055321240976,3053,2736
strict_unconditional,high,Wed,8,200,0.6330764199881114,0.7102621160762802,3053,2736
strict_unconditional,high,Wed,8,300,0.821700847372009,0.879499055554118,3053,2736
strict_unconditional,high,Wed,8,400,0.8939335725786212,0.939982404843843,3053,2736
strict_unconditional,high,Wed,9,100,0.26212840204634424,0.33937951199316896,3115,2789
strict_unconditional,high,Wed,9,200,0.6374373779052737,0.7142469014412502,3115,2789
strict_unconditional,high,Wed,9,300,0.8230567606393943,0.8807410665769658,3115,2789
strict_unconditional,high,Wed,9,400,0.8941669411131956,0.9401117809920563,3115,2789
strict_unconditional,high,Wed,10,100,0.2624483377011318,0.3396900147488809,3122,2796
strict_unconditional,high,Wed,10,200,0.6375459627964782,0.7143374647449996,3122,2796
strict_unconditional,high,Wed,10,300,0.8230652874496212,0.8807410665769658,3122,2796
strict_unconditional,high,Wed,10,400,0.8941669411131956,0.9401117809920563,3122,2796
strict_unconditional,high,Wed,11,100,0.2624483377011318,0.3396900147488809,3122,2796
strict_unconditional,high,Wed,11,200,0.6375459627964782,0.7143374647449996,3122,2796
strict_unconditional,high,Wed,11,300,0.8230652874496212,0.8807410665769658,3122,2796
strict_unconditional,high,Wed,11,400,0.8941669411131956,0.9401117809920563,3122,2796
strict_unconditional,high,Wed,12,100,0.261275637100993,0.3383056899629984,3092,2770
strict_unconditional,high,Wed,12,200,0.6369207964612028,0.7138587729966104,3092,2770
strict_unconditional,high,Wed,12,300,0.8227496189886602,0.8805728775842886,3092,2770
strict_unconditional,high,Wed,12,400,0.8940140404178685,0.940060030532771,3092,2770
strict_unconditional,high,Wed,13,100,0.2615797893806538,0.3385903174890677,3107,2782
strict_unconditional,high,Wed,13,200,0.6368168194264321,0.7137035216187544,3107,2782
strict_unconditional,high,Wed,13,300,0.8228831322684278,0.8806116904287525,3107,2782
strict_unconditional,high,Wed,13,400,0.8941329775211151,0.9400859057624137,3107,2782
strict_unconditional,high,Wed,14,100,0.2625203426539297,0.33970295236370224,3122,2796
strict_unconditional,high,Wed,14,200,0.6378274580524419,0.7146609051155329,3122,2796
strict_unconditional,high,Wed,14,300,0.823145605530679,0.8807410665769658,3122,2796
strict_unconditional,high,Wed,14,400,0.8941844306941468,0.9401247186068776,3122,2796
strict_unconditional,high,Wed,15,100,0.26257506871722563,0.33981939089709423,3121,2796
strict_unconditional,high,Wed,15,200,0.6377057239491369,0.7145444665821409,3121,2796
strict_unconditional,high,Wed,15,300,0.8228956077677341,0.8806505032732166,3121,2796
strict_unconditional,high,Wed,15,400,0.8940553558383871,0.9400341553031283,3121,2796
strict_unconditional,high,Wed,16,100,0.2620960071091417,0.33918544777084897,3105,2781
strict_unconditional,high,Wed,16,200,0.6370078858187381,0.713768209692861,3105,2781
strict_unconditional,high,Wed,16,300,0.8226375838636184,0.880508189510182,3105,2781
strict_unconditional,high,Wed,16,400,0.8939357892173363,0.9399953424586643,3105,2781
strict_unconditional,high,Wed,17,100,0.26008834402087183,0.3367014257251533,3069,2751
strict_unconditional,high,Wed,17,200,0.634883566013136,0.7116723160918054,3069,2751
strict_unconditional,high,Wed,17,300,0.8221538137530962,0.8799001216135793,3069,2751
strict_unconditional,high,Wed,17,400,0.8939110006487071,0.9399565296142003,3069,2751
strict_unconditional,high,Wed,18,100,0.2569907474474612,0.33291070458250316,3013,2706
strict_unconditional,high,Wed,18,200,0.6316999564191145,0.708541413305043,3013,2706
strict_unconditional,high,Wed,18,300,0.821142572773967,0.8790203638057288,3013,2706
strict_unconditional,high,Wed,18,400,0.8935720635293963,0.939788340621523,3013,2706
strict_unconditional,high,Wed,19,100,0.2548215641184871,0.3295339871141356,2974,2673
strict_unconditional,high,Wed,19,200,0.6300891596285333,0.7076228426527286,2974,2673
strict_unconditional,high,Wed,19,300,0.8206385692568645,0.8787745491241234,2974,2673
strict_unconditional,high,Wed,19,400,0.8932874897706735,0.9396330892436671,2974,2673
strict_unconditional,high,Wed,20,100,0.031967314143775946,0.0463942867492949,268,234
strict_unconditional,high,Wed,20,200,0.11982160680210219,0.1450565373767692,268,234
strict_unconditional,high,Wed,20,300,0.2535346299206,0.2887416875824773,268,234
strict_unconditional,high,Wed,20,400,0.4050873422786441,0.44784847465521255,268,234
strict_unconditional,high,Wed,21,100,0.03121217492669716,0.045656842704479,261,228
strict_unconditional,high,Wed,21,200,0.11688852328102964,0.14224907496054026,261,228
strict_unconditional,high,Wed,21,300,0.24690338162233336,0.28236344347556086,261,228
strict_unconditional,high,Wed,21,400,0.39668535327689897,0.4395813387843817,261,228
strict_unconditional,high,Wed,22,100,0.0304120322615293,0.04473827205216446,253,220
strict_unconditional,high,Wed,22,200,0.11383179975124304,0.1386524180402101,253,220
strict_unconditional,high,Wed,22,300,0.24018707126761996,0.27465262504204724,253,220
strict_unconditional,high,Wed,22,400,0.38762312215557365,0.43008512950552436,253,220
strict_unconditional,high,Wed,23,100,0.030187346313088635,0.044479519755737836,249,217
strict_unconditional,high,Wed,23,200,0.11253654607178429,0.1372939684839703,249,217
strict_unconditional,high,Wed,23,300,0.23704859149945953,0.2717416617072477,249,217
strict_unconditional,high,Wed,23,400,0.38276667020407,0.42555696431805834,249,217
strict_unconditional,high,Thu,0,100,0.030051608741342058,0.04431133076306052,248,216
strict_unconditional,high,Thu,0,200,0.11199968326611334,0.13675058866147438,248,216
strict_unconditional,high,Thu,0,300,0.2357212970093114,0.27030558646207986,248,216
strict_unconditional,high,Thu,0,400,0.38004304956800533,0.4223743110720108,248,216
strict_unconditional,high,Thu,1,100,0.028880174067631485,0.04118042797629829,244,212
strict_unconditional,high,Thu,1,200,0.10978460375482621,0.13330918311900017,244,212
strict_unconditional,high,Thu,1,300,0.23406347669311925,0.2687660102983414,244,212
strict_unconditional,high,Thu,1,400,0.3786913277448516,0.4213651771159469,244,212
strict_unconditional,high,Thu,2,100,0.0286213661483397,0.04070173622790902,243,211
strict_unconditional,high,Thu,2,200,0.10894175033797639,0.1319248583331177,243,211
strict_unconditional,high,Thu,2,300,0.23235477732289497,0.2661914249488964,243,211
strict_unconditional,high,Thu,2,400,0.3757456966182822,0.4171345770693715,243,211
strict_unconditional,high,Thu,3,100,0.0286213661483397,0.04070173622790902,243,211
strict_unconditional,high,Thu,3,200,0.10894175033797639,0.1319248583331177,243,211
strict_unconditional,high,Thu,3,300,0.23235477732289497,0.2661914249488964,243,211
strict_unconditional,high,Thu,3,400,0.3757456966182822,0.4171345770693715,243,211
strict_unconditional,high,Thu,4,100,0.029792800822050273,0.04383263901467126,247,215
strict_unconditional,high,Thu,4,200,0.1111568298492635,0.1353662638755919,247,215
strict_unconditional,high,Thu,4,300,0.23401259763908716,0.26773100111263487,247,215
strict_unconditional,high,Thu,4,400,0.37709741844143596,0.41814371102543535,247,215
strict_unconditional,high,Thu,5,100,0.029792800822050273,0.04383263901467126,247,215
strict_unconditional,high,Thu,5,200,0.1111568298492635,0.1353662638755919,247,215
strict_unconditional,high,Thu,5,300,0.23401259763908716,0.26773100111263487,247,215
strict_unconditional,high,Thu,5,400,0.37709741844143596,0.41814371102543535,247,215
strict_unconditional,high,Thu,6,100,0.03008539679172858,0.044104328925919214,252,219
strict_unconditional,high,Thu,6,200,0.11231394343795353,0.13662121251326106,252,219
strict_unconditional,high,Thu,6,300,0.23653193357683053,0.2702408983879732,252,219
strict_unconditional,high,Thu,6,400,0.3812109735449253,0.42166274225683753,252,219
strict_unconditional,high,Thu,7,100,0.03288355617451079,0.0485289931948146,284,245
strict_unconditional,high,Thu,7,200,0.12270791348829475,0.1500504566978032,284,245
strict_unconditional,high,Thu,7,300,0.2576633112014082,0.29544337205992705,284,245
strict_unconditional,high,Thu,7,400,0.4079929511940983,0.45255776645017726,284,245
strict_unconditional,high,Thu,8,100,0.25825751881875864,0.33447615597588426,3049,2731
strict_unconditional,high,Thu,8,200,0.6333650863525693,0.7108831215877041,3049,2731
strict_unconditional,high,Thu,8,300,0.8216860908269583,0.8793696794059047,3049,2731
strict_unconditional,high,Thu,8,400,0.8939113521979087,0.939982404843843,3049,2731
strict_unconditional,high,Thu,9,100,0.26211182097709895,0.33927601107459826,3112,2785
strict_unconditional,high,Thu,9,200,0.6380352914517997,0.7151913473232074,3112,2785
strict_unconditional,high,Thu,9,300,0.8231223221754013,0.8806116904287525,3112,2785
strict_unconditional,high,Thu,9,400,0.8941622103134345,0.9401247186068776,3112,2785
strict_unconditional,high,Thu,10,100,0.26243175663188645,0.33958651383031024,3119,2792
strict_unconditional,high,Thu,10,200,0.6381438763430041,0.7152819106269568,3119,2792
strict_unconditional,high,Thu,10,300,0.8231308489856283,0.8806116904287525,3119,2792
strict_unconditional,high,Thu,10,400,0.8941622103134345,0.9401247186068776,3119,2792
strict_unconditional,high,Thu,11,100,0.26243175663188645,0.33958651383031024,3119,2792
strict_unconditional,high,Thu,11,200,0.6381438763430041,0.7152819106269568,3119,2792
strict_unconditional,high,Thu,11,300,0.8231308489856283,0.8806116904287525,3119,2792
strict_unconditional,high,Thu,11,400,0.8941622103134345,0.9401247186068776,3119,2792
strict_unconditional,high,Thu,12,100,0.26125905603174765,0.3382021890444278,3089,2766
strict_unconditional,high,Thu,12,200,0.6375163639881205,0.7148032188785676,3089,2766
strict_unconditional,high,Thu,12,300,0.8228151805246672,0.8804435014360752,3089,2766
strict_unconditional,high,Thu,12,400,0.8940093096181073,0.9400729681475923,3089,2766
strict_unconditional,high,Thu,13,100,0.26158706608964166,0.33852562941496106,3105,2779
strict_unconditional,high,Thu,13,200,0.6374410656804272,0.7146479675007116,3105,2779
strict_unconditional,high,Thu,13,300,0.822948693804435,0.8804823142805392,3105,2779
strict_unconditional,high,Thu,13,400,0.8941282467213538,0.9400988433772349,3105,2779
strict_unconditional,high,Thu,14,100,0.2623520681360646,0.33945713768209695,3118,2791
strict_unconditional,high,Thu,14,200,0.637963622746588,0.7151137216342796,3118,2791
strict_unconditional,high,Thu,14,300,0.8231270208702626,0.8805987528139312,3118,2791
strict_unconditional,high,Thu,14,400,0.8941622103134345,0.9401247186068776,3118,2791
strict_unconditional,high,Thu,15,100,0.26229249734484017,0.33941832483763296,3116,2790
strict_unconditional,high,Thu,15,200,0.6376630542655016,0.7148290941082102,3116,2790
strict_unconditional,high,Thu,15,300,0.8228731949919521,0.8804952518953606,3116,2790
strict_unconditional,high,Thu,15,400,0.8940331354576747,0.9400341553031283,3116,2790
strict_unconditional,high,Thu,16,100,0.2618134357367563,0.3387843817113877,3100,2775
strict_unconditional,high,Thu,16,200,0.6369522062294785,0.7140528372189303,3100,2775
strict_unconditional,high,Thu,16,300,0.8226151710878365,0.880352938132326,3100,2775
strict_unconditional,high,Thu,16,400,0.8939135688366239,0.9399953424586643,3100,2775
strict_unconditional,high,Thu,17,100,0.2598057726484864,0.33630035966569205,3064,2745
strict_unconditional,high,Thu,17,200,0.6348278864238764,0.7119569436178746,3064,2745
strict_unconditional,high,Thu,17,300,0.8221314009773141,0.8797448702357233,3064,2745
strict_unconditional,high,Thu,17,400,0.8938887802679945,0.9399565296142003,3064,2745
strict_unconditional,high,Thu,18,100,0.25662306392450973,0.33244495044893524,3006,2698
strict_unconditional,high,Thu,18,200,0.6313126127145404,0.7085026004605791,3006,2698
strict_unconditional,high,Thu,18,300,0.8210398419171272,0.8788651124278728,3006,2698
strict_unconditional,high,Thu,18,400,0.8935323535677328,0.9397754030067017,3006,2698
strict_unconditional,high,Thu,19,100,0.2544538805955356,0.3290682329805677,2965,2664
strict_unconditional,high,Thu,19,200,0.6297018159239594,0.7075840298082645,2965,2664
strict_unconditional,high,Thu,19,300,0.8205358384000248,0.8786192977462675,2965,2664
strict_unconditional,high,Thu,19,400,0.8932477798090098,0.9396201516288457,2965,2664
strict_unconditional,high,Thu,20,100,0.031967314143775946,0.0463942867492949,268,234
strict_unconditional,high,Thu,20,200,0.11982160680210219,0.1450565373767692,268,234
strict_unconditional,high,Thu,20,300,0.2535346299206,0.2887416875824773,268,234
strict_unconditional,high,Thu,20,400,0.4050873422786441,0.44784847465521255,268,234
strict_unconditional,high,Thu,21,100,0.03121217492669716,0.045656842704479,262,228
strict_unconditional,high,Thu,21,200,0.11688852328102964,0.14224907496054026,262,228
strict_unconditional,high,Thu,21,300,0.24690338162233336,0.28236344347556086,262,228
strict_unconditional,high,Thu,21,400,0.39668535327689897,0.4395813387843817,262,228
strict_unconditional,high,Thu,22,100,0.0304120322615293,0.04473827205216446,253,220
strict_unconditional,high,Thu,22,200,0.11383179975124304,0.1386524180402101,253,220
strict_unconditional,high,Thu,22,300,0.24018707126761996,0.27465262504204724,253,220
strict_unconditional,high,Thu,22,400,0.38762312215557365,0.43008512950552436,253,220
strict_unconditional,high,Thu,23,100,0.030187346313088635,0.044479519755737836,249,217
strict_unconditional,high,Thu,23,200,0.11253654607178429,0.1372939684839703,249,217
strict_unconditional,high,Thu,23,300,0.23704859149945953,0.2717416617072477,249,217
strict_unconditional,high,Thu,23,400,0.38276667020407,0.42555696431805834,249,217
strict_unconditional,high,Fri,0,100,0.030051608741342058,0.04431133076306052,248,216
strict_unconditional,high,Fri,0,200,0.11199968326611334,0.13675058866147438,248,216
strict_unconditional,high,Fri,0,300,0.2357212970093114,0.27030558646207986,248,216
strict_unconditional,high,Fri,0,400,0.38004304956800533,0.4223743110720108,248,216
strict_unconditional,high,Fri,1,100,0.028880174067631485,0.04118042797629829,244,212
strict_unconditional,high,Fri,1,200,0.10978460375482621,0.13330918311900017,244,212
strict_unconditional,high,Fri,1,300,0.23406347669311925,0.2687660102983414,244,212
strict_unconditional,high,Fri,1,400,0.3786913277448516,0.4213651771159469,244,212
strict_unconditional,high,Fri,2,100,0.0286213661483397,0.04070173622790902,243,211
strict_unconditional,high,Fri,2,200,0.10894175033797639,0.1319248583331177,243,211
strict_unconditional,high,Fri,2,300,0.23235477732289497,0.2661914249488964,243,211
strict_unconditional,high,Fri,2,400,0.3757456966182822,0.4171345770693715,243,211
strict_unconditional,high,Fri,3,100,0.0286213661483397,0.04070173622790902,243,211
strict_unconditional,high,Fri,3,200,0.10894175033797639,0.1319248583331177,243,211
strict_unconditional,high,Fri,3,300,0.23235477732289497,0.2661914249488964,243,211
strict_unconditional,high,Fri,3,400,0.3757456966182822,0.4171345770693715,243,211
strict_unconditional,high,Fri,4,100,0.029792800822050273,0.04383263901467126,247,215
strict_unconditional,high,Fri,4,200,0.1111568298492635,0.1353662638755919,247,215
strict_unconditional,high,Fri,4,300,0.23401259763908716,0.26773100111263487,247,215
strict_unconditional,high,Fri,4,400,0.37709741844143596,0.41814371102543535,247,215
strict_unconditional,high,Fri,5,100,0.029792800822050273,0.04383263901467126,247,215
strict_unconditional,high,Fri,5,200,0.1111568298492635,0.1353662638755919,247,215
strict_unconditional,high,Fri,5,300,0.23401259763908716,0.26773100111263487,247,215
strict_unconditional,high,Fri,5,400,0.37709741844143596,0.41814371102543535,247,215
strict_unconditional,high,Fri,6,100,0.03008539679172858,0.044104328925919214,252,219
strict_unconditional,high,Fri,6,200,0.11231394343795353,0.13662121251326106,252,219
strict_unconditional,high,Fri,6,300,0.23653193357683053,0.2702408983879732,252,219
strict_unconditional,high,Fri,6,400,0.3812109735449253,0.42166274225683753,252,219
strict_unconditional,high,Fri,7,100,0.03288355617451079,0.0485289931948146,284,245
strict_unconditional,high,Fri,7,200,0.12270791348829475,0.1500504566978032,284,245
strict_unconditional,high,Fri,7,300,0.2576633112014082,0.29544337205992705,284,245
strict_unconditional,high,Fri,7,400,0.4079929511940983,0.45255776645017726,284,245
strict_unconditional,high,Fri,8,100,0.25866331014918204,0.33516184956141487,3055,2737
strict_unconditional,high,Fri,8,200,0.6332915283002538,0.7108054958987761,3055,2737
strict_unconditional,high,Fri,8,300,0.821210628717762,0.8791238647242994,3055,2737
strict_unconditional,high,Fri,8,400,0.8938709698293023,0.939982404843843,3055,2737
strict_unconditional,high,Fri,9,100,0.26251031320141854,0.33993582943048617,3116,2789
strict_unconditional,high,Fri,9,200,0.6379617333994841,0.7151137216342796,3116,2789
strict_unconditional,high,Fri,9,300,0.8226468600662049,0.8803658757471473,3116,2789
strict_unconditional,high,Fri,9,400,0.8941218279448279,0.9401247186068776,3116,2789
strict_unconditional,high,Fri,10,100,0.2628302488562061,0.34024633218619815,3123,2796
strict_unconditional,high,Fri,10,200,0.6380703182906886,0.7152042849380288,3123,2796
strict_unconditional,high,Fri,10,300,0.8226553868764319,0.8803658757471473,3123,2796
strict_unconditional,high,Fri,10,400,0.8941218279448279,0.9401247186068776,3123,2796
strict_unconditional,high,Fri,11,100,0.2628302488562061,0.34024633218619815,3123,2796
strict_unconditional,high,Fri,11,200,0.6380703182906886,0.7152042849380288,3123,2796
strict_unconditional,high,Fri,11,300,0.8226553868764319,0.8803658757471473,3123,2796
strict_unconditional,high,Fri,11,400,0.8941218279448279,0.9401247186068776,3123,2796
strict_unconditional,high,Fri,12,100,0.2616763693665667,0.3388620074003157,3094,2771
strict_unconditional,high,Fri,12,200,0.6374465711740479,0.7147255931896396,3094,2771
strict_unconditional,high,Fri,12,300,0.8223397184154708,0.88019768675447,3094,2771
strict_unconditional,high,Fri,12,400,0.8939689272495008,0.9400729681475923,3094,2771
strict_unconditional,high,Fri,13,100,0.2619902413437145,0.3391725101560276,3109,2783
strict_unconditional,high,Fri,13,200,0.6373689268467466,0.7145703418117836,3109,2783
strict_unconditional,high,Fri,13,300,0.8224732316952386,0.8802364995989339,3109,2783
strict_unconditional,high,Fri,13,400,0.8940878643527472,0.9400988433772349,3109,2783
strict_unconditional,high,Fri,14,100,0.2626521271773538,0.34001345511941417,3121,2794
strict_unconditional,high,Fri,14,200,0.6378910392487456,0.7150360959453516,3121,2794
strict_unconditional,high,Fri,14,300,0.8226515587610663,0.880352938132326,3121,2794
strict_unconditional,high,Fri,14,400,0.8941218279448279,0.9401247186068776,3121,2794
strict_unconditional,high,Fri,15,100,0.26259255638612944,0.33997464227495017,3118,2793
strict_unconditional,high,Fri,15,200,0.6375904707676592,0.7147514684192823,3118,2793
strict_unconditional,high,Fri,15,300,0.8223977328827557,0.8802494372137553,3118,2793
strict_unconditional,high,Fri,15,400,0.8939927530890681,0.9400341553031283,3118,2793
strict_unconditional,high,Fri,16,100,0.262023090645674,0.3392889486894196,3098,2775
strict_unconditional,high,Fri,16,200,0.6368473216318589,0.7139752115300023,3098,2775
strict_unconditional,high,Fri,16,300,0.8221397089786401,0.8801071234507206,3098,2775
strict_unconditional,high,Fri,16,400,0.8938731864680173,0.9399953424586643,3098,2775
strict_unconditional,high,Fri,17,100,0.2598929819359866,0.33662380003622533,3063,2745
strict_unconditional,high,Fri,17,200,0.6342433333327576,0.7113359381064507,3063,2745
strict_unconditional,high,Fri,17,300,0.8215744959306293,0.8794861179392968,3063,2745
strict_unconditional,high,Fri,17,400,0.8938309083184367,0.939943591999379,3063,2745
strict_unconditional,high,Fri,18,100,0.2570288552549331,0.3331306440344658,3009,2703
strict_unconditional,high,Fri,18,200,0.6312520645678494,0.7084249747716511,3009,2703
strict_unconditional,high,Fri,18,300,0.8205643798079308,0.8786192977462675,3009,2703
strict_unconditional,high,Fri,18,400,0.8934919711991263,0.9397754030067017,3009,2703
strict_unconditional,high,Fri,19,100,0.254859671925959,0.32975392656609825,2971,2670
strict_unconditional,high,Fri,19,200,0.6296412677772684,0.7075064041193365,2971,2670
strict_unconditional,high,Fri,19,300,0.8200603762908285,0.8783734830646622,2971,2670
strict_unconditional,high,Fri,19,400,0.8932073974404034,0.9396201516288457,2971,2670
strict_unconditional,high,Fri,20,100,0.031967314143775946,0.0463942867492949,268,234
strict_unconditional,high,Fri,20,200,0.11982160680210219,0.1450565373767692,268,234
strict_unconditional,high,Fri,20,300,0.2535346299206,0.2887416875824773,268,234
strict_unconditional,high,Fri,20,400,0.4050873422786441,0.44784847465521255,268,234
strict_unconditional,high,Fri,21,100,0.03121217492669716,0.045656842704479,262,228
strict_unconditional,high,Fri,21,200,0.11688852328102964,0.14224907496054026,262,228
strict_unconditional,high,Fri,21,300,0.24690338162233336,0.28236344347556086,262,228
strict_unconditional,high,Fri,21,400,0.39668535327689897,0.4395813387843817,262,228
strict_unconditional,high,Fri,22,100,0.0304120322615293,0.04473827205216446,253,220
strict_unconditional,high,Fri,22,200,0.11383179975124304,0.1386524180402101,253,220
strict_unconditional,high,Fri,22,300,0.24018707126761996,0.27465262504204724,253,220
strict_unconditional,high,Fri,22,400,0.38762312215557365,0.43008512950552436,253,220
strict_unconditional,high,Fri,23,100,0.030187346313088635,0.044479519755737836,249,217
strict_unconditional,high,Fri,23,200,0.11253654607178429,0.1372939684839703,249,217
strict_unconditional,high,Fri,23,300,0.23704859149945953,0.2717416617072477,249,217
strict_unconditional,high,Fri,23,400,0.38276667020407,0.42555696431805834,249,217
strict_unconditional,high,Sat,0,100,0.029090062392602454,0.04304344451057003,240,208
strict_unconditional,high,Sat,0,200,0.10850864823422844,0.13271405283721893,240,208
strict_unconditional,high,Sat,0,300,0.2281373171863104,0.26184438636892904,240,208
strict_unconditional,high,Sat,0,400,0.3694544812189868,0.4105752063549564,240,208
strict_unconditional,high,Sat,1,100,0.027918627718891878,0.0399125417238078,236,204
strict_unconditional,high,Sat,1,200,0.10629356872294132,0.12927264729474475,236,204
strict_unconditional,high,Sat,1,300,0.22647949687011823,0.2603048102051906,236,204
strict_unconditional,high,Sat,1,400,0.36810275939583303,0.40956607239889253,236,204
strict_unconditional,high,Sat,2,100,0.02765981979960009,0.03943384997541853,235,203
strict_unconditional,high,Sat,2,200,0.10545071530609151,0.12788832250886226,235,203
strict_unconditional,high,Sat,2,300,0.22477079749989395,0.2577302248557456,235,203
strict_unconditional,high,Sat,2,400,0.3651571282692637,0.40533547235231715,235,203
strict_unconditional,high,Sat,3,100,0.02765981979960009,0.03943384997541853,235,203
strict_unconditional,high,Sat,3,200,0.10545071530609151,0.12788832250886226,235,203
strict_unconditional,high,Sat,3,300,0.22477079749989395,0.2577302248557456,235,203
strict_unconditional,high,Sat,3,400,0.3651571282692637,0.40533547235231715,235,203
strict_unconditional,high,Sat,4,100,0.02883125447331067,0.04256475276218077,239,207
strict_unconditional,high,Sat,4,200,0.10766579481737862,0.13132972805133644,239,207
strict_unconditional,high,Sat,4,300,0.22642861781608611,0.25926980101948405,239,207
strict_unconditional,high,Sat,4,400,0.3665088500924174,0.406344606308381,239,207
strict_unconditional,high,Sat,5,100,0.02883125447331067,0.04256475276218077,239,207
strict_unconditional,high,Sat,5,200,0.10766579481737862,0.13132972805133644,239,207
strict_unconditional,high,Sat,5,300,0.22642861781608611,0.25926980101948405,239,207
strict_unconditional,high,Sat,5,400,0.3665088500924174,0.406344606308381,239,207
strict_unconditional,high,Sat,6,100,0.02886431027861459,0.04262944083628742,240,208
strict_unconditional,high,Sat,6,200,0.10796253043131016,0.13164023080704843,240,208
strict_unconditional,high,Sat,6,300,0.2273026795178544,0.2600719331384066,240,208
strict_unconditional,high,Sat,6,400,0.3684080969572303,0.4081041219240821,240,208
strict_unconditional,high,Sat,7,100,0.029334216378582252,0.043276321577354,245,212
strict_unconditional,high,Sat,7,200,0.10962335664737623,0.13394312624524543,245,212
strict_unconditional,high,Sat,7,300,0.2313094000501962,0.2651176029187259,245,212
strict_unconditional,high,Sat,7,400,0.3745514537524008,0.41599606696509434,245,212
strict_unconditional,high,Sat,8,100,0.07103986871564032,0.09829999741247704,659,573
strict_unconditional,high,Sat,8,200,0.24211147735444308,0.28686573343338423,659,573
strict_unconditional,high,Sat,8,300,0.45114964571053573,0.5053561725360313,659,573
strict_unconditional,high,Sat,8,400,0.6347854473739487,0.6886045488653711,659,573
strict_unconditional,high,Sat,9,100,0.07207329470782457,0.0994773203612182,671,584
strict_unconditional,high,Sat,9,200,0.24621954065760995,0.2911351463244236,671,584
strict_unconditional,high,Sat,9,300,0.4594577494661953,0.5136491836365048,671,584
strict_unconditional,high,Sat,9,400,0.6456592583543065,0.699485082930111,671,584
strict_unconditional,high,Sat,10,100,0.07286747907432559,0.10031826532460475,677,590
strict_unconditional,high,Sat,10,200,0.2472970666464924,0.2922995316583435,677,590
strict_unconditional,high,Sat,10,300,0.46010167905048316,0.5142572515331073,677,590
strict_unconditional,high,Sat,10,400,0.6459608941336505,0.6997438352265376,677,590
strict_unconditional,high,Sat,11,100,0.07286747907432559,0.10031826532460475,677,590
strict_unconditional,high,Sat,11,200,0.2472970666464924,0.2922995316583435,677,590
strict_unconditional,high,Sat,11,300,0.46010167905048316,0.5142572515331073,677,590
strict_unconditional,high,Sat,11,400,0.6459608941336505,0.6997438352265376,677,590
strict_unconditional,high,Sat,12,100,0.07224257682240223,0.09964550935389552,668,584
strict_unconditional,high,Sat,12,200,0.2456899293645818,0.29065645457603434,668,584
strict_unconditional,high,Sat,12,300,0.4586859275537898,0.5130540533547235,668,584
strict_unconditional,high,Sat,12,400,0.6440678894674452,0.6980360700701219,668,584
strict_unconditional,high,Sat,13,100,0.07206342148877566,0.09942556990193288,667,583
strict_unconditional,high,Sat,13,200,0.24496454592314462,0.29002251144978913,667,583
strict_unconditional,high,Sat,13,300,0.45701468748743374,0.5112427872797372,667,583
strict_unconditional,high,Sat,13,400,0.6419933652933463,0.6959531140838875,667,583
strict_unconditional,high,Sat,14,100,0.07234351715866351,0.09964550935389552,670,586
strict_unconditional,high,Sat,14,200,0.2457003795466671,0.2906305793463917,670,586
strict_unconditional,high,Sat,14,300,0.4574771035771243,0.5114886019613424,670,586
strict_unconditional,high,Sat,14,400,0.6423423185111742,0.6962636168395995,670,586
strict_unconditional,high,Sat,15,100,0.07256203724764174,0.09994307449478614,671,587
strict_unconditional,high,Sat,15,200,0.246499261446795,0.2914844619245996,671,587
strict_unconditional,high,Sat,15,300,0.4588825098985283,0.5129893652806169,671,587
strict_unconditional,high,Sat,15,400,0.6442225701931683,0.6982301342924419,671,587
strict_unconditional,high,Sat,16,100,0.07256203724764174,0.09994307449478614,671,587
strict_unconditional,high,Sat,16,200,0.246499261446795,0.2914844619245996,671,587
strict_unconditional,high,Sat,16,300,0.4588825098985283,0.5129893652806169,671,587
strict_unconditional,high,Sat,16,400,0.6442225701931683,0.6982301342924419,671,587
strict_unconditional,high,Sat,17,100,0.07248386490040258,0.09985251119103682,670,586
strict_unconditional,high,Sat,17,200,0.24614658157252792,0.2910833958651383,670,586
strict_unconditional,high,Sat,17,300,0.4585191993900542,0.512640049680441,670,586
strict_unconditional,high,Sat,17,400,0.6440763433857265,0.6980490076849432,670,586
strict_unconditional,high,Sat,18,100,0.07153626771190923,0.09876575154604497,662,579
strict_unconditional,high,Sat,18,200,0.24349282530158645,0.2884053095971227,662,579
strict_unconditional,high,Sat,18,300,0.4549133352706196,0.5091598312935027,662,579
strict_unconditional,high,Sat,18,400,0.6405598028183299,0.6945170388387197,662,579
strict_unconditional,high,Sat,19,100,0.07034567215154693,0.09723911299712786,647,566
strict_unconditional,high,Sat,19,200,0.2389868252640896,0.28377364349108597,647,566
strict_unconditional,high,Sat,19,300,0.44675118628273347,0.5014102000155252,647,566
strict_unconditional,high,Sat,19,400,0.6318254185836638,0.6861981525086035,647,566
strict_unconditional,high,Sat,20,100,0.02983956626803619,0.04381970139984993,247,215
strict_unconditional,high,Sat,20,200,0.11159979024343002,0.13578026754987452,247,215
strict_unconditional,high,Sat,20,300,0.2355773402418003,0.26937407819494397,247,215
strict_unconditional,high,Sat,20,400,0.38169097573354527,0.42290475327968535,247,215
strict_unconditional,high,Sat,21,100,0.029506507989142935,0.043509198644137964,245,213
strict_unconditional,high,Sat,21,200,0.1102704064382463,0.13448650606774135,245,213
strict_unconditional,high,Sat,21,300,0.23234481314688046,0.2661526121044324,245,213
strict_unconditional,high,Sat,21,400,0.3769155708755003,0.41818252386989935,245,213
strict_unconditional,high,Sat,22,100,0.029241151689144217,0.043224571118068676,242,210
strict_unconditional,high,Sat,22,200,0.1092114238563489,0.13345149688203484,242,210
strict_unconditional,high,Sat,22,300,0.23006102637393047,0.2638109038217714,242,210
strict_unconditional,high,Sat,22,400,0.3736062908882447,0.4151163091572438,242,210
strict_unconditional,high,Sat,23,100,0.029225799964349024,0.04321163350324734,241,209
strict_unconditional,high,Sat,23,200,0.1090455110398994,0.13325743265971485,241,209
strict_unconditional,high,Sat,23,300,0.2294646116764585,0.26328046161409685,241,209
strict_unconditional,high,Sat,23,400,0.37217810185505146,0.413757859601004,241,209
strict_unconditional,high,Sun,0,100,0.02877941320927217,0.0425388775325381,238,207
strict_unconditional,high,Sun,0,200,0.10770803539399099,0.13165316842186975,238,207
strict_unconditional,high,Sun,0,300,0.22745814897322225,0.26102931663518514,238,207
strict_unconditional,high,Sun,0,400,0.3688466248774459,0.4097601366212125,238,207
strict_unconditional,high,Sun,1,100,0.027607978535561593,0.03940797474577587,234,203
strict_unconditional,high,Sun,1,200,0.10549295588270388,0.12821176287939556,234,203
strict_unconditional,high,Sun,1,300,0.2258003286570301,0.2594897404714467,234,203
strict_unconditional,high,Sun,1,400,0.3674949030542921,0.40875100266514863,234,203
strict_unconditional,high,Sun,2,100,0.027349170616269812,0.0389292829973866,233,202
strict_unconditional,high,Sun,2,200,0.10465010246585406,0.12682743809351307,233,202
strict_unconditional,high,Sun,2,300,0.22409162928680587,0.2569151551220017,233,202
strict_unconditional,high,Sun,2,400,0.3645492719277228,0.40452040261857325,233,202
strict_unconditional,high,Sun,3,100,0.027349170616269812,0.0389292829973866,233,202
strict_unconditional,high,Sun,3,200,0.10465010246585406,0.12682743809351307,233,202
strict_unconditional,high,Sun,3,300,0.22409162928680587,0.2569151551220017,233,202
strict_unconditional,high,Sun,3,400,0.3645492719277228,0.40452040261857325,233,202
strict_unconditional,high,Sun,4,100,0.028520605289980388,0.042060185784148836,237,206
strict_unconditional,high,Sun,4,200,0.10686518197714116,0.13026884363598726,237,206
strict_unconditional,high,Sun,4,300,0.22574944960299803,0.25845473128574015,237,206
strict_unconditional,high,Sun,4,400,0.36590099375087654,0.4055295365746371,237,206
strict_unconditional,high,Sun,5,100,0.028520605289980388,0.042060185784148836,237,206
strict_unconditional,high,Sun,5,200,0.10686518197714116,0.13026884363598726,237,206
strict_unconditional,high,Sun,5,300,0.22574944960299803,0.25845473128574015,237,206
strict_unconditional,high,Sun,5,400,0.36590099375087654,0.4055295365746371,237,206
strict_unconditional,high,Sun,6,100,0.028520605289980388,0.042060185784148836,237,206
strict_unconditional,high,Sun,6,200,0.10686518197714116,0.13026884363598726,237,206
strict_unconditional,high,Sun,6,300,0.22574944960299803,0.25845473128574015,237,206
strict_unconditional,high,Sun,6,400,0.36590099375087654,0.4055295365746371,237,206
strict_unconditional,high,Sun,7,100,0.02884092083095595,0.04259062799182343,240,209
strict_unconditional,high,Sun,7,200,0.1080031112085013,0.1320024840220457,240,209
strict_unconditional,high,Sun,7,300,0.2286410054642527,0.2620513882060703,240,209
strict_unconditional,high,Sun,7,400,0.37134964620082217,0.4123735348151215,240,209
strict_unconditional,high,Sun,8,100,0.06233961985018132,0.08707014774756126,546,487
strict_unconditional,high,Sun,8,200,0.2152894238513277,0.2577302248557456,546,487
strict_unconditional,high,Sun,8,300,0.41253482522071777,0.4648743757600849,546,487
strict_unconditional,high,Sun,8,400,0.5925089452478407,0.6454576034362305,546,487
strict_unconditional,high,Sun,9,100,0.06294276476064546,0.08772996610344917,552,493
strict_unconditional,high,Sun,9,200,0.21759536671152177,0.26008487075322795,552,493
strict_unconditional,high,Sun,9,300,0.4173248741211233,0.4696483556291562,552,493
strict_unconditional,high,Sun,9,400,0.5989905326284307,0.6518358475431469,552,493
strict_unconditional,high,Sun,10,100,0.06364058355471316,0.08842859730380107,558,499
strict_unconditional,high,Sun,10,200,0.21891789692624136,0.2614691955391104,558,499
strict_unconditional,high,Sun,10,300,0.4184257928099124,0.47060573912593473,558,499
strict_unconditional,high,Sun,10,400,0.5993360636628411,0.6520945998395736,558,499
strict_unconditional,high,Sun,11,100,0.06372325582156425,0.0884415349186224,559,500
strict_unconditional,high,Sun,11,200,0.21891815042217533,0.2614691955391104,559,500
strict_unconditional,high,Sun,11,300,0.4184257928099124,0.47060573912593473,559,500
strict_unconditional,high,Sun,11,400,0.5993360636628411,0.6520945998395736,559,500
strict_unconditional,high,Sun,12,100,0.06312451926594466,0.08784640463684115,554,495
strict_unconditional,high,Sun,12,200,0.21741091727352038,0.2598261184568013,554,495
strict_unconditional,high,Sun,12,300,0.4171302772344353,0.46946722902165755,554,495
strict_unconditional,high,Sun,12,400,0.5982834514698143,0.6512407172613657,554,495
strict_unconditional,high,Sun,13,100,0.06290599917696643,0.08754883949595052,552,493
strict_unconditional,high,Sun,13,200,0.2166120353733925,0.2589722358785934,552,493
strict_unconditional,high,Sun,13,300,0.41572487091303134,0.4679664657023831,552,493
strict_unconditional,high,Sun,13,400,0.5964031997878202,0.6492741998085233,552,493
strict_unconditional,high,Sun,14,100,0.06300265611793746,0.08760058995523586,553,494
strict_unconditional,high,Sun,14,200,0.21701186346961154,0.25926980101948405,553,494
strict_unconditional,high,Sun,14,300,0.41598067294771,0.46817346753952443,553,494
strict_unconditional,high,Sun,14,400,0.5966724681490726,0.6494812016456646,553,494
strict_unconditional,high,Sun,15,100,0.06300265611793746,0.08760058995523586,553,494
strict_unconditional,high,Sun,15,200,0.21701186346961154,0.25926980101948405,553,494
strict_unconditional,high,Sun,15,300,0.41598067294771,0.46817346753952443,553,494
strict_unconditional,high,Sun,15,400,0.5966724681490726,0.6494812016456646,553,494
strict_unconditional,high,Sun,16,100,0.06300265611793746,0.08760058995523586,553,494
strict_unconditional,high,Sun,16,200,0.21701186346961154,0.25926980101948405,553,494
strict_unconditional,high,Sun,16,300,0.41598067294771,0.46817346753952443,553,494
strict_unconditional,high,Sun,16,400,0.5966724681490726,0.6494812016456646,553,494
strict_unconditional,high,Sun,17,100,0.06300265611793746,0.08760058995523586,553,494
strict_unconditional,high,Sun,17,200,0.21701186346961154,0.25926980101948405,553,494
strict_unconditional,high,Sun,17,300,0.41598067294771,0.46817346753952443,553,494
strict_unconditional,high,Sun,17,400,0.5966724681490726,0.6494812016456646,553,494
strict_unconditional,high,Sun,18,100,0.06287031641835815,0.0874582761922012,552,493
strict_unconditional,high,Sun,18,200,0.21625624373368207,0.2584676689005615,552,493
strict_unconditional,high,Sun,18,300,0.41491783902023904,0.4669443941314979,552,493
strict_unconditional,high,Sun,18,400,0.5953550600094305,0.6480192511708541,552,493
strict_unconditional,high,Sun,19,100,0.06246526510298478,0.08714777343648925,546,488
strict_unconditional,high,Sun,19,200,0.21475868293099,0.2572127202628923,546,488
strict_unconditional,high,Sun,19,300,0.41187819016773414,0.4646026858488369,546,488
strict_unconditional,high,Sun,19,400,0.5915974293396065,0.6452506015990892,546,488
strict_unconditional,high,Sun,20,100,0.028873980806952547,0.04262944083628742,240,209
strict_unconditional,high,Sun,20,200,0.10811820297031885,0.13191192071829638,240,209
strict_unconditional,high,Sun,20,300,0.2294836196804582,0.2629052707842782,240,209
strict_unconditional,high,Sun,20,400,0.374025149726428,0.4151680596165291,240,209
strict_unconditional,high,Sun,21,100,0.028873980806952547,0.04262944083628742,240,209
strict_unconditional,high,Sun,21,200,0.10811820297031885,0.13191192071829638,240,209
strict_unconditional,high,Sun,21,300,0.2294836196804582,0.2629052707842782,240,209
strict_unconditional,high,Sun,21,400,0.374025149726428,0.4151680596165291,240,209
strict_unconditional,high,Sun,22,100,0.028744875134762246,0.04250006468807411,239,208
strict_unconditional,high,Sun,22,200,0.10759005918179257,0.13139441612544311,239,208
strict_unconditional,high,Sun,22,300,0.22813482095819368,0.2616632597614304,239,208
strict_unconditional,high,Sun,22,400,0.3723464180941921,0.41371904675654,239,208
strict_unconditional,high,Sun,23,100,0.028729523409967057,0.04248712707325278,238,207
strict_unconditional,high,Sun,23,200,0.10742414636534307,0.13120035190312315,238,207
strict_unconditional,high,Sun,23,300,0.2275384062607217,0.2611328175537558,238,207
strict_unconditional,high,Sun,23,400,0.3709182290609988,0.41236059720030016,238,207
reference_all,-,Mon,0,100,0.33917637934300465,0.42921830931249516,4928,4319
reference_all,-,Mon,1,100,0.33917637934300465,0.42921830931249516,4928,4319
reference_all,-,Mon,2,100,0.33917637934300465,0.42921830931249516,4928,4319
reference_all,-,Mon,3,100,0.33917637934300465,0.42921830931249516,4928,4319
reference_all,-,Mon,4,100,0.33917637934300465,0.42921830931249516,4928,4319
reference_all,-,Mon,5,100,0.33917637934300465,0.42921830931249516,4928,4319
reference_all,-,Mon,6,100,0.33917637934300465,0.42921830931249516,4928,4319
reference_all,-,Mon,7,100,0.33917637934300465,0.42921830931249516,4928,4319
reference_all,-,Mon,8,100,0.33917637934300465,0.42921830931249516,4928,4319
reference_all,-,Mon,9,100,0.33917637934300465,0.42921830931249516,4928,4319
reference_all,-,Mon,10,100,0.33917637934300465,0.42921830931249516,4928,4319
reference_all,-,Mon,11,100,0.33917637934300465,0.42921830931249516,4928,4319
reference_all,-,Mon,12,100,0.33917637934300465,0.42921830931249516,4928,4319
reference_all,-,Mon,13,100,0.33917637934300465,0.42921830931249516,4928,4319
reference_all,-,Mon,14,100,0.33917637934300465,0.42921830931249516,4928,4319
reference_all,-,Mon,15,100,0.33917637934300465,0.42921830931249516,4928,4319
reference_all,-,Mon,16,100,0.33917637934300465,0.42921830931249516,4928,4319
reference_all,-,Mon,17,100,0.33917637934300465,0.42921830931249516,4928,4319
reference_all,-,Mon,18,100,0.33917637934300465,0.42921830931249516,4928,4319
reference_all,-,Mon,19,100,0.33917637934300465,0.42921830931249516,4928,4319
reference_all,-,Mon,20,100,0.33917637934300465,0.42921830931249516,4928,4319
reference_all,-,Mon,21,100,0.33917637934300465,0.42921830931249516,4928,4319
reference_all,-,Mon,22,100,0.33917637934300465,0.42921830931249516,4928,4319
reference_all,-,Mon,23,100,0.33917637934300465,0.42921830931249516,4928,4319
reference_all,-,Tue,0,100,0.33917637934300465,0.42921830931249516,4928,4319
reference_all,-,Tue,1,100,0.33917637934300465,0.42921830931249516,4928,4319
reference_all,-,Tue,2,100,0.33917637934300465,0.42921830931249516,4928,4319
reference_all,-,Tue,3,100,0.33917637934300465,0.42921830931249516,4928,4319
reference_all,-,Tue,4,100,0.33917637934300465,0.42921830931249516,4928,4319
reference_all,-,Tue,5,100,0.33917637934300465,0.42921830931249516,4928,4319
reference_all,-,Tue,6,100,0.33917637934300465,0.42921830931249516,4928,4319
reference_all,-,Tue,7,100,0.33917637934300465,0.42921830931249516,4928,4319
reference_all,-,Tue,8,100,0.33917637934300465,0.42921830931249516,4928,4319
reference_all,-,Tue,9,100,0.33917637934300465,0.42921830931249516,4928,4319
reference_all,-,Tue,10,100,0.33917637934300465,0.42921830931249516,4928,4319
reference_all,-,Tue,11,100,0.33917637934300465,0.42921830931249516,4928,4319
reference_all,-,Tue,12,100,0.33917637934300465,0.42921830931249516,4928,4319
reference_all,-,Tue,13,100,0.33917637934300465,0.42921830931249516,4928,4319
reference_all,-,Tue,14,100,0.33917637934300465,0.42921830931249516,4928,4319
reference_all,-,Tue,15,100,0.33917637934300465,0.42921830931249516,4928,4319
reference_all,-,Tue,16,100,0.33917637934300465,0.42921830931249516,4928,4319
reference_all,-,Tue,17,100,0.33917637934300465,0.42921830931249516,4928,4319
reference_all,-,Tue,18,100,0.33917637934300465,0.42921830931249516,4928,4319
reference_all,-,Tue,19,100,0.33917637934300465,0.42921830931249516,4928,4319
reference_all,-,Tue,20,100,0.33917637934300465,0.42921830931249516,4928,4319
reference_all,-,Tue,21,100,0.33917637934300465,0.42921830931249516,4928,4319
reference_all,-,Tue,22,100,0.33917637934300465,0.42921830931249516,4928,4319
reference_all,-,Tue,23,100,0.33917637934300465,0.42921830931249516,4928,4319
reference_all,-,Wed,0,100,0.33917637934300465,0.42921830931249516,4928,4319
reference_all,-,Wed,1,100,0.33917637934300465,0.42921830931249516,4928,4319
reference_all,-,Wed,2,100,0.33917637934300465,0.42921830931249516,4928,4319
reference_all,-,Wed,3,100,0.33917637934300465,0.42921830931249516,4928,4319
reference_all,-,Wed,4,100,0.33917637934300465,0.42921830931249516,4928,4319
reference_all,-,Wed,5,100,0.33917637934300465,0.42921830931249516,4928,4319
reference_all,-,Wed,6,100,0.33917637934300465,0.42921830931249516,4928,4319
reference_all,-,Wed,7,100,0.33917637934300465,0.42921830931249516,4928,4319
reference_all,-,Wed,8,100,0.33917637934300465,0.42921830931249516,4928,4319
reference_all,-,Wed,9,100,0.33917637934300465,0.42921830931249516,4928,4319
reference_all,-,Wed,10,100,0.33917637934300465,0.42921830931249516,4928,4319
reference_all,-,Wed,11,100,0.33917637934300465,0.42921830931249516,4928,4319
reference_all,-,Wed,12,100,0.33917637934300465,0.42921830931249516,4928,4319
reference_all,-,Wed,13,100,0.33917637934300465,0.42921830931249516,4928,4319
reference_all,-,Wed,14,100,0.33917637934300465,0.42921830931249516,4928,4319
reference_all,-,Wed,15,100,0.33917637934300465,0.42921830931249516,4928,4319
reference_all,-,Wed,16,100,0.33917637934300465,0.42921830931249516,4928,4319
reference_all,-,Wed,17,100,0.33917637934300465,0.42921830931249516,4928,4319
reference_all,-,Wed,18,100,0.33917637934300465,0.42921830931249516,4928,4319
reference_all,-,Wed,19,100,0.33917637934300465,0.42921830931249516,4928,4319
reference_all,-,Wed,20,100,0.33917637934300465,0.42921830931249516,4928,4319
reference_all,-,Wed,21,100,0.33917637934300465,0.42921830931249516,4928,4319
reference_all,-,Wed,22,100,0.33917637934300465,0.42921830931249516,4928,4319
reference_all,-,Wed,23,100,0.33917637934300465,0.42921830931249516,4928,4319
reference_all,-,Thu,0,100,0.33917637934300465,0.42921830931249516,4928,4319
reference_all,-,Thu,1,100,0.33917637934300465,0.42921830931249516,4928,4319
reference_all,-,Thu,2,100,0.33917637934300465,0.42921830931249516,4928,4319
reference_all,-,Thu,3,100,0.33917637934300465,0.42921830931249516,4928,4319
reference_all,-,Thu,4,100,0.33917637934300465,0.42921830931249516,4928,4319
reference_all,-,Thu,5,100,0.33917637934300465,0.42921830931249516,4928,4319
reference_all,-,Thu,6,100,0.33917637934300465,0.42921830931249516,4928,4319
reference_all,-,Thu,7,100,0.33917637934300465,0.42921830931249516,4928,4319
reference_all,-,Thu,8,100,0.33917637934300465,0.42921830931249516,4928,4319
reference_all,-,Thu,9,100,0.33917637934300465,0.42921830931249516,4928,4319
reference_all,-,Thu,10,100,0.33917637934300465,0.42921830931249516,4928,4319
reference_all,-,Thu,11,100,0.33917637934300465,0.42921830931249516,4928,4319
reference_all,-,Thu,12,100,0.33917637934300465,0.42921830931249516,4928,4319
reference_all,-,Thu,13,100,0.33917637934300465,0.42921830931249516,4928,4319
reference_all,-,Thu,14,100,0.33917637934300465,0.42921830931249516,4928,4319
reference_all,-,Thu,15,100,0.33917637934300465,0.42921830931249516,4928,4319
reference_all,-,Thu,16,100,0.33917637934300465,0.42921830931249516,4928,4319
reference_all,-,Thu,17,100,0.33917637934300465,0.42921830931249516,4928,4319
reference_all,-,Thu,18,100,0.33917637934300465,0.42921830931249516,4928,4319
reference_all,-,Thu,19,100,0.33917637934300465,0.42921830931249516,4928,4319
reference_all,-,Thu,20,100,0.33917637934300465,0.42921830931249516,4928,4319
reference_all,-,Thu,21,100,0.33917637934300465,0.42921830931249516,4928,4319
reference_all,-,Thu,22,100,0.33917637934300465,0.42921830931249516,4928,4319
reference_all,-,Thu,23,100,0.33917637934300465,0.42921830931249516,4928,4319
reference_all,-,Fri,0,100,0.33917637934300465,0.42921830931249516,4928,4319
reference_all,-,Fri,1,100,0.33917637934300465,0.42921830931249516,4928,4319
reference_all,-,Fri,2,100,0.33917637934300465,0.42921830931249516,4928,4319
reference_all,-,Fri,3,100,0.33917637934300465,0.42921830931249516,4928,4319
reference_all,-,Fri,4,100,0.33917637934300465,0.42921830931249516,4928,4319
reference_all,-,Fri,5,100,0.33917637934300465,0.42921830931249516,4928,4319
reference_all,-,Fri,6,100,0.33917637934300465,0.42921830931249516,4928,4319
reference_all,-,Fri,7,100,0.33917637934300465,0.42921830931249516,4928,4319
reference_all,-,Fri,8,100,0.33917637934300465,0.42921830931249516,4928,4319
reference_all,-,Fri,9,100,0.33917637934300465,0.42921830931249516,4928,4319
reference_all,-,Fri,10,100,0.33917637934300465,0.42921830931249516,4928,4319
reference_all,-,Fri,11,100,0.33917637934300465,0.42921830931249516,4928,4319
reference_all,-,Fri,12,100,0.33917637934300465,0.42921830931249516,4928,4319
reference_all,-,Fri,13,100,0.33917637934300465,0.42921830931249516,4928,4319
reference_all,-,Fri,14,100,0.33917637934300465,0.42921830931249516,4928,4319
reference_all,-,Fri,15,100,0.33917637934300465,0.42921830931249516,4928,4319
reference_all,-,Fri,16,100,0.33917637934300465,0.42921830931249516,4928,4319
reference_all,-,Fri,17,100,0.33917637934300465,0.42921830931249516,4928,4319
reference_all,-,Fri,18,100,0.33917637934300465,0.42921830931249516,4928,4319
reference_all,-,Fri,19,100,0.33917637934300465,0.42921830931249516,4928,4319
reference_all,-,Fri,20,100,0.33917637934300465,0.42921830931249516,4928,4319
reference_all,-,Fri,21,100,0.33917637934300465,0.42921830931249516,4928,4319
reference_all,-,Fri,22,100,0.33917637934300465,0.42921830931249516,4928,4319
reference_all,-,Fri,23,100,0.33917637934300465,0.42921830931249516,4928,4319
reference_all,-,Sat,0,100,0.33917637934300465,0.42921830931249516,4928,4319
reference_all,-,Sat,1,100,0.33917637934300465,0.42921830931249516,4928,4319
reference_all,-,Sat,2,100,0.33917637934300465,0.42921830931249516,4928,4319
reference_all,-,Sat,3,100,0.33917637934300465,0.42921830931249516,4928,4319
reference_all,-,Sat,4,100,0.33917637934300465,0.42921830931249516,4928,4319
reference_all,-,Sat,5,100,0.33917637934300465,0.42921830931249516,4928,4319
reference_all,-,Sat,6,100,0.33917637934300465,0.42921830931249516,4928,4319
reference_all,-,Sat,7,100,0.33917637934300465,0.42921830931249516,4928,4319
reference_all,-,Sat,8,100,0.33917637934300465,0.42921830931249516,4928,4319
reference_all,-,Sat,9,100,0.33917637934300465,0.42921830931249516,4928,4319
reference_all,-,Sat,10,100,0.33917637934300465,0.42921830931249516,4928,4319
reference_all,-,Sat,11,100,0.33917637934300465,0.42921830931249516,4928,4319
reference_all,-,Sat,12,100,0.33917637934300465,0.42921830931249516,4928,4319
reference_all,-,Sat,13,100,0.33917637934300465,0.42921830931249516,4928,4319
reference_all,-,Sat,14,100,0.33917637934300465,0.42921830931249516,4928,4319
reference_all,-,Sat,15,100,0.33917637934300465,0.42921830931249516,4928,4319
reference_all,-,Sat,16,100,0.33917637934300465,0.42921830931249516,4928,4319
reference_all,-,Sat,17,100,0.33917637934300465,0.42921830931249516,4928,4319
reference_all,-,Sat,18,100,0.33917637934300465,0.42921830931249516,4928,4319
reference_all,-,Sat,19,100,0.33917637934300465,0.42921830931249516,4928,4319
reference_all,-,Sat,20,100,0.33917637934300465,0.42921830931249516,4928,4319
reference_all,-,Sat,21,100,0.33917637934300465,0.42921830931249516,4928,4319
reference_all,-,Sat,22,100,0.33917637934300465,0.42921830931249516,4928,4319
reference_all,-,Sat,23,100,0.33917637934300465,0.42921830931249516,4928,4319
reference_all,-,Sun,0,100,0.33917637934300465,0.42921830931249516,4928,4319
reference_all,-,Sun,1,100,0.33917637934300465,0.42921830931249516,4928,4319
reference_all,-,Sun,2,100,0.33917637934300465,0.42921830931249516,4928,4319
reference_all,-,Sun,3,100,0.33917637934300465,0.42921830931249516,4928,4319
reference_all,-,Sun,4,100,0.33917637934300465,0.42921830931249516,4928,4319
reference_all,-,Sun,5,100,0.33917637934300465,0.42921830931249516,4928,4319
reference_all,-,Sun,6,100,0.33917637934300465,0.42921830931249516,4928,4319
reference_all,-,Sun,7,100,0.33917637934300465,0.42921830931249516,4928,4319
reference_all,-,Sun,8,100,0.33917637934300465,0.42921830931249516,4928,4319
reference_all,-,Sun,9,100,0.33917637934300465,0.42921830931249516,4928,4319
reference_all,-,Sun,10,100,0.33917637934300465,0.42921830931249516,4928,4319
reference_all,-,Sun,11,100,0.33917637934300465,0.42921830931249516,4928,4319
reference_all,-,Sun,12,100,0.33917637934300465,0.42921830931249516,4928,4319
reference_all,-,Sun,13,100,0.33917637934300465,0.42921830931249516,4928,4319
reference_all,-,Sun,14,100,0.33917637934300465,0.42921830931249516,4928,4319
reference_all,-,Sun,15,100,0.33917637934300465,0.42921830931249516,4928,4319
reference_all,-,Sun,16,100,0.33917637934300465,0.42921830931249516,4928,4319
reference_all,-,Sun,17,100,0.33917637934300465,0.42921830931249516,4928,4319
reference_all,-,Sun,18,100,0.33917637934300465,0.42921830931249516,4928,4319
reference_all,-,Sun,19,100,0.33917637934300465,0.42921830931249516,4928,4319
reference_all,-,Sun,20,100,0.33917637934300465,0.42921830931249516,4928,4319
reference_all,-,Sun,21,100,0.33917637934300465,0.42921830931249516,4928,4319
reference_all,-,Sun,22,100,0.33917637934300465,0.42921830931249516,4928,4319
reference_all,-,Sun,23,100,0.33917637934300465,0.42921830931249516,4928,4319
reference_all,-,Mon,0,200,0.714944363382527,0.7874996765596295,4928,4319
reference_all,-,Mon,1,200,0.714944363382527,0.7874996765596295,4928,4319
reference_all,-,Mon,2,200,0.714944363382527,0.7874996765596295,4928,4319
reference_all,-,Mon,3,200,0.714944363382527,0.7874996765596295,4928,4319
reference_all,-,Mon,4,200,0.714944363382527,0.7874996765596295,4928,4319
reference_all,-,Mon,5,200,0.714944363382527,0.7874996765596295,4928,4319
reference_all,-,Mon,6,200,0.714944363382527,0.7874996765596295,4928,4319
reference_all,-,Mon,7,200,0.714944363382527,0.7874996765596295,4928,4319
reference_all,-,Mon,8,200,0.714944363382527,0.7874996765596295,4928,4319
reference_all,-,Mon,9,200,0.714944363382527,0.7874996765596295,4928,4319
reference_all,-,Mon,10,200,0.714944363382527,0.7874996765596295,4928,4319
reference_all,-,Mon,11,200,0.714944363382527,0.7874996765596295,4928,4319
reference_all,-,Mon,12,200,0.714944363382527,0.7874996765596295,4928,4319
reference_all,-,Mon,13,200,0.714944363382527,0.7874996765596295,4928,4319
reference_all,-,Mon,14,200,0.714944363382527,0.7874996765596295,4928,4319
reference_all,-,Mon,15,200,0.714944363382527,0.7874996765596295,4928,4319
reference_all,-,Mon,16,200,0.714944363382527,0.7874996765596295,4928,4319
reference_all,-,Mon,17,200,0.714944363382527,0.7874996765596295,4928,4319
reference_all,-,Mon,18,200,0.714944363382527,0.7874996765596295,4928,4319
reference_all,-,Mon,19,200,0.714944363382527,0.7874996765596295,4928,4319
reference_all,-,Mon,20,200,0.714944363382527,0.7874996765596295,4928,4319
reference_all,-,Mon,21,200,0.714944363382527,0.7874996765596295,4928,4319
reference_all,-,Mon,22,200,0.714944363382527,0.7874996765596295,4928,4319
reference_all,-,Mon,23,200,0.714944363382527,0.7874996765596295,4928,4319
reference_all,-,Tue,0,200,0.714944363382527,0.7874996765596295,4928,4319
reference_all,-,Tue,1,200,0.714944363382527,0.7874996765596295,4928,4319
reference_all,-,Tue,2,200,0.714944363382527,0.7874996765596295,4928,4319
reference_all,-,Tue,3,200,0.714944363382527,0.7874996765596295,4928,4319
reference_all,-,Tue,4,200,0.714944363382527,0.7874996765596295,4928,4319
reference_all,-,Tue,5,200,0.714944363382527,0.7874996765596295,4928,4319
reference_all,-,Tue,6,200,0.714944363382527,0.7874996765596295,4928,4319
reference_all,-,Tue,7,200,0.714944363382527,0.7874996765596295,4928,4319
reference_all,-,Tue,8,200,0.714944363382527,0.7874996765596295,4928,4319
reference_all,-,Tue,9,200,0.714944363382527,0.7874996765596295,4928,4319
reference_all,-,Tue,10,200,0.714944363382527,0.7874996765596295,4928,4319
reference_all,-,Tue,11,200,0.714944363382527,0.7874996765596295,4928,4319
reference_all,-,Tue,12,200,0.714944363382527,0.7874996765596295,4928,4319
reference_all,-,Tue,13,200,0.714944363382527,0.7874996765596295,4928,4319
reference_all,-,Tue,14,200,0.714944363382527,0.7874996765596295,4928,4319
reference_all,-,Tue,15,200,0.714944363382527,0.7874996765596295,4928,4319
reference_all,-,Tue,16,200,0.714944363382527,0.7874996765596295,4928,4319
reference_all,-,Tue,17,200,0.714944363382527,0.7874996765596295,4928,4319
reference_all,-,Tue,18,200,0.714944363382527,0.7874996765596295,4928,4319
reference_all,-,Tue,19,200,0.714944363382527,0.7874996765596295,4928,4319
reference_all,-,Tue,20,200,0.714944363382527,0.7874996765596295,4928,4319
reference_all,-,Tue,21,200,0.714944363382527,0.7874996765596295,4928,4319
reference_all,-,Tue,22,200,0.714944363382527,0.7874996765596295,4928,4319
reference_all,-,Tue,23,200,0.714944363382527,0.7874996765596295,4928,4319
reference_all,-,Wed,0,200,0.714944363382527,0.7874996765596295,4928,4319
reference_all,-,Wed,1,200,0.714944363382527,0.7874996765596295,4928,4319
reference_all,-,Wed,2,200,0.714944363382527,0.7874996765596295,4928,4319
reference_all,-,Wed,3,200,0.714944363382527,0.7874996765596295,4928,4319
reference_all,-,Wed,4,200,0.714944363382527,0.7874996765596295,4928,4319
reference_all,-,Wed,5,200,0.714944363382527,0.7874996765596295,4928,4319
reference_all,-,Wed,6,200,0.714944363382527,0.7874996765596295,4928,4319
reference_all,-,Wed,7,200,0.714944363382527,0.7874996765596295,4928,4319
reference_all,-,Wed,8,200,0.714944363382527,0.7874996765596295,4928,4319
reference_all,-,Wed,9,200,0.714944363382527,0.7874996765596295,4928,4319
reference_all,-,Wed,10,200,0.714944363382527,0.7874996765596295,4928,4319
reference_all,-,Wed,11,200,0.714944363382527,0.7874996765596295,4928,4319
reference_all,-,Wed,12,200,0.714944363382527,0.7874996765596295,4928,4319
reference_all,-,Wed,13,200,0.714944363382527,0.7874996765596295,4928,4319
reference_all,-,Wed,14,200,0.714944363382527,0.7874996765596295,4928,4319
reference_all,-,Wed,15,200,0.714944363382527,0.7874996765596295,4928,4319
reference_all,-,Wed,16,200,0.714944363382527,0.7874996765596295,4928,4319
reference_all,-,Wed,17,200,0.714944363382527,0.7874996765596295,4928,4319
reference_all,-,Wed,18,200,0.714944363382527,0.7874996765596295,4928,4319
reference_all,-,Wed,19,200,0.714944363382527,0.7874996765596295,4928,4319
reference_all,-,Wed,20,200,0.714944363382527,0.7874996765596295,4928,4319
reference_all,-,Wed,21,200,0.714944363382527,0.7874996765596295,4928,4319
reference_all,-,Wed,22,200,0.714944363382527,0.7874996765596295,4928,4319
reference_all,-,Wed,23,200,0.714944363382527,0.7874996765596295,4928,4319
reference_all,-,Thu,0,200,0.714944363382527,0.7874996765596295,4928,4319
reference_all,-,Thu,1,200,0.714944363382527,0.7874996765596295,4928,4319
reference_all,-,Thu,2,200,0.714944363382527,0.7874996765596295,4928,4319
reference_all,-,Thu,3,200,0.714944363382527,0.7874996765596295,4928,4319
reference_all,-,Thu,4,200,0.714944363382527,0.7874996765596295,4928,4319
reference_all,-,Thu,5,200,0.714944363382527,0.7874996765596295,4928,4319
reference_all,-,Thu,6,200,0.714944363382527,0.7874996765596295,4928,4319
reference_all,-,Thu,7,200,0.714944363382527,0.7874996765596295,4928,4319
reference_all,-,Thu,8,200,0.714944363382527,0.7874996765596295,4928,4319
reference_all,-,Thu,9,200,0.714944363382527,0.7874996765596295,4928,4319
reference_all,-,Thu,10,200,0.714944363382527,0.7874996765596295,4928,4319
reference_all,-,Thu,11,200,0.714944363382527,0.7874996765596295,4928,4319
reference_all,-,Thu,12,200,0.714944363382527,0.7874996765596295,4928,4319
reference_all,-,Thu,13,200,0.714944363382527,0.7874996765596295,4928,4319
reference_all,-,Thu,14,200,0.714944363382527,0.7874996765596295,4928,4319
reference_all,-,Thu,15,200,0.714944363382527,0.7874996765596295,4928,4319
reference_all,-,Thu,16,200,0.714944363382527,0.7874996765596295,4928,4319
reference_all,-,Thu,17,200,0.714944363382527,0.7874996765596295,4928,4319
reference_all,-,Thu,18,200,0.714944363382527,0.7874996765596295,4928,4319
reference_all,-,Thu,19,200,0.714944363382527,0.7874996765596295,4928,4319
reference_all,-,Thu,20,200,0.714944363382527,0.7874996765596295,4928,4319
reference_all,-,Thu,21,200,0.714944363382527,0.7874996765596295,4928,4319
reference_all,-,Thu,22,200,0.714944363382527,0.7874996765596295,4928,4319
reference_all,-,Thu,23,200,0.714944363382527,0.7874996765596295,4928,4319
reference_all,-,Fri,0,200,0.714944363382527,0.7874996765596295,4928,4319
reference_all,-,Fri,1,200,0.714944363382527,0.7874996765596295,4928,4319
reference_all,-,Fri,2,200,0.714944363382527,0.7874996765596295,4928,4319
reference_all,-,Fri,3,200,0.714944363382527,0.7874996765596295,4928,4319
reference_all,-,Fri,4,200,0.714944363382527,0.7874996765596295,4928,4319
reference_all,-,Fri,5,200,0.714944363382527,0.7874996765596295,4928,4319
reference_all,-,Fri,6,200,0.714944363382527,0.7874996765596295,4928,4319
reference_all,-,Fri,7,200,0.714944363382527,0.7874996765596295,4928,4319
reference_all,-,Fri,8,200,0.714944363382527,0.7874996765596295,4928,4319
reference_all,-,Fri,9,200,0.714944363382527,0.7874996765596295,4928,4319
reference_all,-,Fri,10,200,0.714944363382527,0.7874996765596295,4928,4319
reference_all,-,Fri,11,200,0.714944363382527,0.7874996765596295,4928,4319
reference_all,-,Fri,12,200,0.714944363382527,0.7874996765596295,4928,4319
reference_all,-,Fri,13,200,0.714944363382527,0.7874996765596295,4928,4319
reference_all,-,Fri,14,200,0.714944363382527,0.7874996765596295,4928,4319
reference_all,-,Fri,15,200,0.714944363382527,0.7874996765596295,4928,4319
reference_all,-,Fri,16,200,0.714944363382527,0.7874996765596295,4928,4319
reference_all,-,Fri,17,200,0.714944363382527,0.7874996765596295,4928,4319
reference_all,-,Fri,18,200,0.714944363382527,0.7874996765596295,4928,4319
reference_all,-,Fri,19,200,0.714944363382527,0.7874996765596295,4928,4319
reference_all,-,Fri,20,200,0.714944363382527,0.7874996765596295,4928,4319
reference_all,-,Fri,21,200,0.714944363382527,0.7874996765596295,4928,4319
reference_all,-,Fri,22,200,0.714944363382527,0.7874996765596295,4928,4319
reference_all,-,Fri,23,200,0.714944363382527,0.7874996765596295,4928,4319
reference_all,-,Sat,0,200,0.714944363382527,0.7874996765596295,4928,4319
reference_all,-,Sat,1,200,0.714944363382527,0.7874996765596295,4928,4319
reference_all,-,Sat,2,200,0.714944363382527,0.7874996765596295,4928,4319
reference_all,-,Sat,3,200,0.714944363382527,0.7874996765596295,4928,4319
reference_all,-,Sat,4,200,0.714944363382527,0.7874996765596295,4928,4319
reference_all,-,Sat,5,200,0.714944363382527,0.7874996765596295,4928,4319
reference_all,-,Sat,6,200,0.714944363382527,0.7874996765596295,4928,4319
reference_all,-,Sat,7,200,0.714944363382527,0.7874996765596295,4928,4319
reference_all,-,Sat,8,200,0.714944363382527,0.7874996765596295,4928,4319
reference_all,-,Sat,9,200,0.714944363382527,0.7874996765596295,4928,4319
reference_all,-,Sat,10,200,0.714944363382527,0.7874996765596295,4928,4319
reference_all,-,Sat,11,200,0.714944363382527,0.7874996765596295,4928,4319
reference_all,-,Sat,12,200,0.714944363382527,0.7874996765596295,4928,4319
reference_all,-,Sat,13,200,0.714944363382527,0.7874996765596295,4928,4319
reference_all,-,Sat,14,200,0.714944363382527,0.7874996765596295,4928,4319
reference_all,-,Sat,15,200,0.714944363382527,0.7874996765596295,4928,4319
reference_all,-,Sat,16,200,0.714944363382527,0.7874996765596295,4928,4319
reference_all,-,Sat,17,200,0.714944363382527,0.7874996765596295,4928,4319
reference_all,-,Sat,18,200,0.714944363382527,0.7874996765596295,4928,4319
reference_all,-,Sat,19,200,0.714944363382527,0.7874996765596295,4928,4319
reference_all,-,Sat,20,200,0.714944363382527,0.7874996765596295,4928,4319
reference_all,-,Sat,21,200,0.714944363382527,0.7874996765596295,4928,4319
reference_all,-,Sat,22,200,0.714944363382527,0.7874996765596295,4928,4319
reference_all,-,Sat,23,200,0.714944363382527,0.7874996765596295,4928,4319
reference_all,-,Sun,0,200,0.714944363382527,0.7874996765596295,4928,4319
reference_all,-,Sun,1,200,0.714944363382527,0.7874996765596295,4928,4319
reference_all,-,Sun,2,200,0.714944363382527,0.7874996765596295,4928,4319
reference_all,-,Sun,3,200,0.714944363382527,0.7874996765596295,4928,4319
reference_all,-,Sun,4,200,0.714944363382527,0.7874996765596295,4928,4319
reference_all,-,Sun,5,200,0.714944363382527,0.7874996765596295,4928,4319
reference_all,-,Sun,6,200,0.714944363382527,0.7874996765596295,4928,4319
reference_all,-,Sun,7,200,0.714944363382527,0.7874996765596295,4928,4319
reference_all,-,Sun,8,200,0.714944363382527,0.7874996765596295,4928,4319
reference_all,-,Sun,9,200,0.714944363382527,0.7874996765596295,4928,4319
reference_all,-,Sun,10,200,0.714944363382527,0.7874996765596295,4928,4319
reference_all,-,Sun,11,200,0.714944363382527,0.7874996765596295,4928,4319
reference_all,-,Sun,12,200,0.714944363382527,0.7874996765596295,4928,4319
reference_all,-,Sun,13,200,0.714944363382527,0.7874996765596295,4928,4319
reference_all,-,Sun,14,200,0.714944363382527,0.7874996765596295,4928,4319
reference_all,-,Sun,15,200,0.714944363382527,0.7874996765596295,4928,4319
reference_all,-,Sun,16,200,0.714944363382527,0.7874996765596295,4928,4319
reference_all,-,Sun,17,200,0.714944363382527,0.7874996765596295,4928,4319
reference_all,-,Sun,18,200,0.714944363382527,0.7874996765596295,4928,4319
reference_all,-,Sun,19,200,0.714944363382527,0.7874996765596295,4928,4319
reference_all,-,Sun,20,200,0.714944363382527,0.7874996765596295,4928,4319
reference_all,-,Sun,21,200,0.714944363382527,0.7874996765596295,4928,4319
reference_all,-,Sun,22,200,0.714944363382527,0.7874996765596295,4928,4319
reference_all,-,Sun,23,200,0.714944363382527,0.7874996765596295,4928,4319
reference_all,-,Mon,0,300,0.8581947080239427,0.911726654074055,4928,4319
reference_all,-,Mon,1,300,0.8581947080239427,0.911726654074055,4928,4319
reference_all,-,Mon,2,300,0.8581947080239427,0.911726654074055,4928,4319
reference_all,-,Mon,3,300,0.8581947080239427,0.911726654074055,4928,4319
reference_all,-,Mon,4,300,0.8581947080239427,0.911726654074055,4928,4319
reference_all,-,Mon,5,300,0.8581947080239427,0.911726654074055,4928,4319
reference_all,-,Mon,6,300,0.8581947080239427,0.911726654074055,4928,4319
reference_all,-,Mon,7,300,0.8581947080239427,0.911726654074055,4928,4319
reference_all,-,Mon,8,300,0.8581947080239427,0.911726654074055,4928,4319
reference_all,-,Mon,9,300,0.8581947080239427,0.911726654074055,4928,4319
reference_all,-,Mon,10,300,0.8581947080239427,0.911726654074055,4928,4319
reference_all,-,Mon,11,300,0.8581947080239427,0.911726654074055,4928,4319
reference_all,-,Mon,12,300,0.8581947080239427,0.911726654074055,4928,4319
reference_all,-,Mon,13,300,0.8581947080239427,0.911726654074055,4928,4319
reference_all,-,Mon,14,300,0.8581947080239427,0.911726654074055,4928,4319
reference_all,-,Mon,15,300,0.8581947080239427,0.911726654074055,4928,4319
reference_all,-,Mon,16,300,0.8581947080239427,0.911726654074055,4928,4319
reference_all,-,Mon,17,300,0.8581947080239427,0.911726654074055,4928,4319
reference_all,-,Mon,18,300,0.8581947080239427,0.911726654074055,4928,4319
reference_all,-,Mon,19,300,0.8581947080239427,0.911726654074055,4928,4319
reference_all,-,Mon,20,300,0.8581947080239427,0.911726654074055,4928,4319
reference_all,-,Mon,21,300,0.8581947080239427,0.911726654074055,4928,4319
reference_all,-,Mon,22,300,0.8581947080239427,0.911726654074055,4928,4319
reference_all,-,Mon,23,300,0.8581947080239427,0.911726654074055,4928,4319
reference_all,-,Tue,0,300,0.8581947080239427,0.911726654074055,4928,4319
reference_all,-,Tue,1,300,0.8581947080239427,0.911726654074055,4928,4319
reference_all,-,Tue,2,300,0.8581947080239427,0.911726654074055,4928,4319
reference_all,-,Tue,3,300,0.8581947080239427,0.911726654074055,4928,4319
reference_all,-,Tue,4,300,0.8581947080239427,0.911726654074055,4928,4319
reference_all,-,Tue,5,300,0.8581947080239427,0.911726654074055,4928,4319
reference_all,-,Tue,6,300,0.8581947080239427,0.911726654074055,4928,4319
reference_all,-,Tue,7,300,0.8581947080239427,0.911726654074055,4928,4319
reference_all,-,Tue,8,300,0.8581947080239427,0.911726654074055,4928,4319
reference_all,-,Tue,9,300,0.8581947080239427,0.911726654074055,4928,4319
reference_all,-,Tue,10,300,0.8581947080239427,0.911726654074055,4928,4319
reference_all,-,Tue,11,300,0.8581947080239427,0.911726654074055,4928,4319
reference_all,-,Tue,12,300,0.8581947080239427,0.911726654074055,4928,4319
reference_all,-,Tue,13,300,0.8581947080239427,0.911726654074055,4928,4319
reference_all,-,Tue,14,300,0.8581947080239427,0.911726654074055,4928,4319
reference_all,-,Tue,15,300,0.8581947080239427,0.911726654074055,4928,4319
reference_all,-,Tue,16,300,0.8581947080239427,0.911726654074055,4928,4319
reference_all,-,Tue,17,300,0.8581947080239427,0.911726654074055,4928,4319
reference_all,-,Tue,18,300,0.8581947080239427,0.911726654074055,4928,4319
reference_all,-,Tue,19,300,0.8581947080239427,0.911726654074055,4928,4319
reference_all,-,Tue,20,300,0.8581947080239427,0.911726654074055,4928,4319
reference_all,-,Tue,21,300,0.8581947080239427,0.911726654074055,4928,4319
reference_all,-,Tue,22,300,0.8581947080239427,0.911726654074055,4928,4319
reference_all,-,Tue,23,300,0.8581947080239427,0.911726654074055,4928,4319
reference_all,-,Wed,0,300,0.8581947080239427,0.911726654074055,4928,4319
reference_all,-,Wed,1,300,0.8581947080239427,0.911726654074055,4928,4319
reference_all,-,Wed,2,300,0.8581947080239427,0.911726654074055,4928,4319
reference_all,-,Wed,3,300,0.8581947080239427,0.911726654074055,4928,4319
reference_all,-,Wed,4,300,0.8581947080239427,0.911726654074055,4928,4319
reference_all,-,Wed,5,300,0.8581947080239427,0.911726654074055,4928,4319
reference_all,-,Wed,6,300,0.8581947080239427,0.911726654074055,4928,4319
reference_all,-,Wed,7,300,0.8581947080239427,0.911726654074055,4928,4319
reference_all,-,Wed,8,300,0.8581947080239427,0.911726654074055,4928,4319
reference_all,-,Wed,9,300,0.8581947080239427,0.911726654074055,4928,4319
reference_all,-,Wed,10,300,0.8581947080239427,0.911726654074055,4928,4319
reference_all,-,Wed,11,300,0.8581947080239427,0.911726654074055,4928,4319
reference_all,-,Wed,12,300,0.8581947080239427,0.911726654074055,4928,4319
reference_all,-,Wed,13,300,0.8581947080239427,0.911726654074055,4928,4319
reference_all,-,Wed,14,300,0.8581947080239427,0.911726654074055,4928,4319
reference_all,-,Wed,15,300,0.8581947080239427,0.911726654074055,4928,4319
reference_all,-,Wed,16,300,0.8581947080239427,0.911726654074055,4928,4319
reference_all,-,Wed,17,300,0.8581947080239427,0.911726654074055,4928,4319
reference_all,-,Wed,18,300,0.8581947080239427,0.911726654074055,4928,4319
reference_all,-,Wed,19,300,0.8581947080239427,0.911726654074055,4928,4319
reference_all,-,Wed,20,300,0.8581947080239427,0.911726654074055,4928,4319
reference_all,-,Wed,21,300,0.8581947080239427,0.911726654074055,4928,4319
reference_all,-,Wed,22,300,0.8581947080239427,0.911726654074055,4928,4319
reference_all,-,Wed,23,300,0.8581947080239427,0.911726654074055,4928,4319
reference_all,-,Thu,0,300,0.8581947080239427,0.911726654074055,4928,4319
reference_all,-,Thu,1,300,0.8581947080239427,0.911726654074055,4928,4319
reference_all,-,Thu,2,300,0.8581947080239427,0.911726654074055,4928,4319
reference_all,-,Thu,3,300,0.8581947080239427,0.911726654074055,4928,4319
reference_all,-,Thu,4,300,0.8581947080239427,0.911726654074055,4928,4319
reference_all,-,Thu,5,300,0.8581947080239427,0.911726654074055,4928,4319
reference_all,-,Thu,6,300,0.8581947080239427,0.911726654074055,4928,4319
reference_all,-,Thu,7,300,0.8581947080239427,0.911726654074055,4928,4319
reference_all,-,Thu,8,300,0.8581947080239427,0.911726654074055,4928,4319
reference_all,-,Thu,9,300,0.8581947080239427,0.911726654074055,4928,4319
reference_all,-,Thu,10,300,0.8581947080239427,0.911726654074055,4928,4319
reference_all,-,Thu,11,300,0.8581947080239427,0.911726654074055,4928,4319
reference_all,-,Thu,12,300,0.8581947080239427,0.911726654074055,4928,4319
reference_all,-,Thu,13,300,0.8581947080239427,0.911726654074055,4928,4319
reference_all,-,Thu,14,300,0.8581947080239427,0.911726654074055,4928,4319
reference_all,-,Thu,15,300,0.8581947080239427,0.911726654074055,4928,4319
reference_all,-,Thu,16,300,0.8581947080239427,0.911726654074055,4928,4319
reference_all,-,Thu,17,300,0.8581947080239427,0.911726654074055,4928,4319
reference_all,-,Thu,18,300,0.8581947080239427,0.911726654074055,4928,4319
reference_all,-,Thu,19,300,0.8581947080239427,0.911726654074055,4928,4319
reference_all,-,Thu,20,300,0.8581947080239427,0.911726654074055,4928,4319
reference_all,-,Thu,21,300,0.8581947080239427,0.911726654074055,4928,4319
reference_all,-,Thu,22,300,0.8581947080239427,0.911726654074055,4928,4319
reference_all,-,Thu,23,300,0.8581947080239427,0.911726654074055,4928,4319
reference_all,-,Fri,0,300,0.8581947080239427,0.911726654074055,4928,4319
reference_all,-,Fri,1,300,0.8581947080239427,0.911726654074055,4928,4319
reference_all,-,Fri,2,300,0.8581947080239427,0.911726654074055,4928,4319
reference_all,-,Fri,3,300,0.8581947080239427,0.911726654074055,4928,4319
reference_all,-,Fri,4,300,0.8581947080239427,0.911726654074055,4928,4319
reference_all,-,Fri,5,300,0.8581947080239427,0.911726654074055,4928,4319
reference_all,-,Fri,6,300,0.8581947080239427,0.911726654074055,4928,4319
reference_all,-,Fri,7,300,0.8581947080239427,0.911726654074055,4928,4319
reference_all,-,Fri,8,300,0.8581947080239427,0.911726654074055,4928,4319
reference_all,-,Fri,9,300,0.8581947080239427,0.911726654074055,4928,4319
reference_all,-,Fri,10,300,0.8581947080239427,0.911726654074055,4928,4319
reference_all,-,Fri,11,300,0.8581947080239427,0.911726654074055,4928,4319
reference_all,-,Fri,12,300,0.8581947080239427,0.911726654074055,4928,4319
reference_all,-,Fri,13,300,0.8581947080239427,0.911726654074055,4928,4319
reference_all,-,Fri,14,300,0.8581947080239427,0.911726654074055,4928,4319
reference_all,-,Fri,15,300,0.8581947080239427,0.911726654074055,4928,4319
reference_all,-,Fri,16,300,0.8581947080239427,0.911726654074055,4928,4319
reference_all,-,Fri,17,300,0.8581947080239427,0.911726654074055,4928,4319
reference_all,-,Fri,18,300,0.8581947080239427,0.911726654074055,4928,4319
reference_all,-,Fri,19,300,0.8581947080239427,0.911726654074055,4928,4319
reference_all,-,Fri,20,300,0.8581947080239427,0.911726654074055,4928,4319
reference_all,-,Fri,21,300,0.8581947080239427,0.911726654074055,4928,4319
reference_all,-,Fri,22,300,0.8581947080239427,0.911726654074055,4928,4319
reference_all,-,Fri,23,300,0.8581947080239427,0.911726654074055,4928,4319
reference_all,-,Sat,0,300,0.8581947080239427,0.911726654074055,4928,4319
reference_all,-,Sat,1,300,0.8581947080239427,0.911726654074055,4928,4319
reference_all,-,Sat,2,300,0.8581947080239427,0.911726654074055,4928,4319
reference_all,-,Sat,3,300,0.8581947080239427,0.911726654074055,4928,4319
reference_all,-,Sat,4,300,0.8581947080239427,0.911726654074055,4928,4319
reference_all,-,Sat,5,300,0.8581947080239427,0.911726654074055,4928,4319
reference_all,-,Sat,6,300,0.8581947080239427,0.911726654074055,4928,4319
reference_all,-,Sat,7,300,0.8581947080239427,0.911726654074055,4928,4319
reference_all,-,Sat,8,300,0.8581947080239427,0.911726654074055,4928,4319
reference_all,-,Sat,9,300,0.8581947080239427,0.911726654074055,4928,4319
reference_all,-,Sat,10,300,0.8581947080239427,0.911726654074055,4928,4319
reference_all,-,Sat,11,300,0.8581947080239427,0.911726654074055,4928,4319
reference_all,-,Sat,12,300,0.8581947080239427,0.911726654074055,4928,4319
reference_all,-,Sat,13,300,0.8581947080239427,0.911726654074055,4928,4319
reference_all,-,Sat,14,300,0.8581947080239427,0.911726654074055,4928,4319
reference_all,-,Sat,15,300,0.8581947080239427,0.911726654074055,4928,4319
reference_all,-,Sat,16,300,0.8581947080239427,0.911726654074055,4928,4319
reference_all,-,Sat,17,300,0.8581947080239427,0.911726654074055,4928,4319
reference_all,-,Sat,18,300,0.8581947080239427,0.911726654074055,4928,4319
reference_all,-,Sat,19,300,0.8581947080239427,0.911726654074055,4928,4319
reference_all,-,Sat,20,300,0.8581947080239427,0.911726654074055,4928,4319
reference_all,-,Sat,21,300,0.8581947080239427,0.911726654074055,4928,4319
reference_all,-,Sat,22,300,0.8581947080239427,0.911726654074055,4928,4319
reference_all,-,Sat,23,300,0.8581947080239427,0.911726654074055,4928,4319
reference_all,-,Sun,0,300,0.8581947080239427,0.911726654074055,4928,4319
reference_all,-,Sun,1,300,0.8581947080239427,0.911726654074055,4928,4319
reference_all,-,Sun,2,300,0.8581947080239427,0.911726654074055,4928,4319
reference_all,-,Sun,3,300,0.8581947080239427,0.911726654074055,4928,4319
reference_all,-,Sun,4,300,0.8581947080239427,0.911726654074055,4928,4319
reference_all,-,Sun,5,300,0.8581947080239427,0.911726654074055,4928,4319
reference_all,-,Sun,6,300,0.8581947080239427,0.911726654074055,4928,4319
reference_all,-,Sun,7,300,0.8581947080239427,0.911726654074055,4928,4319
reference_all,-,Sun,8,300,0.8581947080239427,0.911726654074055,4928,4319
reference_all,-,Sun,9,300,0.8581947080239427,0.911726654074055,4928,4319
reference_all,-,Sun,10,300,0.8581947080239427,0.911726654074055,4928,4319
reference_all,-,Sun,11,300,0.8581947080239427,0.911726654074055,4928,4319
reference_all,-,Sun,12,300,0.8581947080239427,0.911726654074055,4928,4319
reference_all,-,Sun,13,300,0.8581947080239427,0.911726654074055,4928,4319
reference_all,-,Sun,14,300,0.8581947080239427,0.911726654074055,4928,4319
reference_all,-,Sun,15,300,0.8581947080239427,0.911726654074055,4928,4319
reference_all,-,Sun,16,300,0.8581947080239427,0.911726654074055,4928,4319
reference_all,-,Sun,17,300,0.8581947080239427,0.911726654074055,4928,4319
reference_all,-,Sun,18,300,0.8581947080239427,0.911726654074055,4928,4319
reference_all,-,Sun,19,300,0.8581947080239427,0.911726654074055,4928,4319
reference_all,-,Sun,20,300,0.8581947080239427,0.911726654074055,4928,4319
reference_all,-,Sun,21,300,0.8581947080239427,0.911726654074055,4928,4319
reference_all,-,Sun,22,300,0.8581947080239427,0.911726654074055,4928,4319
reference_all,-,Sun,23,300,0.8581947080239427,0.911726654074055,4928,4319
reference_all,-,Mon,0,400,0.9118477470193055,0.9538256527026677,4928,4319
reference_all,-,Mon,1,400,0.9118477470193055,0.9538256527026677,4928,4319
reference_all,-,Mon,2,400,0.9118477470193055,0.9538256527026677,4928,4319
reference_all,-,Mon,3,400,0.9118477470193055,0.9538256527026677,4928,4319
reference_all,-,Mon,4,400,0.9118477470193055,0.9538256527026677,4928,4319
reference_all,-,Mon,5,400,0.9118477470193055,0.9538256527026677,4928,4319
reference_all,-,Mon,6,400,0.9118477470193055,0.9538256527026677,4928,4319
reference_all,-,Mon,7,400,0.9118477470193055,0.9538256527026677,4928,4319
reference_all,-,Mon,8,400,0.9118477470193055,0.9538256527026677,4928,4319
reference_all,-,Mon,9,400,0.9118477470193055,0.9538256527026677,4928,4319
reference_all,-,Mon,10,400,0.9118477470193055,0.9538256527026677,4928,4319
reference_all,-,Mon,11,400,0.9118477470193055,0.9538256527026677,4928,4319
reference_all,-,Mon,12,400,0.9118477470193055,0.9538256527026677,4928,4319
reference_all,-,Mon,13,400,0.9118477470193055,0.9538256527026677,4928,4319
reference_all,-,Mon,14,400,0.9118477470193055,0.9538256527026677,4928,4319
reference_all,-,Mon,15,400,0.9118477470193055,0.9538256527026677,4928,4319
reference_all,-,Mon,16,400,0.9118477470193055,0.9538256527026677,4928,4319
reference_all,-,Mon,17,400,0.9118477470193055,0.9538256527026677,4928,4319
reference_all,-,Mon,18,400,0.9118477470193055,0.9538256527026677,4928,4319
reference_all,-,Mon,19,400,0.9118477470193055,0.9538256527026677,4928,4319
reference_all,-,Mon,20,400,0.9118477470193055,0.9538256527026677,4928,4319
reference_all,-,Mon,21,400,0.9118477470193055,0.9538256527026677,4928,4319
reference_all,-,Mon,22,400,0.9118477470193055,0.9538256527026677,4928,4319
reference_all,-,Mon,23,400,0.9118477470193055,0.9538256527026677,4928,4319
reference_all,-,Tue,0,400,0.9118477470193055,0.9538256527026677,4928,4319
reference_all,-,Tue,1,400,0.9118477470193055,0.9538256527026677,4928,4319
reference_all,-,Tue,2,400,0.9118477470193055,0.9538256527026677,4928,4319
reference_all,-,Tue,3,400,0.9118477470193055,0.9538256527026677,4928,4319
reference_all,-,Tue,4,400,0.9118477470193055,0.9538256527026677,4928,4319
reference_all,-,Tue,5,400,0.9118477470193055,0.9538256527026677,4928,4319
reference_all,-,Tue,6,400,0.9118477470193055,0.9538256527026677,4928,4319
reference_all,-,Tue,7,400,0.9118477470193055,0.9538256527026677,4928,4319
reference_all,-,Tue,8,400,0.9118477470193055,0.9538256527026677,4928,4319
reference_all,-,Tue,9,400,0.9118477470193055,0.9538256527026677,4928,4319
reference_all,-,Tue,10,400,0.9118477470193055,0.9538256527026677,4928,4319
reference_all,-,Tue,11,400,0.9118477470193055,0.9538256527026677,4928,4319
reference_all,-,Tue,12,400,0.9118477470193055,0.9538256527026677,4928,4319
reference_all,-,Tue,13,400,0.9118477470193055,0.9538256527026677,4928,4319
reference_all,-,Tue,14,400,0.9118477470193055,0.9538256527026677,4928,4319
reference_all,-,Tue,15,400,0.9118477470193055,0.9538256527026677,4928,4319
reference_all,-,Tue,16,400,0.9118477470193055,0.9538256527026677,4928,4319
reference_all,-,Tue,17,400,0.9118477470193055,0.9538256527026677,4928,4319
reference_all,-,Tue,18,400,0.9118477470193055,0.9538256527026677,4928,4319
reference_all,-,Tue,19,400,0.9118477470193055,0.9538256527026677,4928,4319
reference_all,-,Tue,20,400,0.9118477470193055,0.9538256527026677,4928,4319
reference_all,-,Tue,21,400,0.9118477470193055,0.9538256527026677,4928,4319
reference_all,-,Tue,22,400,0.9118477470193055,0.9538256527026677,4928,4319
reference_all,-,Tue,23,400,0.9118477470193055,0.9538256527026677,4928,4319
reference_all,-,Wed,0,400,0.9118477470193055,0.9538256527026677,4928,4319
reference_all,-,Wed,1,400,0.9118477470193055,0.9538256527026677,4928,4319
reference_all,-,Wed,2,400,0.9118477470193055,0.9538256527026677,4928,4319
reference_all,-,Wed,3,400,0.9118477470193055,0.9538256527026677,4928,4319
reference_all,-,Wed,4,400,0.9118477470193055,0.9538256527026677,4928,4319
reference_all,-,Wed,5,400,0.9118477470193055,0.9538256527026677,4928,4319
reference_all,-,Wed,6,400,0.9118477470193055,0.9538256527026677,4928,4319
reference_all,-,Wed,7,400,0.9118477470193055,0.9538256527026677,4928,4319
reference_all,-,Wed,8,400,0.9118477470193055,0.9538256527026677,4928,4319
reference_all,-,Wed,9,400,0.9118477470193055,0.9538256527026677,4928,4319
reference_all,-,Wed,10,400,0.9118477470193055,0.9538256527026677,4928,4319
reference_all,-,Wed,11,400,0.9118477470193055,0.9538256527026677,4928,4319
reference_all,-,Wed,12,400,0.9118477470193055,0.9538256527026677,4928,4319
reference_all,-,Wed,13,400,0.9118477470193055,0.9538256527026677,4928,4319
reference_all,-,Wed,14,400,0.9118477470193055,0.9538256527026677,4928,4319
reference_all,-,Wed,15,400,0.9118477470193055,0.9538256527026677,4928,4319
reference_all,-,Wed,16,400,0.9118477470193055,0.9538256527026677,4928,4319
reference_all,-,Wed,17,400,0.9118477470193055,0.9538256527026677,4928,4319
reference_all,-,Wed,18,400,0.9118477470193055,0.9538256527026677,4928,4319
reference_all,-,Wed,19,400,0.9118477470193055,0.9538256527026677,4928,4319
reference_all,-,Wed,20,400,0.9118477470193055,0.9538256527026677,4928,4319
reference_all,-,Wed,21,400,0.9118477470193055,0.9538256527026677,4928,4319
reference_all,-,Wed,22,400,0.9118477470193055,0.9538256527026677,4928,4319
reference_all,-,Wed,23,400,0.9118477470193055,0.9538256527026677,4928,4319
reference_all,-,Thu,0,400,0.9118477470193055,0.9538256527026677,4928,4319
reference_all,-,Thu,1,400,0.9118477470193055,0.9538256527026677,4928,4319
reference_all,-,Thu,2,400,0.9118477470193055,0.9538256527026677,4928,4319
reference_all,-,Thu,3,400,0.9118477470193055,0.9538256527026677,4928,4319
reference_all,-,Thu,4,400,0.9118477470193055,0.9538256527026677,4928,4319
reference_all,-,Thu,5,400,0.9118477470193055,0.9538256527026677,4928,4319
reference_all,-,Thu,6,400,0.9118477470193055,0.9538256527026677,4928,4319
reference_all,-,Thu,7,400,0.9118477470193055,0.9538256527026677,4928,4319
reference_all,-,Thu,8,400,0.9118477470193055,0.9538256527026677,4928,4319
reference_all,-,Thu,9,400,0.9118477470193055,0.9538256527026677,4928,4319
reference_all,-,Thu,10,400,0.9118477470193055,0.9538256527026677,4928,4319
reference_all,-,Thu,11,400,0.9118477470193055,0.9538256527026677,4928,4319
reference_all,-,Thu,12,400,0.9118477470193055,0.9538256527026677,4928,4319
reference_all,-,Thu,13,400,0.9118477470193055,0.9538256527026677,4928,4319
reference_all,-,Thu,14,400,0.9118477470193055,0.9538256527026677,4928,4319
reference_all,-,Thu,15,400,0.9118477470193055,0.9538256527026677,4928,4319
reference_all,-,Thu,16,400,0.9118477470193055,0.9538256527026677,4928,4319
reference_all,-,Thu,17,400,0.9118477470193055,0.9538256527026677,4928,4319
reference_all,-,Thu,18,400,0.9118477470193055,0.9538256527026677,4928,4319
reference_all,-,Thu,19,400,0.9118477470193055,0.9538256527026677,4928,4319
reference_all,-,Thu,20,400,0.9118477470193055,0.9538256527026677,4928,4319
reference_all,-,Thu,21,400,0.9118477470193055,0.9538256527026677,4928,4319
reference_all,-,Thu,22,400,0.9118477470193055,0.9538256527026677,4928,4319
reference_all,-,Thu,23,400,0.9118477470193055,0.9538256527026677,4928,4319
reference_all,-,Fri,0,400,0.9118477470193055,0.9538256527026677,4928,4319
reference_all,-,Fri,1,400,0.9118477470193055,0.9538256527026677,4928,4319
reference_all,-,Fri,2,400,0.9118477470193055,0.9538256527026677,4928,4319
reference_all,-,Fri,3,400,0.9118477470193055,0.9538256527026677,4928,4319
reference_all,-,Fri,4,400,0.9118477470193055,0.9538256527026677,4928,4319
reference_all,-,Fri,5,400,0.9118477470193055,0.9538256527026677,4928,4319
reference_all,-,Fri,6,400,0.9118477470193055,0.9538256527026677,4928,4319
reference_all,-,Fri,7,400,0.9118477470193055,0.9538256527026677,4928,4319
reference_all,-,Fri,8,400,0.9118477470193055,0.9538256527026677,4928,4319
reference_all,-,Fri,9,400,0.9118477470193055,0.9538256527026677,4928,4319
reference_all,-,Fri,10,400,0.9118477470193055,0.9538256527026677,4928,4319
reference_all,-,Fri,11,400,0.9118477470193055,0.9538256527026677,4928,4319
reference_all,-,Fri,12,400,0.9118477470193055,0.9538256527026677,4928,4319
reference_all,-,Fri,13,400,0.9118477470193055,0.9538256527026677,4928,4319
reference_all,-,Fri,14,400,0.9118477470193055,0.9538256527026677,4928,4319
reference_all,-,Fri,15,400,0.9118477470193055,0.9538256527026677,4928,4319
reference_all,-,Fri,16,400,0.9118477470193055,0.9538256527026677,4928,4319
reference_all,-,Fri,17,400,0.9118477470193055,0.9538256527026677,4928,4319
reference_all,-,Fri,18,400,0.9118477470193055,0.9538256527026677,4928,4319
reference_all,-,Fri,19,400,0.9118477470193055,0.9538256527026677,4928,4319
reference_all,-,Fri,20,400,0.9118477470193055,0.9538256527026677,4928,4319
reference_all,-,Fri,21,400,0.9118477470193055,0.9538256527026677,4928,4319
reference_all,-,Fri,22,400,0.9118477470193055,0.9538256527026677,4928,4319
reference_all,-,Fri,23,400,0.9118477470193055,0.9538256527026677,4928,4319
reference_all,-,Sat,0,400,0.9118477470193055,0.9538256527026677,4928,4319
reference_all,-,Sat,1,400,0.9118477470193055,0.9538256527026677,4928,4319
reference_all,-,Sat,2,400,0.9118477470193055,0.9538256527026677,4928,4319
reference_all,-,Sat,3,400,0.9118477470193055,0.9538256527026677,4928,4319
reference_all,-,Sat,4,400,0.9118477470193055,0.9538256527026677,4928,4319
reference_all,-,Sat,5,400,0.9118477470193055,0.9538256527026677,4928,4319
reference_all,-,Sat,6,400,0.9118477470193055,0.9538256527026677,4928,4319
reference_all,-,Sat,7,400,0.9118477470193055,0.9538256527026677,4928,4319
reference_all,-,Sat,8,400,0.9118477470193055,0.9538256527026677,4928,4319
reference_all,-,Sat,9,400,0.9118477470193055,0.9538256527026677,4928,4319
reference_all,-,Sat,10,400,0.9118477470193055,0.9538256527026677,4928,4319
reference_all,-,Sat,11,400,0.9118477470193055,0.9538256527026677,4928,4319
reference_all,-,Sat,12,400,0.9118477470193055,0.9538256527026677,4928,4319
reference_all,-,Sat,13,400,0.9118477470193055,0.9538256527026677,4928,4319
reference_all,-,Sat,14,400,0.9118477470193055,0.9538256527026677,4928,4319
reference_all,-,Sat,15,400,0.9118477470193055,0.9538256527026677,4928,4319
reference_all,-,Sat,16,400,0.9118477470193055,0.9538256527026677,4928,4319
reference_all,-,Sat,17,400,0.9118477470193055,0.9538256527026677,4928,4319
reference_all,-,Sat,18,400,0.9118477470193055,0.9538256527026677,4928,4319
reference_all,-,Sat,19,400,0.9118477470193055,0.9538256527026677,4928,4319
reference_all,-,Sat,20,400,0.9118477470193055,0.9538256527026677,4928,4319
reference_all,-,Sat,21,400,0.9118477470193055,0.9538256527026677,4928,4319
reference_all,-,Sat,22,400,0.9118477470193055,0.9538256527026677,4928,4319
reference_all,-,Sat,23,400,0.9118477470193055,0.9538256527026677,4928,4319
reference_all,-,Sun,0,400,0.9118477470193055,0.9538256527026677,4928,4319
reference_all,-,Sun,1,400,0.9118477470193055,0.9538256527026677,4928,4319
reference_all,-,Sun,2,400,0.9118477470193055,0.9538256527026677,4928,4319
reference_all,-,Sun,3,400,0.9118477470193055,0.9538256527026677,4928,4319
reference_all,-,Sun,4,400,0.9118477470193055,0.9538256527026677,4928,4319
reference_all,-,Sun,5,400,0.9118477470193055,0.9538256527026677,4928,4319
reference_all,-,Sun,6,400,0.9118477470193055,0.9538256527026677,4928,4319
reference_all,-,Sun,7,400,0.9118477470193055,0.9538256527026677,4928,4319
reference_all,-,Sun,8,400,0.9118477470193055,0.9538256527026677,4928,4319
reference_all,-,Sun,9,400,0.9118477470193055,0.9538256527026677,4928,4319
reference_all,-,Sun,10,400,0.9118477470193055,0.9538256527026677,4928,4319
reference_all,-,Sun,11,400,0.9118477470193055,0.9538256527026677,4928,4319
reference_all,-,Sun,12,400,0.9118477470193055,0.9538256527026677,4928,4319
reference_all,-,Sun,13,400,0.9118477470193055,0.9538256527026677,4928,4319
reference_all,-,Sun,14,400,0.9118477470193055,0.9538256527026677,4928,4319
reference_all,-,Sun,15,400,0.9118477470193055,0.9538256527026677,4928,4319
reference_all,-,Sun,16,400,0.9118477470193055,0.9538256527026677,4928,4319
reference_all,-,Sun,17,400,0.9118477470193055,0.9538256527026677,4928,4319
reference_all,-,Sun,18,400,0.9118477470193055,0.9538256527026677,4928,4319
reference_all,-,Sun,19,400,0.9118477470193055,0.9538256527026677,4928,4319
reference_all,-,Sun,20,400,0.9118477470193055,0.9538256527026677,4928,4319
reference_all,-,Sun,21,400,0.9118477470193055,0.9538256527026677,4928,4319
reference_all,-,Sun,22,400,0.9118477470193055,0.9538256527026677,4928,4319
reference_all,-,Sun,23,400,0.9118477470193055,0.9538256527026677,4928,4319
