scenario,band,day,hour,threshold_m,pop_share,pop_share_node_alloc,residents_covered
declared,central,Mon,0,100,0.03904338003947963,0.047932561127410074,77350
declared,central,Mon,0,200,0.15209680021597952,0.16207896508920128,301324
declared,central,Mon,0,300,0.32456534733877046,0.33492762103276635,643007
declared,central,Mon,0,400,0.5202732389383764,0.531604549236914,1030730
declared,central,Mon,1,100,0.038654227827729606,0.047267104468080495,76579
declared,central,Mon,1,200,0.1513066417465956,0.16124892912306668,299759
declared,central,Mon,1,300,0.3238437056804992,0.33411982087036346,641577
declared,central,Mon,1,400,0.5194155345810694,0.5306393073963479,1029031
declared,central,Mon,2,100,0.038377100725144636,0.046899673411444735,76030
declared,central,Mon,2,200,0.15047001867977816,0.16033798522480777,298101
declared,central,Mon,2,300,0.3221611777495354,0.3322989801327074,638244
declared,central,Mon,2,400,0.5165855475171863,0.5277780764818557,1023425
declared,central,Mon,3,100,0.038377100725144636,0.046899673411444735,76030
declared,central,Mon,3,200,0.15047001867977816,0.16033798522480777,298101
declared,central,Mon,3,300,0.3221611777495354,0.3322989801327074,638244
declared,central,Mon,3,400,0.5165855475171863,0.5277780764818557,1023425
declared,central,Mon,4,100,0.038707467825858044,0.04749617536575303,76685
declared,central,Mon,4,200,0.15111978850254276,0.16109943737559765,299388
declared,central,Mon,4,300,0.32269991673162524,0.33290428414617584,639311
declared,central,Mon,4,400,0.5172801575288796,0.5286108604281885,1024801
declared,central,Mon,5,100,0.03875965360161014,0.04755384682924193,76788
declared,central,Mon,5,200,0.15131233117515996,0.16127925085541645,299770
declared,central,Mon,5,300,0.3229356076204606,0.333205551296843,639778
declared,central,Mon,5,400,0.5174184914167151,0.5287018787104631,1025075
declared,central,Mon,6,100,0.03926632567200314,0.04791373775107535,77792
declared,central,Mon,6,200,0.1532679623744268,0.16298032061000875,303644
declared,central,Mon,6,300,0.32617664386881656,0.3367452019853049,646199
declared,central,Mon,6,400,0.5212337799055771,0.5327889223843429,1032633
declared,central,Mon,7,100,0.044119746137993264,0.05328587605437843,87407
declared,central,Mon,7,200,0.17085354913652606,0.18186499632071323,338484
declared,central,Mon,7,300,0.359596533807205,0.37081238009627066,712408
declared,central,Mon,7,400,0.562727953534337,0.5740612233826559,1114839
declared,central,Mon,8,100,0.06015429744772148,0.0725215435628559,119174
declared,central,Mon,8,200,0.22698168298693194,0.23991344609087611,449681
declared,central,Mon,8,300,0.4563351632251358,0.47044765070064937,904061
declared,central,Mon,8,400,0.6782064634065265,0.6924934309968804,1343617
declared,central,Mon,9,100,0.38993742784186786,0.465526951786357,772518
declared,central,Mon,9,200,0.8350943587505997,0.8588397405881494,1654433
declared,central,Mon,9,300,0.9696071548638406,0.9727118687390187,1920920
declared,central,Mon,9,400,0.992419423604138,0.9919858993019842,1966115
declared,central,Mon,10,100,0.39058205388358364,0.4661131715051171,773795
declared,central,Mon,10,200,0.8355120022987566,0.8591469741158786,1655260
declared,central,Mon,10,300,0.9696071548638406,0.9727118687390187,1920920
declared,central,Mon,10,400,0.992419423604138,0.9919858993019842,1966115
declared,central,Mon,11,100,0.3905466738162043,0.4661004103627244,773725
declared,central,Mon,11,200,0.8354257886187114,0.8590537746657533,1655089
declared,central,Mon,11,300,0.9695687993219217,0.9726631358730213,1920844
declared,central,Mon,11,400,0.992419423604138,0.9919858993019842,1966115
declared,central,Mon,12,100,0.3878895528553314,0.46309216526657104,768461
declared,central,Mon,12,200,0.8342877132830075,0.858323066985344,1652835
declared,central,Mon,12,300,0.9691813396872931,0.9726446620875003,1920077
declared,central,Mon,12,400,0.992412064548601,0.9919858993019842,1966100
declared,central,Mon,13,100,0.3880359576482512,0.46325409447229904,768751
declared,central,Mon,13,200,0.8335614004958164,0.8576291476718201,1651396
declared,central,Mon,13,300,0.9688895653331788,0.9722669276670557,1919499
declared,central,Mon,13,400,0.992412064548601,0.9919858993019842,1966100
declared,central,Mon,14,100,0.3903275163129145,0.4657829739442591,773291
declared,central,Mon,14,200,0.8352634543132224,0.8589744742801702,1654768
declared,central,Mon,14,300,0.9696071548638406,0.9727118687390187,1920920
declared,central,Mon,14,400,0.992419423604138,0.9919858993019842,1966115
declared,central,Mon,15,100,0.39018833761890837,0.4656561195566971,773015
declared,central,Mon,15,200,0.8349273811187443,0.8587895087136251,1654102
declared,central,Mon,15,300,0.9694506892747505,0.9726872070268998,1920610
declared,central,Mon,15,400,0.9923326955022878,0.99186259074139,1965943
declared,central,Mon,16,100,0.38892222107246865,0.46433316715028317,770507
declared,central,Mon,16,200,0.8341250376309516,0.8579548071966855,1652512
declared,central,Mon,16,300,0.9693990614636191,0.9726865574543947,1920508
declared,central,Mon,16,400,0.9923326955022878,0.99186259074139,1965943
declared,central,Mon,17,100,0.3843301703892661,0.45927092918707363,761409
declared,central,Mon,17,200,0.8317309189367382,0.8559859679846581,1647769
declared,central,Mon,17,300,0.9690827459142343,0.9722345097061039,1919882
declared,central,Mon,17,400,0.9923321999870007,0.991860141421499,1965942
declared,central,Mon,18,100,0.051539256128523885,0.063368023142129,102106
declared,central,Mon,18,200,0.19738266149345035,0.2073452908043254,391041
declared,central,Mon,18,300,0.40336143580920014,0.41452431292559366,799113
declared,central,Mon,18,400,0.6095506479610941,0.621578168800968,1207601
declared,central,Mon,19,100,0.0441786953271914,0.053811784959734495,87524
declared,central,Mon,19,200,0.17089573876014405,0.18062560105509,338567
declared,central,Mon,19,300,0.35941736865611545,0.370375218305361,712054
declared,central,Mon,19,400,0.5635296988227633,0.5757124855582756,1116427
declared,central,Mon,20,100,0.04263156378625177,0.052275616425444094,84459
declared,central,Mon,20,200,0.16530244984419193,0.1754963271363325,327486
declared,central,Mon,20,300,0.349422944821944,0.35981791485682807,692253
declared,central,Mon,20,400,0.5500407494616398,0.5605400889135376,1089704
declared,central,Mon,21,100,0.04066430065822052,0.04953044426237964,80561
declared,central,Mon,21,200,0.15863475264101495,0.1683842946091711,314276
declared,central,Mon,21,300,0.33668303771275676,0.3473256081835931,667014
declared,central,Mon,21,400,0.5355208505314428,0.5453487841626639,1060938
declared,central,Mon,22,100,0.03970082577665366,0.04862593363601653,78653
declared,central,Mon,22,200,0.15502645872463702,0.16519574123284494,307128
declared,central,Mon,22,300,0.3292289355907814,0.33913013586433005,652246
declared,central,Mon,22,400,0.5248805138744141,0.5353049500416802,1039858
declared,central,Mon,23,100,0.039243715574946145,0.048165955691347996,77747
declared,central,Mon,23,200,0.15318852832557578,0.1632976645992667,303487
declared,central,Mon,23,300,0.3256732471783398,0.33583023338397455,645202
declared,central,Mon,23,400,0.5204659067035545,0.531258164185539,1031112
declared,central,Tue,0,100,0.038999555217669006,0.04787109866915671,77263
declared,central,Tue,0,200,0.1522754101644731,0.16252581848624614,301678
declared,central,Tue,0,300,0.3237813124836547,0.3342695040041828,641454
declared,central,Tue,0,400,0.5174679391660103,0.5287892546474109,1025173
declared,central,Tue,1,100,0.03861040300591899,0.04720564200982713,76492
declared,central,Tue,1,200,0.15148525169508917,0.16169578252011152,300112
declared,central,Tue,1,300,0.32313982742830183,0.33354065528718413,640183
declared,central,Tue,1,400,0.5168131533918929,0.5281403863787191,1023875
declared,central,Tue,2,100,0.03861040300591899,0.04720564200982713,76492
declared,central,Tue,2,200,0.15148525169508917,0.16169578252011152,300112
declared,central,Tue,2,300,0.32313982742830183,0.33354065528718413,640183
declared,central,Tue,2,400,0.5168131533918929,0.5281403863787191,1023875
declared,central,Tue,3,100,0.03861040300591899,0.04720564200982713,76492
declared,central,Tue,3,200,0.15148525169508917,0.16169578252011152,300112
declared,central,Tue,3,300,0.32313982742830183,0.33354065528718413,640183
declared,central,Tue,3,400,0.5168131533918929,0.5281403863787191,1023875
declared,central,Tue,4,100,0.0389407701066324,0.04780214396413542,77147
declared,central,Tue,4,200,0.15213502151785382,0.1624572346709014,301400
declared,central,Tue,4,300,0.3235984098074733,0.33406700785524823,641091
declared,central,Tue,4,400,0.5173048448203964,0.5286567967531777,1024850
declared,central,Tue,5,100,0.03899295588238449,0.04785981542762432,77250
declared,central,Tue,5,200,0.15232756419047103,0.1626370481507202,301781
declared,central,Tue,5,300,0.32383410069630864,0.33436827500591537,641558
declared,central,Tue,5,400,0.5174431787082319,0.5287478150354524,1025124
declared,central,Tue,6,100,0.039499627952777484,0.04821970634945774,78254
declared,central,Tue,6,200,0.15428319538973786,0.16433811790531247,305655
declared,central,Tue,6,300,0.32707513694466467,0.33790792569437733,647979
declared,central,Tue,6,400,0.5212584671970939,0.5328348587093321,1032682
declared,central,Tue,7,100,0.04432107586106042,0.05356184122631377,87806
declared,central,Tue,7,200,0.17172918949692145,0.18304281907485992,340218
declared,central,Tue,7,300,0.3604003997969716,0.37188315662168836,714001
declared,central,Tue,7,400,0.5627466595681005,0.574107159707645,1114876
declared,central,Tue,8,100,0.060301236182389584,0.07318152584442005,119465
declared,central,Tue,8,200,0.2279132633935948,0.24074511135434998,451526
declared,central,Tue,8,300,0.45826939715004483,0.4726757660690185,907892
declared,central,Tue,8,400,0.6812094855762718,0.6946407227078811,1349566
declared,central,Tue,9,100,0.390898790511377,0.4665365372288832,774422
declared,central,Tue,9,200,0.8362663384392138,0.8597950658455218,1656755
declared,central,Tue,9,300,0.9707071994460605,0.9734974095548272,1923100
declared,central,Tue,9,400,0.993215293792457,0.9927901918757491,1967691
declared,central,Tue,10,100,0.3914622980810647,0.4670603888567463,775539
declared,central,Tue,10,200,0.8366248617809213,0.860094106549408,1657465
declared,central,Tue,10,300,0.9707071994460605,0.9734974095548272,1923100
declared,central,Tue,10,400,0.993215293792457,0.9927901918757491,1967691
declared,central,Tue,11,100,0.3914269180136853,0.4670476277143535,775469
declared,central,Tue,11,200,0.8365386481008761,0.8600009070992828,1657294
declared,central,Tue,11,300,0.9706688439041418,0.9734486766888298,1923024
declared,central,Tue,11,400,0.993215293792457,0.9927901918757491,1967691
declared,central,Tue,12,100,0.3884662740987726,0.4636559043498923,769603
declared,central,Tue,12,200,0.8352395946943216,0.859140749989973,1654720
declared,central,Tue,12,300,0.9702522898050697,0.9734190666622043,1922199
declared,central,Tue,12,400,0.9932079347369198,0.9927901918757491,1967677
declared,central,Tue,13,100,0.38883223349659946,0.46397064278475836,770328
declared,central,Tue,13,200,0.8345890067752539,0.8584635350381059,1653432
declared,central,Tue,13,300,0.9699896099153986,0.9730524684828642,1921678
declared,central,Tue,13,400,0.9932079347369198,0.9927901918757491,1967677
declared,central,Tue,14,100,0.39112379216126275,0.4664995222567183,774868
declared,central,Tue,14,200,0.8362910605926599,0.8598088616464561,1656804
declared,central,Tue,14,300,0.9707071994460605,0.9734974095548272,1923100
declared,central,Tue,14,400,0.993215293792457,0.9927901918757491,1967691
declared,central,Tue,15,100,0.39105199175923416,0.46645032713514084,774726
declared,central,Tue,15,200,0.8359552189723592,0.8596320889037541,1656138
declared,central,Tue,15,300,0.9705507338569704,0.9734727478427082,1922790
declared,central,Tue,15,400,0.9931285656906067,0.9926668833151551,1967519
declared,central,Tue,16,100,0.3897858752127943,0.46512737472872684,772218
declared,central,Tue,16,200,0.8351528754845664,0.8587973873868144,1654549
declared,central,Tue,16,300,0.970499106045839,0.9734720982702032,1922688
declared,central,Tue,16,400,0.9931285656906067,0.9926668833151551,1967519
declared,central,Tue,17,100,0.38471734152321135,0.4592481109721327,762176
declared,central,Tue,17,200,0.8323689617353405,0.8565051850400256,1649033
declared,central,Tue,17,300,0.9700886361027122,0.9730337402169509,1921874
declared,central,Tue,17,400,0.9931280701753196,0.9926644339952639,1967518
declared,central,Tue,18,100,0.052402597102634306,0.06468362545691,103816
declared,central,Tue,18,200,0.20115361277875637,0.21090486101336178,398512
declared,central,Tue,18,300,0.41035362275240356,0.4207426451127685,812965
declared,central,Tue,18,400,0.618554500995962,0.6281237842494048,1225439
declared,central,Tue,19,100,0.0444315581342418,0.05407476361201713,88025
declared,central,Tue,19,200,0.17161484960389603,0.1813178757364173,339992
declared,central,Tue,19,300,0.36044654043391605,0.3714255336116598,714092
declared,central,Tue,19,400,0.5644865763175028,0.5765229677846936,1118323
declared,central,Tue,20,100,0.04292701598428461,0.05264690219901138,85044
declared,central,Tue,20,200,0.1660493248681413,0.1761756389547177,328966
declared,central,Tue,20,300,0.35042810900098204,0.36079014147398114,694245
declared,central,Tue,20,400,0.5507645224013934,0.5612798992104687,1091138
declared,central,Tue,21,100,0.04095975285625336,0.04990173003594693,81147
declared,central,Tue,21,200,0.15938162766496436,0.16906360642755622,315756
declared,central,Tue,21,300,0.3377160539062177,0.3482978348007462,669060
declared,central,Tue,21,400,0.536285891268633,0.5461797091595417,1062454
declared,central,Tue,22,100,0.0399962779746865,0.04899721940958381,79238
declared,central,Tue,22,200,0.1557733337485864,0.1658750530512301,308608
declared,central,Tue,22,300,0.33026195178424234,0.3401023624814831,654293
declared,central,Tue,22,400,0.5256100520666716,0.5360447603386116,1041303
declared,central,Tue,23,100,0.03931827752363579,0.04830426623907971,77895
declared,central,Tue,23,200,0.15340198576163971,0.16352503387764983,303910
declared,central,Tue,23,300,0.3263310974961866,0.33637627488591815,646505
declared,central,Tue,23,400,0.5210776388751421,0.5319439932410251,1032324
declared,central,Wed,0,100,0.03907411716635866,0.04800940921688841,77411
declared,central,Wed,0,200,0.1524520457327027,0.162692830164461,302028
declared,central,Wed,0,300,0.32387658692035276,0.33427667928680355,641642
declared,central,Wed,0,400,0.5174679391660103,0.5287892546474109,1025173
declared,central,Wed,1,100,0.038684964954608644,0.047343952557558834,76640
declared,central,Wed,1,200,0.15166188726331886,0.16186279419832642,300462
declared,central,Wed,1,300,0.323235101865,0.3335478305698049,640372
declared,central,Wed,1,400,0.5168131533918929,0.5281403863787191,1023875
declared,central,Wed,2,100,0.038684964954608644,0.047343952557558834,76640
declared,central,Wed,2,200,0.15166188726331886,0.16186279419832642,300462
declared,central,Wed,2,300,0.323235101865,0.3335478305698049,640372
declared,central,Wed,2,400,0.5168131533918929,0.5281403863787191,1023875
declared,central,Wed,3,100,0.038684964954608644,0.047343952557558834,76640
declared,central,Wed,3,200,0.15166188726331886,0.16186279419832642,300462
declared,central,Wed,3,300,0.323235101865,0.3335478305698049,640372
declared,central,Wed,3,400,0.5168131533918929,0.5281403863787191,1023875
declared,central,Wed,4,100,0.039015332055322045,0.04794045451186713,77295
declared,central,Wed,4,200,0.15231165708608346,0.1626242463491163,301750
declared,central,Wed,4,300,0.32369368424417144,0.334074183137869,641280
declared,central,Wed,4,400,0.5173048448203964,0.5286567967531777,1024850
declared,central,Wed,5,100,0.039067517831074136,0.047998125975356035,77398
declared,central,Wed,5,200,0.1525041997587007,0.1628040598289351,302131
declared,central,Wed,5,300,0.32392937513300674,0.3343754502885362,641747
declared,central,Wed,5,400,0.5174431787082319,0.5287478150354524,1025124
declared,central,Wed,6,100,0.03957418990146713,0.04835801689718946,78402
declared,central,Wed,6,200,0.1544598309579675,0.16450512958352737,306005
declared,central,Wed,6,300,0.3272577410807644,0.33797926474633755,648341
declared,central,Wed,6,400,0.5215400884637522,0.5331297210041196,1033240
declared,central,Wed,7,100,0.044368929576847745,0.05365451695697074,87901
declared,central,Wed,7,200,0.1714131879159313,0.1828776687252815,339592
declared,central,Wed,7,300,0.3596136060481812,0.3712363791335249,712442
declared,central,Wed,7,400,0.5621986246115804,0.5732420861667661,1113790
declared,central,Wed,8,100,0.059420708130809026,0.07214542246403742,117720
declared,central,Wed,8,200,0.22427059284781617,0.23728511760592916,444310
declared,central,Wed,8,300,0.45181107597523323,0.4662022741032553,895098
declared,central,Wed,8,400,0.6743384683719567,0.6869145816482711,1335954
declared,central,Wed,9,100,0.3893496104479926,0.46480059431668147,771353
declared,central,Wed,9,200,0.8339122709135938,0.8569399484972126,1652091
declared,central,Wed,9,300,0.9704836031413349,0.9735206053701582,1922657
declared,central,Wed,9,400,0.9931680473216006,0.9927733633535997,1967598
declared,central,Wed,10,100,0.39004793008663446,0.4654197453687977,772737
declared,central,Wed,10,200,0.8343296828875736,0.8572389892010991,1652918
declared,central,Wed,10,300,0.9704836031413349,0.9735206053701582,1922657
declared,central,Wed,10,400,0.9931680473216006,0.9927733633535997,1967598
declared,central,Wed,11,100,0.39001255001925517,0.46540698422640503,772667
declared,central,Wed,11,200,0.8342434692075283,0.8571457897509739,1652747
declared,central,Wed,11,300,0.970445247599416,0.9734718725041608,1922581
declared,central,Wed,11,400,0.9931680473216006,0.9927733633535997,1967598
declared,central,Wed,12,100,0.3874024640307438,0.46242457017584665,767496
declared,central,Wed,12,200,0.8330885296914733,0.8564065705327504,1650459
declared,central,Wed,12,300,0.9700286935003439,0.9734422624775354,1921756
declared,central,Wed,12,400,0.9931606882660636,0.9927733633535997,1967583
declared,central,Wed,13,100,0.387510939951987,0.46249009956401854,767711
declared,central,Wed,13,200,0.8323814763619296,0.8557651878938589,1649058
declared,central,Wed,13,300,0.9697787466570442,0.9731163978110677,1921260
declared,central,Wed,13,400,0.9931606882660636,0.9927733633535997,1967583
declared,central,Wed,14,100,0.390066512133866,0.46535763002800246,772774
declared,central,Wed,14,200,0.8348841593625549,0.8580512007126405,1654016
declared,central,Wed,14,300,0.9706325415033891,0.9735613388830306,1922952
declared,central,Wed,14,400,0.9931975220469333,0.9927901918757491,1967656
declared,central,Wed,15,100,0.3901226959924807,0.4655654763739904,772885
declared,central,Wed,15,200,0.8347949761504992,0.8580305421579608,1653840
declared,central,Wed,15,300,0.9704760759142989,0.9735366771709117,1922642
declared,central,Wed,15,400,0.9931107939450831,0.9926668833151551,1967484
declared,central,Wed,16,100,0.38885657944604096,0.4642425239675764,770376
declared,central,Wed,16,200,0.8339926326627064,0.8571958406410213,1652250
declared,central,Wed,16,300,0.9704244481031676,0.9735360275984067,1922540
declared,central,Wed,16,400,0.9931107939450831,0.9926668833151551,1967484
declared,central,Wed,17,100,0.38455933031168094,0.4595198619178312,761863
declared,central,Wed,17,200,0.8316188958055323,0.8552820583300912,1647547
declared,central,Wed,17,300,0.9700790380893394,0.9730728436090113,1921855
declared,central,Wed,17,400,0.993110298429796,0.9926644339952639,1967483
declared,central,Wed,18,100,0.053083028007263756,0.06548781220924238,105165
declared,central,Wed,18,200,0.2037236430184973,0.21378500397221276,403604
declared,central,Wed,18,300,0.41518151375999535,0.42554380131127156,822530
declared,central,Wed,18,400,0.6247783547111991,0.6347791495857374,1237769
declared,central,Wed,19,100,0.04511657903469598,0.054912291595292914,89382
declared,central,Wed,19,200,0.17452194114079728,0.1844814191582873,345751
declared,central,Wed,19,300,0.3657257294180515,0.37651895848942507,724551
declared,central,Wed,19,400,0.571202730647308,0.5836165271380526,1131628
declared,central,Wed,20,100,0.04320414308686958,0.05301433325564715,85593
declared,central,Wed,20,200,0.16688594793495876,0.17708658285297657,330623
declared,central,Wed,20,300,0.35211063693194583,0.3626109822116371,697578
declared,central,Wed,20,400,0.5535945094652762,0.5641411301249611,1096744
declared,central,Wed,21,100,0.041236879958838325,0.05026916109258269,81696
declared,central,Wed,21,200,0.1602182507317818,0.16997455032581513,317414
declared,central,Wed,21,300,0.33939858183718147,0.35011867553840226,672394
declared,central,Wed,21,400,0.5391158783325162,0.549040940074034,1068060
declared,central,Wed,22,100,0.04027340507727148,0.049364650466219594,79787
declared,central,Wed,22,200,0.15660995681540385,0.166785996949489,310265
declared,central,Wed,22,300,0.33194447971520613,0.34192320321913916,657626
declared,central,Wed,22,400,0.5284400391305546,0.5389059912531037,1046910
declared,central,Wed,23,100,0.03959540462622076,0.04867169729571548,78444
declared,central,Wed,23,200,0.15423860882845716,0.16443597777590876,305567
declared,central,Wed,23,300,0.3280136254271504,0.33819711562357424,649839
declared,central,Wed,23,400,0.5239076259390251,0.5348052241555172,1037931
declared,central,Thu,0,100,0.039351244268943625,0.04837684027352418,77960
declared,central,Thu,0,200,0.1532886687995202,0.16360377406271992,303685
declared,central,Thu,0,300,0.32555911485131656,0.33609752002445964,644976
declared,central,Thu,0,400,0.5202979262298931,0.5316504855619033,1030779
declared,central,Thu,1,100,0.038962092057193615,0.04771138361419461,77189
declared,central,Thu,1,200,0.1524985103301363,0.1627737380965853,302120
declared,central,Thu,1,300,0.32491762979596384,0.335368671307461,643705
declared,central,Thu,1,400,0.5196431404557758,0.5310016172932114,1029482
declared,central,Thu,2,100,0.038684964954608644,0.047343952557558834,76640
declared,central,Thu,2,200,0.15166188726331886,0.16186279419832642,300462
declared,central,Thu,2,300,0.323235101865,0.3335478305698049,640372
declared,central,Thu,2,400,0.5168131533918929,0.5281403863787191,1023875
declared,central,Thu,3,100,0.038684964954608644,0.047343952557558834,76640
declared,central,Thu,3,200,0.15166188726331886,0.16186279419832642,300462
declared,central,Thu,3,300,0.323235101865,0.3335478305698049,640372
declared,central,Thu,3,400,0.5168131533918929,0.5281403863787191,1023875
declared,central,Thu,4,100,0.039015332055322045,0.04794045451186713,77295
declared,central,Thu,4,200,0.15231165708608346,0.1626242463491163,301750
declared,central,Thu,4,300,0.32369368424417144,0.334074183137869,641280
declared,central,Thu,4,400,0.5173048448203964,0.5286567967531777,1024850
declared,central,Thu,5,100,0.039067517831074136,0.047998125975356035,77398
declared,central,Thu,5,200,0.1525041997587007,0.1628040598289351,302131
declared,central,Thu,5,300,0.32392937513300674,0.3343754502885362,641747
declared,central,Thu,5,400,0.5174431787082319,0.5287478150354524,1025124
declared,central,Thu,6,100,0.03957418990146713,0.04835801689718946,78402
declared,central,Thu,6,200,0.1544598309579675,0.16450512958352737,306005
declared,central,Thu,6,300,0.32717041138136277,0.33791510097699806,648168
declared,central,Thu,6,400,0.5212584671970939,0.5328348587093321,1032682
declared,central,Thu,7,100,0.04467276491233503,0.05406758283068126,88503
declared,central,Thu,7,200,0.17274244813196854,0.1841207746513337,342226
declared,central,Thu,7,300,0.36217820216463353,0.3737111726419652,717523
declared,central,Thu,7,400,0.5655766466319835,0.5769683906221375,1120482
declared,central,Thu,8,100,0.06057836328497455,0.07354895690105583,120014
declared,central,Thu,8,200,0.22874988646041228,0.2416560552526089,453184
declared,central,Thu,8,300,0.45995192508100863,0.4744966068066745,911226
declared,central,Thu,8,400,0.6836926557759518,0.6971959779574265,1354486
declared,central,Thu,9,100,0.39073389632136735,0.4665759336147824,774096
declared,central,Thu,9,200,0.8359310825241062,0.8596612459784448,1656090
declared,central,Thu,9,300,0.9707484417576874,0.9737512399230949,1923181
declared,central,Thu,9,400,0.9932072527850165,0.9927901918757491,1967675
declared,central,Thu,10,100,0.3914677855411626,0.4672481654613544,775550
declared,central,Thu,10,200,0.8363484944980859,0.859960286682331,1656917
declared,central,Thu,10,300,0.9707484417576874,0.9737512399230949,1923181
declared,central,Thu,10,400,0.9932072527850165,0.9927901918757491,1967675
declared,central,Thu,11,100,0.39143240547378316,0.46723540431896154,775480
declared,central,Thu,11,200,0.8362622808180408,0.8598670872322058,1656747
declared,central,Thu,11,300,0.9707100862157686,0.9737025070570975,1923105
declared,central,Thu,11,400,0.9932072527850165,0.9927901918757491,1967675
declared,central,Thu,12,100,0.3886803348558147,0.4641411470949965,770027
declared,central,Thu,12,200,0.835109172625244,0.8591445723756395,1654462
declared,central,Thu,12,300,0.97032262658114,0.9736840332715768,1922338
declared,central,Thu,12,400,0.9931998937294796,0.9927901918757491,1967661
declared,central,Thu,13,100,0.3889470517658405,0.464413666900065,770556
declared,central,Thu,13,200,0.8343828598380527,0.8584506530621154,1653023
declared,central,Thu,13,300,0.9700308522270257,0.9733062988511321,1921760
declared,central,Thu,13,400,0.9931998937294796,0.9927901918757491,1967661
declared,central,Thu,14,100,0.39124505668131754,0.466942546372025,775108
declared,central,Thu,14,200,0.8361001780867287,0.8597959796704656,1656425
declared,central,Thu,14,300,0.9707484417576874,0.9737512399230949,1923181
declared,central,Thu,14,400,0.9932072527850165,0.9927901918757491,1967675
declared,central,Thu,15,100,0.3911058779873114,0.46681569198446304,774833
declared,central,Thu,15,200,0.8357641048922508,0.8596110141039207,1655760
declared,central,Thu,15,300,0.9705919761685974,0.9737265782109762,1922871
declared,central,Thu,15,400,0.9931205246831663,0.9926668833151551,1967504
declared,central,Thu,16,100,0.38983976144087173,0.465492739578049,772324
declared,central,Thu,16,200,0.834961761404458,0.858776312586981,1654170
declared,central,Thu,16,300,0.9705403483574659,0.9737259286384711,1922769
declared,central,Thu,16,400,0.9931205246831663,0.9926668833151551,1967504
declared,central,Thu,17,100,0.38516103040692357,0.4603083995777564,763055
declared,central,Thu,17,200,0.8325296069557663,0.8568033177976425,1649352
declared,central,Thu,17,300,0.970202007620718,0.9732987068263234,1922099
declared,central,Thu,17,400,0.9931200291678792,0.9926644339952639,1967503
declared,central,Thu,18,100,0.05278681540762952,0.06518443172028786,104578
declared,central,Thu,18,200,0.20222062292295034,0.21209286459773746,400626
declared,central,Thu,18,300,0.41213478650228147,0.42266912072764423,816494
declared,central,Thu,18,400,0.6213741255708164,0.6309850151638972,1231025
declared,central,Thu,19,100,0.04470868523682677,0.054442194668652896,88574
declared,central,Thu,19,200,0.17245147267071348,0.18222881963467624,341649
declared,central,Thu,19,300,0.36212906836487985,0.3732463743493159,717426
declared,central,Thu,19,400,0.5673165633813857,0.5793841986991858,1123929
declared,central,Thu,20,100,0.04323611564457678,0.053044336682094205,85656
declared,central,Thu,20,200,0.16703481932299102,0.17726655739413363,330918
declared,central,Thu,20,300,0.3522020669529837,0.36269624618340374,697759
declared,central,Thu,20,400,0.5536082238410237,0.5641411301249611,1096771
declared,central,Thu,21,100,0.04126885251654554,0.050299164519029736,81759
declared,central,Thu,21,200,0.16036712211981402,0.1701545248669722,317709
declared,central,Thu,21,300,0.3395091963160754,0.3502172692533091,672613
declared,central,Thu,21,400,0.5391578529099393,0.549040940074034,1068143
declared,central,Thu,22,100,0.04027340507727148,0.049364650466219594,79787
declared,central,Thu,22,200,0.15660995681540385,0.166785996949489,310265
declared,central,Thu,22,300,0.33194447971520613,0.34192320321913916,657626
declared,central,Thu,22,400,0.5284400391305546,0.5389059912531037,1046910
declared,central,Thu,23,100,0.03959540462622076,0.04867169729571548,78444
declared,central,Thu,23,200,0.15423860882845716,0.16443597777590876,305567
declared,central,Thu,23,300,0.3280136254271504,0.33819711562357424,649839
declared,central,Thu,23,400,0.5239076259390251,0.5348052241555172,1037931
declared,central,Fri,0,100,0.039351244268943625,0.04837684027352418,77960
declared,central,Fri,0,200,0.1532886687995202,0.16360377406271992,303685
declared,central,Fri,0,300,0.32555911485131656,0.33609752002445964,644976
declared,central,Fri,0,400,0.5202979262298931,0.5316504855619033,1030779
declared,central,Fri,1,100,0.038962092057193615,0.04771138361419461,77189
declared,central,Fri,1,200,0.1524985103301363,0.1627737380965853,302120
declared,central,Fri,1,300,0.32491762979596384,0.335368671307461,643705
declared,central,Fri,1,400,0.5196431404557758,0.5310016172932114,1029482
declared,central,Fri,2,100,0.038684964954608644,0.047343952557558834,76640
declared,central,Fri,2,200,0.15166188726331886,0.16186279419832642,300462
declared,central,Fri,2,300,0.323235101865,0.3335478305698049,640372
declared,central,Fri,2,400,0.5168131533918929,0.5281403863787191,1023875
declared,central,Fri,3,100,0.038684964954608644,0.047343952557558834,76640
declared,central,Fri,3,200,0.15166188726331886,0.16186279419832642,300462
declared,central,Fri,3,300,0.323235101865,0.3335478305698049,640372
declared,central,Fri,3,400,0.5168131533918929,0.5281403863787191,1023875
declared,central,Fri,4,100,0.039015332055322045,0.04794045451186713,77295
declared,central,Fri,4,200,0.15231165708608346,0.1626242463491163,301750
declared,central,Fri,4,300,0.32369368424417144,0.334074183137869,641280
declared,central,Fri,4,400,0.5173048448203964,0.5286567967531777,1024850
declared,central,Fri,5,100,0.039067517831074136,0.047998125975356035,77398
declared,central,Fri,5,200,0.1525041997587007,0.1628040598289351,302131
declared,central,Fri,5,300,0.32392937513300674,0.3343754502885362,641747
declared,central,Fri,5,400,0.5174431787082319,0.5287478150354524,1025124
declared,central,Fri,6,100,0.03957418990146713,0.04835801689718946,78402
declared,central,Fri,6,200,0.1544598309579675,0.16450512958352737,306005
declared,central,Fri,6,300,0.32717041138136277,0.33791510097699806,648168
declared,central,Fri,6,400,0.5212584671970939,0.5328348587093321,1032682
declared,central,Fri,7,100,0.04467276491233503,0.05406758283068126,88503
declared,central,Fri,7,200,0.17274244813196854,0.1841207746513337,342226
declared,central,Fri,7,300,0.36217820216463353,0.3737111726419652,717523
declared,central,Fri,7,400,0.5655766466319835,0.5769683906221375,1120482
declared,central,Fri,8,100,0.06074023974198124,0.07360096352197182,120334
declared,central,Fri,8,200,0.22938376287860748,0.2422814989724541,454440
declared,central,Fri,8,300,0.46098652247802724,0.47530694967995524,913275
declared,central,Fri,8,400,0.6847086661512212,0.6982133513886097,1356499
declared,central,Fri,9,100,0.39086977849745214,0.4666244552646277,774365
declared,central,Fri,9,200,0.835856042062543,0.8594510352590898,1655942
declared,central,Fri,9,300,0.9707798524055874,0.9737623761641995,1923244
declared,central,Fri,9,400,0.993208111391663,0.9927901918757491,1967677
declared,central,Fri,10,100,0.391568098136094,0.46724360631674383,775748
declared,central,Fri,10,200,0.836273454036523,0.859750075962976,1656769
declared,central,Fri,10,300,0.9707798524055874,0.9737623761641995,1923244
declared,central,Fri,10,400,0.993208111391663,0.9927901918757491,1967677
declared,central,Fri,11,100,0.3915327180687147,0.46723084517435115,775678
declared,central,Fri,11,200,0.8361872403564777,0.8596568765128508,1656598
declared,central,Fri,11,300,0.9707414968636684,0.9737136432982021,1923168
declared,central,Fri,11,400,0.993208111391663,0.9927901918757491,1967677
declared,central,Fri,12,100,0.38876591465814614,0.4641235961247297,770197
declared,central,Fri,12,200,0.8349681727454863,0.8589176572946275,1654183
declared,central,Fri,12,300,0.9703249427645966,0.9736840332715768,1922342
declared,central,Fri,12,400,0.993200752336126,0.9927901918757491,1967662
declared,central,Fri,13,100,0.38897450393248056,0.4643241794543814,770610
declared,central,Fri,13,200,0.8342586961941465,0.8582404423427603,1652777
declared,central,Fri,13,300,0.9700622628749255,0.9733174350922366,1921822
declared,central,Fri,13,400,0.993200752336126,0.9927901918757491,1967662
declared,central,Fri,14,100,0.39113298098054416,0.4666897411240534,774886
declared,central,Fri,14,200,0.8359999896172134,0.8595857689511106,1656227
declared,central,Fri,14,300,0.9707798524055874,0.9737623761641995,1923244
declared,central,Fri,14,400,0.993208111391663,0.9927901918757491,1967677
declared,central,Fri,15,100,0.3910293718676912,0.4666159675309472,774681
declared,central,Fri,15,200,0.8356639164227356,0.8594008033845657,1655561
declared,central,Fri,15,300,0.9706233868164973,0.9737377144520807,1922934
declared,central,Fri,15,400,0.9931213832898128,0.9926668833151551,1967505
declared,central,Fri,16,100,0.38945800719905843,0.4650721456117636,771568
declared,central,Fri,16,200,0.8348142641962257,0.8584799984761764,1653878
declared,central,Fri,16,300,0.9705717590053657,0.9737370648795757,1922831
declared,central,Fri,16,400,0.9931213832898128,0.9926668833151551,1967505
declared,central,Fri,17,100,0.3844749499655375,0.4596013715100367,761696
declared,central,Fri,17,200,0.8308179214639267,0.8548024575442227,1645961
declared,central,Fri,17,300,0.9699246888351682,0.9731238892410012,1921550
declared,central,Fri,17,400,0.9930914130491929,0.9926476054731145,1967446
declared,central,Fri,18,100,0.05270745807956188,0.06504229375413115,104420
declared,central,Fri,18,200,0.20191729813364695,0.2119583516099414,400025
declared,central,Fri,18,300,0.4123306611826864,0.42321438241410925,816882
declared,central,Fri,18,400,0.6220116919581983,0.6315988871629301,1232288
declared,central,Fri,19,100,0.04474100910699409,0.054466773140181696,88638
declared,central,Fri,19,200,0.17271559625594693,0.18265476679601592,342173
declared,central,Fri,19,300,0.3628748768407426,0.37418953959226264,718903
declared,central,Fri,19,400,0.5684389684678328,0.5803619266902096,1126153
declared,central,Fri,20,100,0.04320414308686958,0.05301433325564715,85593
declared,central,Fri,20,200,0.16688594793495876,0.17708658285297657,330623
declared,central,Fri,20,300,0.35211063693194583,0.3626109822116371,697578
declared,central,Fri,20,400,0.5535945094652762,0.5641411301249611,1096744
declared,central,Fri,21,100,0.041236879958838325,0.05026916109258269,81696
declared,central,Fri,21,200,0.1602182507317818,0.16997455032581513,317414
declared,central,Fri,21,300,0.33939858183718147,0.35011867553840226,672394
declared,central,Fri,21,400,0.5391158783325162,0.549040940074034,1068060
declared,central,Fri,22,100,0.04027340507727148,0.049364650466219594,79787
declared,central,Fri,22,200,0.15660995681540385,0.166785996949489,310265
declared,central,Fri,22,300,0.33194447971520613,0.34192320321913916,657626
declared,central,Fri,22,400,0.5284400391305546,0.5389059912531037,1046910
declared,central,Fri,23,100,0.03959540462622076,0.04867169729571548,78444
declared,central,Fri,23,200,0.15423860882845716,0.16443597777590876,305567
declared,central,Fri,23,300,0.3280136254271504,0.33819711562357424,649839
declared,central,Fri,23,400,0.5239076259390251,0.5348052241555172,1037931
declared,central,Sat,0,100,0.03816821413361277,0.047060883865391825,75616
declared,central,Sat,0,200,0.1494290335941235,0.15989084875979312,296039
declared,central,Sat,0,300,0.31738976630566496,0.32719808398580974,628791
declared,central,Sat,0,400,0.5091151205939418,0.5196829537357247,1008625
declared,central,Sat,1,100,0.03777906192186275,0.04639542720606225,74845
declared,central,Sat,1,200,0.1486388751247396,0.1590608127936585,294473
declared,central,Sat,1,300,0.3167482812503121,0.32646923526881116,627520
declared,central,Sat,1,400,0.5084603348198243,0.5190340854670328,1007327
declared,central,Sat,2,100,0.037501934819277785,0.04602799614942648,74296
declared,central,Sat,2,200,0.14780225205792213,0.1581498688953996,292816
declared,central,Sat,2,300,0.3150657533193484,0.32464839453115507,624187
declared,central,Sat,2,400,0.5056303477559414,0.5161728545525406,1001721
declared,central,Sat,3,100,0.037501934819277785,0.04602799614942648,74296
declared,central,Sat,3,200,0.14780225205792213,0.1581498688953996,292816
declared,central,Sat,3,300,0.3150657533193484,0.32464839453115507,624187
declared,central,Sat,3,400,0.5056303477559414,0.5161728545525406,1001721
declared,central,Sat,4,100,0.03783230191999119,0.046624498103734764,74951
declared,central,Sat,4,200,0.14845202188068676,0.1589113210461895,294103
declared,central,Sat,4,300,0.3155243356985198,0.3251747470992191,625096
declared,central,Sat,4,400,0.506122039184445,0.5166892649269991,1002695
declared,central,Sat,5,100,0.037884487695743284,0.04668216956722367,75054
declared,central,Sat,5,200,0.14864456455330397,0.1590911345260083,294485
declared,central,Sat,5,300,0.31576002658735514,0.3254760142498863,625563
declared,central,Sat,5,400,0.5062603730722804,0.5167802832092739,1002969
declared,central,Sat,6,100,0.03793048478760431,0.046714885605684014,75145
declared,central,Sat,6,200,0.14900148251280515,0.159395169576035,295192
declared,central,Sat,6,300,0.3166063272759854,0.3262005010623114,627239
declared,central,Sat,6,400,0.507536344978608,0.5178286274814109,1005497
declared,central,Sat,7,100,0.03946661741212765,0.04835391238480999,78189
declared,central,Sat,7,200,0.15469199524772553,0.16595848760492637,306465
declared,central,Sat,7,300,0.3288255299885046,0.3388278992236468,651447
declared,central,Sat,7,400,0.5237337557612889,0.5336500674784744,1037586
declared,central,Sat,8,100,0.04230362940646304,0.051874127561791106,83809
declared,central,Sat,8,200,0.1659378077118508,0.17717995980489085,328745
declared,central,Sat,8,300,0.35027268330005057,0.3605626586277988,693937
declared,central,Sat,8,400,0.5528230662125306,0.5622547449445837,1095216
declared,central,Sat,9,100,0.12208805782733818,0.1482703446723946,241873
declared,central,Sat,9,200,0.3963258823105448,0.4209746640934973,785174
declared,central,Sat,9,300,0.6817462409249715,0.6960889180577968,1350630
declared,central,Sat,9,400,0.8704217801619114,0.8761252714592637,1724421
declared,central,Sat,10,100,0.12336519454971272,0.15004042503407983,244403
declared,central,Sat,10,200,0.39847873385037724,0.42262014082775506,789439
declared,central,Sat,10,300,0.6831768066847003,0.6970734644061846,1353464
declared,central,Sat,10,400,0.8706669970496806,0.8762346479264866,1724907
declared,central,Sat,11,100,0.12333952950468553,0.15003733870525665,244352
declared,central,Sat,11,200,0.3983572968466687,0.4224763877924549,789199
declared,central,Sat,11,300,0.6828977420688934,0.696812343982757,1352911
declared,central,Sat,11,400,0.8706368413841603,0.8762137624124876,1724847
declared,central,Sat,12,100,0.12138345665410563,0.14759509139101507,240477
declared,central,Sat,12,200,0.3936621906448735,0.416937514128089,779897
declared,central,Sat,12,300,0.677693060466262,0.6929626990328949,1342600
declared,central,Sat,12,400,0.8664624544703954,0.87201513100672,1716577
declared,central,Sat,13,100,0.12112871512328484,0.14707562631660198,239972
declared,central,Sat,13,200,0.3927893978430878,0.4162942152008564,778168
declared,central,Sat,13,300,0.6776835517686063,0.6920188397340616,1342581
declared,central,Sat,13,400,0.8664128891337527,0.8718772539997593,1716479
declared,central,Sat,14,100,0.12233245752039501,0.1486929927723372,242357
declared,central,Sat,14,200,0.3947696299063098,0.41823810408733375,782091
declared,central,Sat,14,300,0.6795138618707184,0.6932029256658294,1346207
declared,central,Sat,14,400,0.8672149768149169,0.8726246789215939,1718068
declared,central,Sat,15,100,0.12266751904453754,0.14913358735224932,243021
declared,central,Sat,15,200,0.3961254524057923,0.4196363529866255,784777
declared,central,Sat,15,300,0.6812655503770391,0.6950782030951017,1349677
declared,central,Sat,15,400,0.8684634763544911,0.8738499915956142,1720541
declared,central,Sat,16,100,0.1226415335811621,0.14911187367783751,242969
declared,central,Sat,16,200,0.3961508802795253,0.41960401198535313,784827
declared,central,Sat,16,300,0.681502305168,0.6950825338555313,1350146
declared,central,Sat,16,400,0.8684634763544911,0.8738499915956142,1720541
declared,central,Sat,17,100,0.12247716399428563,0.1489961475359514,242644
declared,central,Sat,17,200,0.3953797948575121,0.4184166406008388,783300
declared,central,Sat,17,300,0.6803768872800782,0.6943226160109144,1347917
declared,central,Sat,17,400,0.8679291170438489,0.8734111130976516,1719483
declared,central,Sat,18,100,0.04263686053839016,0.05263860816603818,84469
declared,central,Sat,18,200,0.16633680766379264,0.17749819814679862,329535
declared,central,Sat,18,300,0.35203546783934153,0.36116976674661105,697429
declared,central,Sat,18,400,0.5568777880890303,0.5653872475240289,1103249
declared,central,Sat,19,100,0.039601422114170774,0.04874037455529042,78456
declared,central,Sat,19,200,0.1541614449792172,0.16434788730887923,305414
declared,central,Sat,19,300,0.3288056781743511,0.3382772898058076,651408
declared,central,Sat,19,400,0.5274462354217286,0.5378105410373155,1044941
declared,central,Sat,20,100,0.04025539950339274,0.049643920002873015,79751
declared,central,Sat,20,200,0.15674266816083307,0.16727948373333806,310528
declared,central,Sat,20,300,0.3328546149634183,0.34289703957098416,659429
declared,central,Sat,20,400,0.5297906509366668,0.5397982188641284,1049586
declared,central,Sat,21,100,0.039007284872641414,0.047698790200680484,77279
declared,central,Sat,21,200,0.1521110819295468,0.1620731999533286,301352
declared,central,Sat,21,300,0.322919162981477,0.33269595303656674,639746
declared,central,Sat,21,400,0.5169940332995179,0.5262032913787829,1024234
declared,central,Sat,22,100,0.03875564270116879,0.047745426768611834,76780
declared,central,Sat,22,200,0.15126988991518292,0.16165374354747583,299686
declared,central,Sat,22,300,0.32108616317039834,0.33036179258839293,636114
declared,central,Sat,22,400,0.5140969501112667,0.523849851557645,1018494
declared,central,Sat,23,100,0.038412374490889904,0.04735574088758311,76100
declared,central,Sat,23,200,0.15037897362306046,0.16072305247298194,297921
declared,central,Sat,23,300,0.3198634613393549,0.3293110093280647,633692
declared,central,Sat,23,400,0.512858474387946,0.5229043410450404,1016041
declared,central,Sun,0,100,0.03801800563462879,0.04684944906091748,75319
declared,central,Sun,0,200,0.1490213269615026,0.15947381824743614,295231
declared,central,Sun,0,300,0.3172997643227874,0.32714548381407527,628613
declared,central,Sun,0,400,0.5091151205939418,0.5196829537357247,1008625
declared,central,Sun,1,100,0.037628853422878764,0.046183992401587895,74548
declared,central,Sun,1,200,0.14823116849211873,0.15864378228130155,293666
declared,central,Sun,1,300,0.3166582792674346,0.32641663509707664,627342
declared,central,Sun,1,400,0.5084603348198243,0.5190340854670328,1007327
declared,central,Sun,2,100,0.03735172632029379,0.045816561344952135,73999
declared,central,Sun,2,200,0.1473945454253013,0.15773283838304264,292008
declared,central,Sun,2,300,0.3149757513364709,0.32459579435942054,624009
declared,central,Sun,2,400,0.5056303477559414,0.5161728545525406,1001721
declared,central,Sun,3,100,0.03735172632029379,0.045816561344952135,73999
declared,central,Sun,3,200,0.1473945454253013,0.15773283838304264,292008
declared,central,Sun,3,300,0.3149757513364709,0.32459579435942054,624009
declared,central,Sun,3,400,0.5056303477559414,0.5161728545525406,1001721
declared,central,Sun,4,100,0.0376820934210072,0.046413063299260426,74653
declared,central,Sun,4,200,0.14804431524806588,0.15849429053383252,293295
declared,central,Sun,4,300,0.3154343337156422,0.3251221469274846,624917
declared,central,Sun,4,400,0.506122039184445,0.5166892649269991,1002695
declared,central,Sun,5,100,0.0377342791967593,0.04647073476274933,74757
declared,central,Sun,5,200,0.14823685792068308,0.1586741040136513,293677
declared,central,Sun,5,300,0.3156700246044776,0.3254234140781518,625384
declared,central,Sun,5,400,0.5062603730722804,0.5167802832092739,1002969
declared,central,Sun,6,100,0.0377512767980086,0.04649197709825344,74790
declared,central,Sun,6,200,0.14832790187076555,0.15874728382140338,293857
declared,central,Sun,6,300,0.3157612231116406,0.32546426472335194,625565
declared,central,Sun,6,400,0.506261797167627,0.5167802832092739,1002972
declared,central,Sun,7,100,0.03823918733506567,0.04709828045592422,75757
declared,central,Sun,7,200,0.1500172011283229,0.1605449620989159,297204
declared,central,Sun,7,300,0.3205813481009961,0.3301911225958131,635114
declared,central,Sun,7,400,0.5150159365653895,0.5251580785035217,1020315
declared,central,Sun,8,100,0.03832147693720923,0.047409555308510806,75920
declared,central,Sun,8,200,0.1513581301315456,0.16161904682429137,299861
declared,central,Sun,8,300,0.3256809960709832,0.33488589706099303,645217
declared,central,Sun,8,400,0.5255954313965905,0.5352222713154317,1041274
declared,central,Sun,9,100,0.10406778028826132,0.12637921216720252,206172
declared,central,Sun,9,200,0.3442027877317046,0.3634298264901301,681911
declared,central,Sun,9,300,0.6200474256271468,0.6328303972798106,1228396
declared,central,Sun,9,400,0.8225645130926024,0.8297964082485738,1629609
declared,central,Sun,10,100,0.10505653438413394,0.127399257821074,208131
declared,central,Sun,10,200,0.34682625294352215,0.36595347227251174,687109
declared,central,Sun,10,300,0.6226759556264753,0.6359164729731074,1233604
declared,central,Sun,10,400,0.8251513502950747,0.8331670208571228,1634734
declared,central,Sun,11,100,0.10506241743702448,0.1273989386794344,208143
declared,central,Sun,11,200,0.3467107560190263,0.36580971923721156,686880
declared,central,Sun,11,300,0.6223980093878798,0.6356553525496796,1233053
declared,central,Sun,11,400,0.8251211946295545,0.833146135343124,1634675
declared,central,Sun,12,100,0.10400073225594125,0.12638659307028863,206039
declared,central,Sun,12,200,0.3446809033640116,0.3637955818161875,682859
declared,central,Sun,12,300,0.620211545502396,0.6330176065367086,1228721
declared,central,Sun,12,400,0.8224558747475211,0.8293980009041101,1629394
declared,central,Sun,13,100,0.10363220543598758,0.12591104562343855,205309
declared,central,Sun,13,200,0.34295288325893525,0.3621676952399036,679435
declared,central,Sun,13,300,0.6178949173931154,0.6310484036148106,1224132
declared,central,Sun,13,400,0.8211945588441422,0.8281765076846836,1626895
declared,central,Sun,14,100,0.10374766139065253,0.1259621111313698,205538
declared,central,Sun,14,200,0.3433510897080011,0.3623546896149535,680224
declared,central,Sun,14,300,0.6186354947686543,0.631419930307371,1225599
declared,central,Sun,14,400,0.8213661301126381,0.8284566313931231,1627235
declared,central,Sun,15,100,0.10374766139065253,0.1259621111313698,205538
declared,central,Sun,15,200,0.3433510897080011,0.3623546896149535,680224
declared,central,Sun,15,300,0.6186354947686543,0.631419930307371,1225599
declared,central,Sun,15,400,0.8213661301126381,0.8284566313931231,1627235
declared,central,Sun,16,100,0.10372092955822512,0.12593792273671253,205485
declared,central,Sun,16,200,0.3432648544729533,0.3622975170457636,680053
declared,central,Sun,16,300,0.6186354947686543,0.631419930307371,1225599
declared,central,Sun,16,400,0.8213661301126381,0.8284566313931231,1627235
declared,central,Sun,17,100,0.10366406227042556,0.12582322140023067,205372
declared,central,Sun,17,200,0.3432647599258023,0.3622975170457636,680053
declared,central,Sun,17,300,0.6186354947686543,0.631419930307371,1225599
declared,central,Sun,17,400,0.8213661301126381,0.8284566313931231,1627235
declared,central,Sun,18,100,0.03907683630142235,0.04816722340185347,77416
declared,central,Sun,18,200,0.15302629805876225,0.16323432254782863,303165
declared,central,Sun,18,300,0.32961618776798923,0.33774236858376594,653013
declared,central,Sun,18,400,0.5298020548075835,0.5382829883925878,1049608
declared,central,Sun,19,100,0.03821454439758803,0.04687558500993786,75708
declared,central,Sun,19,200,0.1491496994218461,0.1591954499155156,295485
declared,central,Sun,19,300,0.3207478423760435,0.3295477718529081,635444
declared,central,Sun,19,400,0.5175583850407709,0.5281088935180277,1025352
declared,central,Sun,20,100,0.038721300431596606,0.04758246537813845,76712
declared,central,Sun,20,200,0.15140129117892204,0.16141815607992913,299946
declared,central,Sun,20,300,0.32478989366372824,0.33388685952621916,643452
declared,central,Sun,20,400,0.5206781413658579,0.5306370718404394,1031532
declared,central,Sun,21,100,0.038020534887188304,0.04654192097880458,75324
declared,central,Sun,21,200,0.14890867601789817,0.15872287559048995,295008
declared,central,Sun,21,300,0.31979038481297606,0.32893203856542697,633547
declared,central,Sun,21,400,0.5145452803808124,0.523700554283547,1019382
declared,central,Sun,22,100,0.038023560097937815,0.04676353484703414,75330
declared,central,Sun,22,200,0.14899544945723672,0.1590431861564628,295180
declared,central,Sun,22,300,0.319360547345708,0.32854201404858663,632696
declared,central,Sun,22,400,0.5138367749186717,0.5236899304140737,1017979
declared,central,Sun,23,100,0.03795430176244191,0.04670002693699467,75193
declared,central,Sun,23,200,0.1487793984068989,0.15878121298710635,294752
declared,central,Sun,23,300,0.31876050738607503,0.32807518042149664,631507
declared,central,Sun,23,400,0.5127001330115569,0.5227917560043496,1015727
strict,central,Mon,0,100,0.027942833918870126,0.03389891141753061,55358
strict,central,Mon,0,200,0.11154190890017374,0.11964760038303496,220979
strict,central,Mon,0,300,0.24734581789331167,0.2544287150783322,490025
strict,central,Mon,0,400,0.4127227070035676,0.4226941310821693,817658
strict,central,Mon,1,100,0.027620542044416427,0.03330240946322231,54720
strict,central,Mon,1,200,0.11082556485514834,0.1188275094146366,219560
strict,central,Mon,1,300,0.24635319954704177,0.25340567151337856,488058
strict,central,Mon,1,400,0.4110108422739055,0.42079901167413675,814267
strict,central,Mon,2,100,0.02734341494183146,0.032934978406586546,54171
strict,central,Mon,2,200,0.10998894178833091,0.11791656551637768,217903
strict,central,Mon,2,300,0.244670671616078,0.25158483077572247,484725
strict,central,Mon,2,400,0.40818085521002245,0.4179377807596445,808660
strict,central,Mon,3,100,0.02734341494183146,0.032934978406586546,54171
strict,central,Mon,3,200,0.10998894178833091,0.11791656551637768,217903
strict,central,Mon,3,300,0.244670671616078,0.25158483077572247,484725
strict,central,Mon,3,400,0.40818085521002245,0.4179377807596445,808660
strict,central,Mon,4,100,0.027665706816285156,0.033531480360894844,54809
strict,central,Mon,4,200,0.11070528583335629,0.11873665648477606,219322
strict,central,Mon,4,300,0.24566328996234793,0.25260787434067616,486692
strict,central,Mon,4,400,0.4098927199396847,0.41983290016767705,812052
strict,central,Mon,5,100,0.027665706816285156,0.033531480360894844,54809
strict,central,Mon,5,200,0.11070528583335629,0.11873665648477606,219322
strict,central,Mon,5,300,0.24566328996234793,0.25260787434067616,486692
strict,central,Mon,5,400,0.4098927199396847,0.41983290016767705,812052
strict,central,Mon,6,100,0.02791087628977985,0.03370042285589939,55295
strict,central,Mon,6,200,0.11172812330148302,0.11962519636642117,221348
strict,central,Mon,6,300,0.24777757830332575,0.2550358603156319,490880
strict,central,Mon,6,400,0.41299774993376726,0.4234445200060026,818203
strict,central,Mon,7,100,0.030461889063943638,0.03652663200436691,60349
strict,central,Mon,7,200,0.12228807426796769,0.13093342866869806,242269
strict,central,Mon,7,300,0.26997826930441954,0.2781068509756556,534863
strict,central,Mon,7,400,0.44065813304204304,0.4511167546941741,873002
strict,central,Mon,8,100,0.03977193318891598,0.04850023568271061,78793
strict,central,Mon,8,200,0.15797477495547171,0.16898824436019855,312969
strict,central,Mon,8,300,0.3385080870030469,0.3495246420305145,670629
strict,central,Mon,8,400,0.5342805629725026,0.5482715791341088,1058481
strict,central,Mon,9,100,0.31727057051402835,0.3798370997928585,628555
strict,central,Mon,9,200,0.7656609981093897,0.7945761839298893,1516876
strict,central,Mon,9,300,0.9480202978575899,0.9525836705354549,1878154
strict,central,Mon,9,400,0.9879908716359209,0.9882275087830344,1957341
strict,central,Mon,10,100,0.3173231570923424,0.379865539792147,628659
strict,central,Mon,10,200,0.7656738312607521,0.7945922227417831,1516901
strict,central,Mon,10,300,0.9480341431659596,0.9525836705354549,1878181
strict,central,Mon,10,400,0.9879908716359209,0.9882275087830344,1957341
strict,central,Mon,11,100,0.3173231570923424,0.379865539792147,628659
strict,central,Mon,11,200,0.7656738312607521,0.7945922227417831,1516901
strict,central,Mon,11,300,0.9480341431659596,0.9525836705354549,1878181
strict,central,Mon,11,400,0.9879908716359209,0.9882275087830344,1957341
strict,central,Mon,12,100,0.3159232625806956,0.3781763550071178,625886
strict,central,Mon,12,200,0.7647585036111604,0.7940533826632625,1515088
strict,central,Mon,12,300,0.9475159826961271,0.9524340288843125,1877155
strict,central,Mon,12,400,0.9879001466775345,0.9882095730690985,1957161
strict,central,Mon,13,100,0.3158465633286271,0.37807344293779366,625734
strict,central,Mon,13,200,0.7641641112539189,0.7933540615574434,1513911
strict,central,Mon,13,300,0.9471489148346306,0.9521072695536397,1876428
strict,central,Mon,13,400,0.9878989444619831,0.9881513154511968,1957159
strict,central,Mon,14,100,0.3171746139224908,0.3795885540331295,628365
strict,central,Mon,14,200,0.7654141763572522,0.7944197229060747,1516387
strict,central,Mon,14,300,0.9480292575821074,0.9525698202394584,1878172
strict,central,Mon,14,400,0.9879908716359209,0.9882275087830344,1957341
strict,central,Mon,15,100,0.3170709165061717,0.3795145688967729,628160
strict,central,Mon,15,200,0.7650781031627745,0.7942347573395296,1515721
strict,central,Mon,15,300,0.9478629283307363,0.9525451585273395,1877842
strict,central,Mon,15,400,0.9879041435340707,0.98810420022244,1957169
strict,central,Mon,16,100,0.3163140675603733,0.3786115218160503,626660
strict,central,Mon,16,200,0.7640710427406849,0.7931971952439953,1513726
strict,central,Mon,16,300,0.9476715668591299,0.9524182644761308,1877463
strict,central,Mon,16,400,0.987833418517936,0.9880884196626022,1957029
strict,central,Mon,17,100,0.31393226511254185,0.3761388525654909,621941
strict,central,Mon,17,200,0.7615070009108885,0.7909483822985331,1508646
strict,central,Mon,17,300,0.9470915148145358,0.9515784995100022,1876314
strict,central,Mon,17,400,0.9878322094290363,0.9880733366146398,1957027
strict,central,Mon,18,100,0.03552816152207184,0.043080375956333045,70386
strict,central,Mon,18,200,0.14097323888694935,0.15018370456271152,279287
strict,central,Mon,18,300,0.30477206994454403,0.3135545306428106,603794
strict,central,Mon,18,400,0.4895398462556447,0.5002969710410767,969843
strict,central,Mon,19,100,0.0319213397974851,0.03833485235771772,63240
strict,central,Mon,19,200,0.12647690068642858,0.13424132849748105,250568
strict,central,Mon,19,300,0.27670084132838507,0.28423801256299125,548181
strict,central,Mon,19,400,0.45307888885147846,0.46355195463764887,897609
strict,central,Mon,20,100,0.030418685975988572,0.03674264407574942,60263
strict,central,Mon,20,200,0.12174729766800794,0.13011108172870453,241198
strict,central,Mon,20,300,0.2690144167394158,0.2764529237555072,532953
strict,central,Mon,20,400,0.4413880740924614,0.4509689568187449,874448
strict,central,Mon,21,100,0.029427263565244336,0.03537257021005947,58299
strict,central,Mon,21,200,0.11795542866374392,0.12619952794168174,233685
strict,central,Mon,21,300,0.26056559915396277,0.2683348283184673,516215
strict,central,Mon,21,400,0.4312673671869068,0.4408396037365775,854398
strict,central,Mon,22,100,0.028440536909711024,0.03438647333848702,56344
strict,central,Mon,22,200,0.11403280817359406,0.122221822940413,225914
strict,central,Mon,22,300,0.25193926884275886,0.2586381041553494,499125
strict,central,Mon,22,400,0.4178412605262768,0.42702685461771,827799
strict,central,Mon,23,100,0.028090983678584553,0.03407463451797963,55652
strict,central,Mon,23,200,0.11250110843124952,0.12080376404849856,222880
strict,central,Mon,23,300,0.2489475833402086,0.2559243295995606,493198
strict,central,Mon,23,400,0.41361991063918657,0.42307120845408996,819436
strict,central,Tue,0,100,0.027899009097059512,0.03383744895927723,55272
strict,central,Tue,0,200,0.111780532942764,0.12021173141529674,221452
strict,central,Tue,0,300,0.24729133953435883,0.2546648673704359,489917
strict,central,Tue,0,400,0.4107711319153966,0.4207242079369649,813792
strict,central,Tue,1,100,0.027576717222605813,0.033240947004968935,54633
strict,central,Tue,1,200,0.11106418889773861,0.11939164044689837,220033
strict,central,Tue,1,300,0.24663702925737344,0.2539661454204029,488621
strict,central,Tue,1,400,0.41007574708763267,0.4198393268219882,812414
strict,central,Tue,2,100,0.027576717222605813,0.033240947004968935,54633
strict,central,Tue,2,200,0.11106418889773861,0.11939164044689837,220033
strict,central,Tue,2,300,0.24663702925737344,0.2539661454204029,488621
strict,central,Tue,2,400,0.41007574708763267,0.4198393268219882,812414
strict,central,Tue,3,100,0.027576717222605813,0.033240947004968935,54633
strict,central,Tue,3,200,0.11106418889773861,0.11939164044689837,220033
strict,central,Tue,3,300,0.24663702925737344,0.2539661454204029,488621
strict,central,Tue,3,400,0.41007574708763267,0.4198393268219882,812414
strict,central,Tue,4,100,0.027899009097059512,0.03383744895927723,55272
strict,central,Tue,4,200,0.111780532942764,0.12021173141529674,221452
strict,central,Tue,4,300,0.24729133953435883,0.2546648673704359,489917
strict,central,Tue,4,400,0.4107711319153966,0.4207242079369649,813792
strict,central,Tue,5,100,0.027899009097059512,0.03383744895927723,55272
strict,central,Tue,5,200,0.111780532942764,0.12021173141529674,221452
strict,central,Tue,5,300,0.24729133953435883,0.2546648673704359,489917
strict,central,Tue,5,400,0.4107711319153966,0.4207242079369649,813792
strict,central,Tue,6,100,0.028144178570554203,0.03400639145428178,55757
strict,central,Tue,6,200,0.11280337041089075,0.12110027129694187,223478
strict,central,Tue,6,300,0.24940562787533663,0.2570928533453917,494106
strict,central,Tue,6,400,0.4138761619094791,0.42433582777529055,819944
strict,central,Tue,7,100,0.03069519134471799,0.03683260060274931,60811
strict,central,Tue,7,200,0.12336332137737542,0.13240850359921874,244399
strict,central,Tue,7,300,0.2716063188764304,0.28016384400541533,538088
strict,central,Tue,7,400,0.4415044048921448,0.45200806246346203,874679
strict,central,Tue,8,100,0.04010035947812789,0.04922504046596607,79444
strict,central,Tue,8,200,0.15962636012940298,0.17050492686471594,316241
strict,central,Tue,8,300,0.34161817523758586,0.3527006581594448,676791
strict,central,Tue,8,400,0.5386144918852123,0.5517948090823375,1067067
strict,central,Tue,9,100,0.3179071512922575,0.3805921915646647,629816
strict,central,Tue,9,200,0.7664223432579623,0.7946953699528999,1518384
strict,central,Tue,9,300,0.9490755905098608,0.9533255453130552,1880245
strict,central,Tue,9,400,0.9888965095193796,0.9890842523930754,1959135
strict,central,Tue,10,100,0.31806383123991827,0.3807066436917648,630127
strict,central,Tue,10,200,0.7664476525411626,0.7947173523002244,1518435
strict,central,Tue,10,300,0.9490894358182302,0.9533255453130552,1880272
strict,central,Tue,10,400,0.9888965095193796,0.9890842523930754,1959135
strict,central,Tue,11,100,0.31806383123991827,0.3807066436917648,630127
strict,central,Tue,11,200,0.7664476525411626,0.7947173523002244,1518435
strict,central,Tue,11,300,0.9490894358182302,0.9533255453130552,1880272
strict,central,Tue,11,400,0.9888965095193796,0.9890842523930754,1959135
strict,central,Tue,12,100,0.3159342569630187,0.37784677426923685,625908
strict,central,Tue,12,200,0.765040783860051,0.7937573204232362,1515647
strict,central,Tue,12,300,0.9485553776004587,0.9531759036619128,1879214
strict,central,Tue,12,400,0.988805784560993,0.9890663166791394,1958955
strict,central,Tue,13,100,0.31599345979112126,0.37785445279925317,626025
strict,central,Tue,13,200,0.7644590992088248,0.7930721356766905,1514495
strict,central,Tue,13,300,0.9481883097389624,0.95284914433124,1878487
strict,central,Tue,13,400,0.9888045823454417,0.9890080590612376,1958953
strict,central,Tue,14,100,0.3173215103849849,0.3793695638945891,628656
strict,central,Tue,14,200,0.765709164312158,0.794137797025322,1516971
strict,central,Tue,14,300,0.949068652486439,0.9533116950170587,1880231
strict,central,Tue,14,400,0.9888965095193796,0.9890842523930754,1959135
strict,central,Tue,15,100,0.31724962167949006,0.37932015722976115,628514
strict,central,Tue,15,200,0.7653733226918573,0.7939610242826199,1516306
strict,central,Tue,15,300,0.9489023232350678,0.9532870333049397,1879901
strict,central,Tue,15,400,0.9888097814175293,0.988960943832481,1958963
strict,central,Tue,16,100,0.31649277273369164,0.3784171101490386,627014
strict,central,Tue,16,200,0.764366262269768,0.7929234621870853,1514311
strict,central,Tue,16,300,0.9487109617634616,0.9531601392537309,1879522
strict,central,Tue,16,400,0.9887390564013946,0.9889451632726431,1958823
strict,central,Tue,17,100,0.31407916157503596,0.37591986242695047,622232
strict,central,Tue,17,200,0.7618019888657942,0.7906664564177802,1509231
strict,central,Tue,17,300,0.9481037727248709,0.9523203742876024,1878319
strict,central,Tue,17,400,0.9887378473124949,0.9889300802246807,1958821
strict,central,Tue,18,100,0.036134049693307135,0.044099658387888006,71586
strict,central,Tue,18,200,0.14372483989917728,0.1528279572275698,284738
strict,central,Tue,18,300,0.3108463630145518,0.3189691450637473,615828
strict,central,Tue,18,400,0.4979446622114863,0.5064417790273774,986494
strict,central,Tue,19,100,0.0319213397974851,0.03833485235771772,63240
strict,central,Tue,19,200,0.12651372255426288,0.1343016860976493,250640
strict,central,Tue,19,300,0.2772634172095337,0.2847768787823141,549296
strict,central,Tue,19,400,0.45391001120230473,0.46430845562262163,899256
strict,central,Tue,20,100,0.030418685975988572,0.03674264407574942,60263
strict,central,Tue,20,200,0.1217841195358422,0.1301714393288728,241271
strict,central,Tue,20,300,0.2695769926205644,0.27699178997483,534068
strict,central,Tue,20,400,0.44221919644328767,0.4517254578037177,876095
strict,central,Tue,21,100,0.029427263565244336,0.03537257021005947,58299
strict,central,Tue,21,200,0.11799225053157816,0.12625988554184997,233758
strict,central,Tue,21,300,0.26112817503511143,0.2688736945377901,517330
strict,central,Tue,21,400,0.43209848953773305,0.44159610472155025,856044
strict,central,Tue,22,100,0.028440536909711024,0.03438647333848702,56344
strict,central,Tue,22,200,0.11406963004142831,0.12228218054058126,225987
strict,central,Tue,22,300,0.2525018447239075,0.2591769703746722,500240
strict,central,Tue,22,400,0.41867238287710307,0.42778335560268277,829446
strict,central,Tue,23,100,0.028090983678584553,0.03407463451797963,55652
strict,central,Tue,23,200,0.11253793029908378,0.1208641216486668,222953
strict,central,Tue,23,300,0.24951015922135725,0.2564631958188833,494313
strict,central,Tue,23,400,0.41445103299001285,0.4238277094390628,821082
strict,central,Wed,0,100,0.027899009097059512,0.03383744895927723,55272
strict,central,Wed,0,200,0.111780532942764,0.12021173141529674,221452
strict,central,Wed,0,300,0.24729133953435883,0.2546648673704359,489917
strict,central,Wed,0,400,0.4107711319153966,0.4207242079369649,813792
strict,central,Wed,1,100,0.027576717222605813,0.033240947004968935,54633
strict,central,Wed,1,200,0.11106418889773861,0.11939164044689837,220033
strict,central,Wed,1,300,0.24663702925737344,0.2539661454204029,488621
strict,central,Wed,1,400,0.41007574708763267,0.4198393268219882,812414
strict,central,Wed,2,100,0.027576717222605813,0.033240947004968935,54633
strict,central,Wed,2,200,0.11106418889773861,0.11939164044689837,220033
strict,central,Wed,2,300,0.24663702925737344,0.2539661454204029,488621
strict,central,Wed,2,400,0.41007574708763267,0.4198393268219882,812414
strict,central,Wed,3,100,0.027576717222605813,0.033240947004968935,54633
strict,central,Wed,3,200,0.11106418889773861,0.11939164044689837,220033
strict,central,Wed,3,300,0.24663702925737344,0.2539661454204029,488621
strict,central,Wed,3,400,0.41007574708763267,0.4198393268219882,812414
strict,central,Wed,4,100,0.027899009097059512,0.03383744895927723,55272
strict,central,Wed,4,200,0.111780532942764,0.12021173141529674,221452
strict,central,Wed,4,300,0.24729133953435883,0.2546648673704359,489917
strict,central,Wed,4,400,0.4107711319153966,0.4207242079369649,813792
strict,central,Wed,5,100,0.027899009097059512,0.03383744895927723,55272
strict,central,Wed,5,200,0.111780532942764,0.12021173141529674,221452
strict,central,Wed,5,300,0.24729133953435883,0.2546648673704359,489917
strict,central,Wed,5,400,0.4107711319153966,0.4207242079369649,813792
strict,central,Wed,6,100,0.028144178570554203,0.03400639145428178,55757
strict,central,Wed,6,200,0.11280337041089075,0.12110027129694187,223478
strict,central,Wed,6,300,0.24940562787533663,0.2570928533453917,494106
strict,central,Wed,6,400,0.4138761619094791,0.42433582777529055,819944
strict,central,Wed,7,100,0.030636510554108456,0.03675696235922752,60695
strict,central,Wed,7,200,0.12273109157323994,0.13189636703026839,243147
strict,central,Wed,7,300,0.2706296236048604,0.27941794405097636,536153
strict,central,Wed,7,400,0.44095358035708443,0.4511446498676341,873588
strict,central,Wed,8,100,0.040022098848837846,0.04912427123984465,79289
strict,central,Wed,8,200,0.1589909882571124,0.16999279029576558,314982
strict,central,Wed,8,300,0.34066565789252545,0.3519547582050058,674904
strict,central,Wed,8,400,0.5381169415843966,0.551129250023904,1066081
strict,central,Wed,9,100,0.3169343975370354,0.37948303791535565,627889
strict,central,Wed,9,200,0.764230074432641,0.7921726013014115,1514041
strict,central,Wed,9,300,0.9488802706595146,0.9533788921082692,1879858
strict,central,Wed,9,400,0.9888492630485232,0.9890674238709259,1959042
strict,central,Wed,10,100,0.3170910774846962,0.3795974900424558,628200
strict,central,Wed,10,200,0.7642553837158413,0.7921945836487361,1514091
strict,central,Wed,10,300,0.9488941159678842,0.9533788921082692,1879885
strict,central,Wed,10,400,0.9888492630485232,0.9890674238709259,1959042
strict,central,Wed,11,100,0.3170910774846962,0.3795974900424558,628200
strict,central,Wed,11,200,0.7642553837158413,0.7921945836487361,1514091
strict,central,Wed,11,300,0.9488941159678842,0.9533788921082692,1879885
strict,central,Wed,11,400,0.9888492630485232,0.9890674238709259,1959042
strict,central,Wed,12,100,0.3155870896037027,0.37782229312961496,625220
strict,central,Wed,12,200,0.7633275799344115,0.7916498000347849,1512253
strict,central,Wed,12,300,0.948375955498052,0.9532292504571267,1878859
strict,central,Wed,12,400,0.9887585380901366,0.9890494881569898,1958862
strict,central,Wed,13,100,0.31560395701729277,0.3777273235595296,625253
strict,central,Wed,13,200,0.7627115030332945,0.7909646152882394,1511033
strict,central,Wed,13,300,0.9480088876365556,0.952902491126454,1878131
strict,central,Wed,13,400,0.9887573358745853,0.9889912305390881,1958859
strict,central,Wed,14,100,0.3171958590450059,0.3795810856468893,628407
strict,central,Wed,14,200,0.7647729582294535,0.7929709628473018,1515117
strict,central,Wed,14,300,0.9490303212835672,0.9533788921082692,1880155
strict,central,Wed,14,400,0.9888787377738559,0.9890842523930754,1959100
strict,central,Wed,15,100,0.3172519546001544,0.379788720449627,628518
strict,central,Wed,15,200,0.7646948819353633,0.7929503042926224,1514962
strict,central,Wed,15,300,0.9488688776160482,0.953368080692147,1879835
strict,central,Wed,15,400,0.9887920096720058,0.988960943832481,1958928
strict,central,Wed,16,100,0.31649510565435596,0.3788856733689045,627019
strict,central,Wed,16,200,0.7636878215132737,0.7919127421970877,1512967
strict,central,Wed,16,300,0.9486775161444418,0.953241186640938,1879456
strict,central,Wed,16,400,0.988721284655871,0.9889451632726431,1958788
strict,central,Wed,17,100,0.31411330320652453,0.37641300411834516,622300
strict,central,Wed,17,200,0.7611237796834773,0.7896639292516258,1507887
strict,central,Wed,17,300,0.9480974640998479,0.9524014216748096,1878307
strict,central,Wed,17,400,0.9887200755669714,0.9889300802246807,1958786
strict,central,Wed,18,100,0.03685104315146851,0.04496718979761085,73007
strict,central,Wed,18,200,0.1467808028241108,0.15617147519059688,290792
strict,central,Wed,18,300,0.3162169820197251,0.32414783391327906,626468
strict,central,Wed,18,400,0.5046745309170388,0.5135353383807364,999827
strict,central,Wed,19,100,0.032638333255646475,0.039202383767440556,64661
strict,central,Wed,19,200,0.12956968547919634,0.13764520406067632,256695
strict,central,Wed,19,300,0.2826340362147069,0.2899555676318459,559936
strict,central,Wed,19,400,0.46063987990785726,0.4714020149759806,912589
strict,central,Wed,20,100,0.030695813078573542,0.03711007513238519,60812
strict,central,Wed,20,200,0.12262074260265966,0.1310823832271317,242928
strict,central,Wed,20,300,0.2712595205515282,0.278812630712486,537401
strict,central,Wed,20,400,0.4450491835071706,0.45458668871820995,881701
strict,central,Wed,21,100,0.0297043906678293,0.03574000126669524,58848
strict,central,Wed,21,200,0.11882887359839563,0.12717082944010888,235416
strict,central,Wed,21,300,0.26281070296607517,0.2706945352754461,520663
strict,central,Wed,21,400,0.43492847660161604,0.44445733563604256,861651
strict,central,Wed,22,100,0.028717664012295994,0.03475390439512279,56894
strict,central,Wed,22,200,0.11490625310824577,0.12319312443884016,227645
strict,central,Wed,22,300,0.2541843726548713,0.2609978111123283,503573
strict,central,Wed,22,400,0.42150236994098605,0.43064458651717497,835052
strict,central,Wed,23,100,0.028368110781169527,0.03444206557461539,56201
strict,central,Wed,23,200,0.11337455336590126,0.1217750655469257,224610
strict,central,Wed,23,300,0.251192687152321,0.2582840365565394,497646
strict,central,Wed,23,400,0.4172810200538958,0.42668894035355504,826689
strict,central,Thu,0,100,0.02817613619964448,0.03420488001591301,55821
strict,central,Thu,0,200,0.11261715600958146,0.12112267531355565,223110
strict,central,Thu,0,300,0.2489738674653226,0.256485708108092,493250
strict,central,Thu,0,400,0.41360111897927965,0.4235854388514572,819399
strict,central,Thu,1,100,0.02785384432519078,0.03360837806160471,55182
strict,central,Thu,1,200,0.11190081196455606,0.1203025843451573,221690
strict,central,Thu,1,300,0.2483195571883372,0.25578698615805895,491954
strict,central,Thu,1,400,0.4129057341515157,0.42270055773648046,818021
strict,central,Thu,2,100,0.027576717222605813,0.033240947004968935,54633
strict,central,Thu,2,200,0.11106418889773861,0.11939164044689837,220033
strict,central,Thu,2,300,0.24663702925737344,0.2539661454204029,488621
strict,central,Thu,2,400,0.41007574708763267,0.4198393268219882,812414
strict,central,Thu,3,100,0.027576717222605813,0.033240947004968935,54633
strict,central,Thu,3,200,0.11106418889773861,0.11939164044689837,220033
strict,central,Thu,3,300,0.24663702925737344,0.2539661454204029,488621
strict,central,Thu,3,400,0.41007574708763267,0.4198393268219882,812414
strict,central,Thu,4,100,0.027899009097059512,0.03383744895927723,55272
strict,central,Thu,4,200,0.111780532942764,0.12021173141529674,221452
strict,central,Thu,4,300,0.24729133953435883,0.2546648673704359,489917
strict,central,Thu,4,400,0.4107711319153966,0.4207242079369649,813792
strict,central,Thu,5,100,0.027899009097059512,0.03383744895927723,55272
strict,central,Thu,5,200,0.111780532942764,0.12021173141529674,221452
strict,central,Thu,5,300,0.24729133953435883,0.2546648673704359,489917
strict,central,Thu,5,400,0.4107711319153966,0.4207242079369649,813792
strict,central,Thu,6,100,0.028144178570554203,0.03400639145428178,55757
strict,central,Thu,6,200,0.11280337041089075,0.12110027129694187,223478
strict,central,Thu,6,300,0.24940562787533663,0.2570928533453917,494106
strict,central,Thu,6,400,0.4138761619094791,0.42433582777529055,819944
strict,central,Thu,7,100,0.030972318447302954,0.037200031659385076,61360
strict,central,Thu,7,200,0.12419994444419287,0.13331944749747765,246057
strict,central,Thu,7,300,0.27328884680739424,0.28198468474307137,541421
strict,central,Thu,7,400,0.44433439195602786,0.4548692933779543,880285
strict,central,Thu,8,100,0.040377486580712864,0.04959247152260184,79993
strict,central,Thu,8,200,0.1604629831962205,0.17141587076297482,317898
strict,central,Thu,8,300,0.34330070316854966,0.35452149889710083,680124
strict,central,Thu,8,400,0.5412393448398123,0.5544748563824466,1072267
strict,central,Thu,9,100,0.31784456834225444,0.3807713829752787,629692
strict,central,Thu,9,200,0.7664238408185144,0.7952492644640065,1518387
strict,central,Thu,9,300,0.9491426840489978,0.9536165153465521,1880378
strict,central,Thu,9,400,0.9888886182696414,0.9890842523930754,1959120
strict,central,Thu,10,100,0.31800124828991533,0.38088583510237883,630003
strict,central,Thu,10,200,0.7664491501017148,0.795271246811331,1518437
strict,central,Thu,10,300,0.9491565293573675,0.9536165153465521,1880405
strict,central,Thu,10,400,0.9888886182696414,0.9890842523930754,1959120
strict,central,Thu,11,100,0.31800124828991533,0.38088583510237883,630003
strict,central,Thu,11,200,0.7664491501017148,0.795271246811331,1518437
strict,central,Thu,11,300,0.9491565293573675,0.9536165153465521,1880405
strict,central,Thu,11,400,0.9888886182696414,0.9890842523930754,1959120
strict,central,Thu,12,100,0.3164972604089218,0.379110638189538,627023
strict,central,Thu,12,200,0.7655182975450437,0.7947264631973797,1516593
strict,central,Thu,12,300,0.948638368887535,0.9534668736954097,1879378
strict,central,Thu,12,400,0.9887978933112549,0.9890663166791394,1958940
strict,central,Thu,13,100,0.31655646323702435,0.3791183167195543,627140
strict,central,Thu,13,200,0.7649396616690588,0.7940412784508343,1515447
strict,central,Thu,13,300,0.9482713010260388,0.953140114364737,1878651
strict,central,Thu,13,400,0.9887966910957036,0.9890080590612376,1958937
strict,central,Thu,14,100,0.31788451383088795,0.38063342781489024,629771
strict,central,Thu,14,200,0.766189726772392,0.7951069397994656,1517924
strict,central,Thu,14,300,0.9491516437735154,0.9536026650505555,1880395
strict,central,Thu,14,400,0.9888886182696414,0.9890842523930754,1959120
strict,central,Thu,15,100,0.3177808164145689,0.3805594426785336,629566
strict,central,Thu,15,200,0.7658536535779142,0.7949219742329207,1517258
strict,central,Thu,15,300,0.9489853145221442,0.9535780033384366,1880066
strict,central,Thu,15,400,0.9888018901677911,0.988960943832481,1958948
strict,central,Thu,16,100,0.31702396746877043,0.379656395597811,628067
strict,central,Thu,16,200,0.7648296861026948,0.7938844121373859,1515229
strict,central,Thu,16,300,0.9487939530505379,0.9534511092872279,1879687
strict,central,Thu,16,400,0.9887311651516565,0.9889451632726431,1958808
strict,central,Thu,17,100,0.31464216502093906,0.3771837263472517,623348
strict,central,Thu,17,200,0.7622656442728983,0.7916355991919238,1510149
strict,central,Thu,17,300,0.9482139010059437,0.9526113443210994,1878538
strict,central,Thu,17,400,0.9887299560627567,0.9889300802246807,1958805
strict,central,Thu,18,100,0.03651826799830235,0.04460046465126586,72348
strict,central,Thu,18,200,0.1448571526068193,0.15407829911150467,286981
strict,central,Thu,18,300,0.31283049929422924,0.321133075640358,619759
strict,central,Thu,18,400,0.5007889002508009,0.5093099250499823,992129
strict,central,Thu,19,100,0.03219846690007006,0.03870228341435348,63789
strict,central,Thu,19,200,0.1273503456210803,0.1352126299959082,252298
strict,central,Thu,19,300,0.2789459451404974,0.2865977195199701,552629
strict,central,Thu,19,400,0.45673999826618766,0.46716968653711394,904863
strict,central,Thu,20,100,0.030695813078573542,0.03711007513238519,60812
strict,central,Thu,20,200,0.12262074260265966,0.1310823832271317,242928
strict,central,Thu,20,300,0.2712595205515282,0.278812630712486,537401
strict,central,Thu,20,400,0.4450491835071706,0.45458668871820995,881701
strict,central,Thu,21,100,0.0297043906678293,0.03574000126669524,58848
strict,central,Thu,21,200,0.11882887359839563,0.12717082944010888,235416
strict,central,Thu,21,300,0.26281070296607517,0.2706945352754461,520663
strict,central,Thu,21,400,0.43492847660161604,0.44445733563604256,861651
strict,central,Thu,22,100,0.028717664012295994,0.03475390439512279,56894
strict,central,Thu,22,200,0.11490625310824577,0.12319312443884016,227645
strict,central,Thu,22,300,0.2541843726548713,0.2609978111123283,503573
strict,central,Thu,22,400,0.42150236994098605,0.43064458651717497,835052
strict,central,Thu,23,100,0.028368110781169527,0.03444206557461539,56201
strict,central,Thu,23,200,0.11337455336590126,0.1217750655469257,224610
strict,central,Thu,23,300,0.251192687152321,0.2582840365565394,497646
strict,central,Thu,23,400,0.4172810200538958,0.42668894035355504,826689
strict,central,Fri,0,100,0.02817613619964448,0.03420488001591301,55821
strict,central,Fri,0,200,0.11261715600958146,0.12112267531355565,223110
strict,central,Fri,0,300,0.2489738674653226,0.256485708108092,493250
strict,central,Fri,0,400,0.41360111897927965,0.4235854388514572,819399
strict,central,Fri,1,100,0.02785384432519078,0.03360837806160471,55182
strict,central,Fri,1,200,0.11190081196455606,0.1203025843451573,221690
strict,central,Fri,1,300,0.2483195571883372,0.25578698615805895,491954
strict,central,Fri,1,400,0.4129057341515157,0.42270055773648046,818021
strict,central,Fri,2,100,0.027576717222605813,0.033240947004968935,54633
strict,central,Fri,2,200,0.11106418889773861,0.11939164044689837,220033
strict,central,Fri,2,300,0.24663702925737344,0.2539661454204029,488621
strict,central,Fri,2,400,0.41007574708763267,0.4198393268219882,812414
strict,central,Fri,3,100,0.027576717222605813,0.033240947004968935,54633
strict,central,Fri,3,200,0.11106418889773861,0.11939164044689837,220033
strict,central,Fri,3,300,0.24663702925737344,0.2539661454204029,488621
strict,central,Fri,3,400,0.41007574708763267,0.4198393268219882,812414
strict,central,Fri,4,100,0.027899009097059512,0.03383744895927723,55272
strict,central,Fri,4,200,0.111780532942764,0.12021173141529674,221452
strict,central,Fri,4,300,0.24729133953435883,0.2546648673704359,489917
strict,central,Fri,4,400,0.4107711319153966,0.4207242079369649,813792
strict,central,Fri,5,100,0.027899009097059512,0.03383744895927723,55272
strict,central,Fri,5,200,0.111780532942764,0.12021173141529674,221452
strict,central,Fri,5,300,0.24729133953435883,0.2546648673704359,489917
strict,central,Fri,5,400,0.4107711319153966,0.4207242079369649,813792
strict,central,Fri,6,100,0.028144178570554203,0.03400639145428178,55757
strict,central,Fri,6,200,0.11280337041089075,0.12110027129694187,223478
strict,central,Fri,6,300,0.24940562787533663,0.2570928533453917,494106
strict,central,Fri,6,400,0.4138761619094791,0.42433582777529055,819944
strict,central,Fri,7,100,0.030972318447302954,0.037200031659385076,61360
strict,central,Fri,7,200,0.12419994444419287,0.13331944749747765,246057
strict,central,Fri,7,300,0.27328884680739424,0.28198468474307137,541421
strict,central,Fri,7,400,0.44433439195602786,0.4548692933779543,880285
strict,central,Fri,8,100,0.040377486580712864,0.04959247152260184,79993
strict,central,Fri,8,200,0.1604629831962205,0.17141587076297482,317898
strict,central,Fri,8,300,0.34330070316854966,0.35452149889710083,680124
strict,central,Fri,8,400,0.5412393448398123,0.5544748563824466,1072267
strict,central,Fri,9,100,0.3181732305842987,0.3811381354282457,630343
strict,central,Fri,9,200,0.7662068024164942,0.7948768894500086,1517957
strict,central,Fri,9,300,0.9487387193268229,0.953297375490049,1879577
strict,central,Fri,9,400,0.9888433540164604,0.9890842523930754,1959030
strict,central,Fri,10,100,0.3183299105319596,0.3812525875553458,630654
strict,central,Fri,10,200,0.7662321116996945,0.7948988717973332,1518007
strict,central,Fri,10,300,0.9487525646351925,0.953297375490049,1879605
strict,central,Fri,10,400,0.9888433540164604,0.9890842523930754,1959030
strict,central,Fri,11,100,0.3183299105319596,0.3812525875553458,630654
strict,central,Fri,11,200,0.7662321116996945,0.7948988717973332,1518007
strict,central,Fri,11,300,0.9487525646351925,0.953297375490049,1879605
strict,central,Fri,11,400,0.9888433540164604,0.9890842523930754,1959030
strict,central,Fri,12,100,0.31676993379819646,0.3794113180223929,627563
strict,central,Fri,12,200,0.7652758152426737,0.7943540881833818,1516113
strict,central,Fri,12,300,0.9482344041653601,0.9531477338389065,1878578
strict,central,Fri,12,400,0.9887526290580739,0.9890663166791394,1958850
strict,central,Fri,13,100,0.31680581879996333,0.3794001408714481,627634
strict,central,Fri,13,200,0.7646941305914476,0.7936689034368364,1514961
strict,central,Fri,13,300,0.9478673363038639,0.9528209745082337,1877851
strict,central,Fri,13,400,0.9887514268425224,0.9890080590612376,1958848
strict,central,Fri,14,100,0.31796215492322066,0.380751934164496,629925
strict,central,Fri,14,200,0.7659436246435322,0.7947345647854678,1517436
strict,central,Fri,14,300,0.9487476790513404,0.9532835251940524,1879595
strict,central,Fri,14,400,0.9888433540164604,0.9890842523930754,1959030
strict,central,Fri,15,100,0.3178584575069016,0.38067794902813934,629720
strict,central,Fri,15,200,0.7656075514490543,0.7945495992189228,1516770
strict,central,Fri,15,300,0.9485813497999692,0.9532588634819334,1879266
strict,central,Fri,15,400,0.9887566259146102,0.988960943832481,1958858
strict,central,Fri,16,100,0.31702214015859154,0.37977863009021023,628063
strict,central,Fri,16,200,0.7645976350183655,0.7935120371233881,1514769
strict,central,Fri,16,300,0.9483899883283629,0.9531319694307248,1878886
strict,central,Fri,16,400,0.9886859008984755,0.9889451632726431,1958718
strict,central,Fri,17,100,0.3145273395360871,0.37711463761740954,623120
strict,central,Fri,17,200,0.7611882633657016,0.7901157505809654,1508015
strict,central,Fri,17,300,0.9476719767733435,0.9522748637463049,1877464
strict,central,Fri,17,400,0.988655217084243,0.9889132517025312,1958657
strict,central,Fri,18,100,0.03644350066605943,0.04449166791605257,72199
strict,central,Fri,18,200,0.14482558655122818,0.1541648482871684,286919
strict,central,Fri,18,300,0.31327469942137837,0.32173315104435013,620639
strict,central,Fri,18,400,0.5018647726198069,0.5102637081615937,994261
strict,central,Fri,19,100,0.03223079077023738,0.03872686188588228,63853
strict,central,Fri,19,200,0.12761446920631375,0.13563857715724786,252821
strict,central,Fri,19,300,0.27969175361636023,0.28754088476291684,554106
strict,central,Fri,19,400,0.4578624033526348,0.4681474145281376,907086
strict,central,Fri,20,100,0.030695813078573542,0.03711007513238519,60812
strict,central,Fri,20,200,0.12262074260265966,0.1310823832271317,242928
strict,central,Fri,20,300,0.2712595205515282,0.278812630712486,537401
strict,central,Fri,20,400,0.4450491835071706,0.45458668871820995,881701
strict,central,Fri,21,100,0.0297043906678293,0.03574000126669524,58848
strict,central,Fri,21,200,0.11882887359839563,0.12717082944010888,235416
strict,central,Fri,21,300,0.26281070296607517,0.2706945352754461,520663
strict,central,Fri,21,400,0.43492847660161604,0.44445733563604256,861651
strict,central,Fri,22,100,0.028717664012295994,0.03475390439512279,56894
strict,central,Fri,22,200,0.11490625310824577,0.12319312443884016,227645
strict,central,Fri,22,300,0.2541843726548713,0.2609978111123283,503573
strict,central,Fri,22,400,0.42150236994098605,0.43064458651717497,835052
strict,central,Fri,23,100,0.028368110781169527,0.03444206557461539,56201
strict,central,Fri,23,200,0.11337455336590126,0.1217750655469257,224610
strict,central,Fri,23,300,0.251192687152321,0.2582840365565394,497646
strict,central,Fri,23,400,0.4172810200538958,0.42668894035355504,826689
strict,central,Sat,0,100,0.027118521260009954,0.03310192455880795,53725
strict,central,Sat,0,200,0.1086377915593875,0.11741709097095925,215226
strict,central,Sat,0,300,0.23975588913461426,0.24695185768627503,474988
strict,central,Sat,0,400,0.4003887515686318,0.4090659603518305,793223
strict,central,Sat,1,100,0.02679622938555625,0.03250542260449965,53087
strict,central,Sat,1,200,0.10792144751436214,0.1165970000025609,213807
strict,central,Sat,1,300,0.23910157885762892,0.246253135736242,473692
strict,central,Sat,1,400,0.39969336674086786,0.40818107923685376,791846
strict,central,Sat,2,100,0.026519102282971285,0.03213799154786388,52538
strict,central,Sat,2,200,0.10708482444754468,0.11568605610430198,212149
strict,central,Sat,2,300,0.23741905092666513,0.24443229499858593,470359
strict,central,Sat,2,400,0.39686337967698493,0.40531984832236145,786239
strict,central,Sat,3,100,0.026519102282971285,0.03213799154786388,52538
strict,central,Sat,3,200,0.10708482444754468,0.11568605610430198,212149
strict,central,Sat,3,300,0.23741905092666513,0.24443229499858593,470359
strict,central,Sat,3,400,0.39686337967698493,0.40531984832236145,786239
strict,central,Sat,4,100,0.02684139415742498,0.032734493502172175,53176
strict,central,Sat,4,200,0.10780116849257006,0.11650614707270036,213568
strict,central,Sat,4,300,0.23807336120365047,0.24513101694861897,471655
strict,central,Sat,4,400,0.3975587645047488,0.40620472943733826,787617
strict,central,Sat,5,100,0.02684139415742498,0.032734493502172175,53176
strict,central,Sat,5,200,0.10780116849257006,0.11650614707270036,213568
strict,central,Sat,5,300,0.23807336120365047,0.24513101694861897,471655
strict,central,Sat,5,400,0.3975587645047488,0.40620472943733826,787617
strict,central,Sat,6,100,0.02686520197592592,0.03274596720512841,53224
strict,central,Sat,6,200,0.10800955941423492,0.11664909591306095,213981
strict,central,Sat,6,300,0.2386146226999593,0.24558806624555637,472727
strict,central,Sat,6,400,0.3985003601058504,0.4070264356554093,789482
strict,central,Sat,7,100,0.027380121490851558,0.03335042240205481,54244
strict,central,Sat,7,200,0.10973445798871284,0.11864919114177573,217399
strict,central,Sat,7,300,0.24292645904891821,0.25015798562897024,481270
strict,central,Sat,7,400,0.40465720773294256,0.41329168447063275,801680
strict,central,Sat,8,100,0.0298600421459184,0.036596473649217184,59157
strict,central,Sat,8,200,0.11846292839026554,0.12717949503389359,234691
strict,central,Sat,8,300,0.2592287990776964,0.26714238978258587,513567
strict,central,Sat,8,400,0.43061128571653434,0.43957269199468135,853098
strict,central,Sat,9,100,0.08216286776715115,0.09912794985668533,162776
strict,central,Sat,9,200,0.28668837706911443,0.30578398519502464,567968
strict,central,Sat,9,300,0.5431468031181713,0.5561195776632917,1076046
strict,central,Sat,9,400,0.7627292421566593,0.7724683223214303,1511068
strict,central,Sat,10,100,0.08307170799576946,0.1004488510004936,164576
strict,central,Sat,10,200,0.28803648206387916,0.30685079644727636,570638
strict,central,Sat,10,300,0.5442626945713307,0.5573907347344338,1078257
strict,central,Sat,10,400,0.7630584583784076,0.7728392422066528,1511720
strict,central,Sat,11,100,0.08307170799576946,0.1004488510004936,164576
strict,central,Sat,11,200,0.28803648206387916,0.30685079644727636,570638
strict,central,Sat,11,300,0.5442626945713307,0.5573907347344338,1078257
strict,central,Sat,11,400,0.7630584583784076,0.7728392422066528,1511720
strict,central,Sat,12,100,0.08201254094144111,0.09912540781227869,162478
strict,central,Sat,12,200,0.2855151272889272,0.3037446465678076,565643
strict,central,Sat,12,300,0.5429022969281798,0.556667635633007,1075561
strict,central,Sat,12,400,0.7608523919914824,0.7705670921737483,1507350
strict,central,Sat,13,100,0.08145666108514393,0.09846854390655926,161376
strict,central,Sat,13,200,0.28342953966549794,0.3019154454529832,561512
strict,central,Sat,13,300,0.5398243720155055,0.5535837336651908,1069464
strict,central,Sat,13,400,0.7588530808969806,0.7690197605838192,1503389
strict,central,Sat,14,100,0.08215991224717548,0.09936592817942815,162770
strict,central,Sat,14,200,0.2849803357361922,0.3033797398806718,564584
strict,central,Sat,14,300,0.5406331179281707,0.5538175502415565,1071066
strict,central,Sat,14,400,0.7593990151982197,0.7693511473583828,1504470
strict,central,Sat,15,100,0.08249572014036997,0.09980899747958571,163435
strict,central,Sat,15,200,0.2864478213444555,0.30480282034788103,567491
strict,central,Sat,15,300,0.5426215612254526,0.5556971584312586,1075005
strict,central,Sat,15,400,0.760647514737794,0.770576460032403,1506944
strict,central,Sat,16,100,0.08249572014036997,0.09980899747958571,163435
strict,central,Sat,16,200,0.2864478213444555,0.30480282034788103,567491
strict,central,Sat,16,300,0.5426215612254526,0.5556971584312586,1075005
strict,central,Sat,16,400,0.760647514737794,0.770576460032403,1506944
strict,central,Sat,17,100,0.08245293432594257,0.09970241124232744,163350
strict,central,Sat,17,200,0.28625128364710484,0.30451785373170565,567102
strict,central,Sat,17,300,0.5422406662711309,0.555303460956093,1074251
strict,central,Sat,17,400,0.7605120247623303,0.7703984982443861,1506675
strict,central,Sat,18,100,0.03053091239425066,0.03732562869243425,60486
strict,central,Sat,18,200,0.12140206775208388,0.1303156117909582,240514
strict,central,Sat,18,300,0.2673016911345264,0.2746094776768098,529560
strict,central,Sat,18,400,0.44424654903426125,0.45226515075678153,880111
strict,central,Sat,19,100,0.02821224102707145,0.034292669900334735,55892
strict,central,Sat,19,200,0.11160298755034456,0.1198448954170676,221100
strict,central,Sat,19,300,0.24597137356525867,0.25324017298884266,487302
strict,central,Sat,19,400,0.4120392262996787,0.4211882398807714,816304
strict,central,Sat,20,100,0.028178360654346476,0.03436914684189636,55825
strict,central,Sat,20,200,0.11269284962078256,0.12149562646555107,223259
strict,central,Sat,20,300,0.24952180721328443,0.2569541687202101,494336
strict,central,Sat,20,400,0.4156502135823914,0.42431720325611877,823458
strict,central,Sat,21,100,0.027661545190950262,0.033588409938594695,54801
strict,central,Sat,21,200,0.11081295201363098,0.11943772944201178,219535
strict,central,Sat,21,300,0.24500030233193384,0.2522703372588,485378
strict,central,Sat,21,400,0.4086390208991278,0.41669292050879436,809568
strict,central,Sat,22,100,0.02733227077912899,0.03335238924137292,54149
strict,central,Sat,22,200,0.10950876053622374,0.11816980861282603,216951
strict,central,Sat,22,300,0.2423808622553223,0.24896581529041162,480189
strict,central,Sat,22,400,0.40484387137297934,0.41279519619699195,802049
strict,central,Sat,23,100,0.027310495841534995,0.03333911011751033,54106
strict,central,Sat,23,200,0.1093951889157073,0.1180694812043293,216726
strict,central,Sat,23,300,0.24197470882161268,0.24875018613472247,479384
strict,central,Sat,23,400,0.404068652643248,0.41216946185392833,800514
strict,central,Sun,0,100,0.026968312761025962,0.0328904897543336,53428
strict,central,Sun,0,200,0.10822092265316831,0.1170000604586023,214400
strict,central,Sun,0,300,0.23941893439273865,0.24663014873124203,474321
strict,central,Sun,0,400,0.40008171867294723,0.40873089677186314,792615
strict,central,Sun,1,100,0.026646020886572256,0.032293987800025306,52789
strict,central,Sun,1,200,0.10750457860814296,0.11617996949020394,212981
strict,central,Sun,1,300,0.23876462411575325,0.245931426781209,473024
strict,central,Sun,1,400,0.3993863338451834,0.4078460156568863,791237
strict,central,Sun,2,100,0.026368893783987293,0.03192655674338953,52240
strict,central,Sun,2,200,0.10666795554132551,0.115269025591945,211323
strict,central,Sun,2,300,0.2370820961847895,0.2441105860435529,469691
strict,central,Sun,2,400,0.3965563467813004,0.40498478474239397,785631
strict,central,Sun,3,100,0.026368893783987293,0.03192655674338953,52240
strict,central,Sun,3,200,0.10666795554132551,0.115269025591945,211323
strict,central,Sun,3,300,0.2370820961847895,0.2441105860435529,469691
strict,central,Sun,3,400,0.3965563467813004,0.40498478474239397,785631
strict,central,Sun,4,100,0.026691185658440995,0.032523058697697824,52879
strict,central,Sun,4,200,0.10738429958635087,0.11608911656034339,212743
strict,central,Sun,4,300,0.23773640646177488,0.24480930799358594,470987
strict,central,Sun,4,400,0.39725173160906435,0.4058696658573708,787008
strict,central,Sun,5,100,0.026691185658440995,0.032523058697697824,52879
strict,central,Sun,5,200,0.10738429958635087,0.11608911656034339,212743
strict,central,Sun,5,300,0.23773640646177488,0.24480930799358594,470987
strict,central,Sun,5,400,0.39725173160906435,0.4058696658573708,787008
strict,central,Sun,6,100,0.026691185658440995,0.032523058697697824,52879
strict,central,Sun,6,200,0.10738429958635087,0.11608911656034339,212743
strict,central,Sun,6,300,0.23773640646177488,0.24480930799358594,470987
strict,central,Sun,6,400,0.39725173160906435,0.4058696658573708,787008
strict,central,Sun,7,100,0.02707062162538365,0.033006472728574536,53630
strict,central,Sun,7,200,0.10854914724671853,0.11745302413494131,215050
strict,central,Sun,7,300,0.24082255559514784,0.24779458515541064,477101
strict,central,Sun,7,400,0.40251215832866766,0.4109185379768537,797430
strict,central,Sun,8,100,0.02795582576430298,0.03448976735053014,55384
strict,central,Sun,8,200,0.11191427018493526,0.12055978390988308,221717
strict,central,Sun,8,300,0.2480734254956795,0.2551427298804104,491466
strict,central,Sun,8,400,0.4161151029363358,0.4250973880583068,824379
strict,central,Sun,9,100,0.0692612050496306,0.08373947327796454,137216
strict,central,Sun,9,200,0.24523267971336288,0.26170139557229,485838
strict,central,Sun,9,300,0.4812208148382834,0.4916735236691426,953362
strict,central,Sun,9,400,0.6966236737708806,0.7062367063483204,1380104
strict,central,Sun,10,100,0.06977968559445977,0.08412440464826196,138243
strict,central,Sun,10,200,0.24662232857535865,0.26297685533802684,488592
strict,central,Sun,10,300,0.4825227957003682,0.4929660122244674,955942
strict,central,Sun,10,400,0.6969413859042941,0.7067035433673016,1380733
strict,central,Sun,11,100,0.06981178686528865,0.08412717183544553,138306
strict,central,Sun,11,200,0.24662239256122762,0.26297685533802684,488592
strict,central,Sun,11,300,0.4825227957003682,0.4929660122244674,955942
strict,central,Sun,11,400,0.6969413859042941,0.7067035433673016,1380733
strict,central,Sun,12,100,0.06897295072039511,0.08335170204477241,136645
strict,central,Sun,12,200,0.24448994756238224,0.26072033557719204,484367
strict,central,Sun,12,300,0.4810536835880044,0.4917860944299024,953031
strict,central,Sun,12,400,0.6955158204764975,0.7048554492069499,1377909
strict,central,Sun,13,100,0.06863714282720061,0.08290863274461485,135979
strict,central,Sun,13,200,0.24302246195411895,0.25929725510998275,481460
strict,central,Sun,13,300,0.47906524029072256,0.48990648624020056,949092
strict,central,Sun,13,400,0.6942673209369231,0.7036301365329297,1375436
strict,central,Sun,14,100,0.06878690208460397,0.08305195132578683,136276
strict,central,Sun,14,200,0.2436901208866039,0.25996224969103987,482782
strict,central,Sun,14,300,0.47955786050664834,0.4903178031326442,950068
strict,central,Sun,14,400,0.6948874166468972,0.7045274802422437,1376664
strict,central,Sun,15,100,0.06878690208460397,0.08305195132578683,136276
strict,central,Sun,15,200,0.2436901208866039,0.25996224969103987,482782
strict,central,Sun,15,300,0.47955786050664834,0.4903178031326442,950068
strict,central,Sun,15,400,0.6948874166468972,0.7045274802422437,1376664
strict,central,Sun,16,100,0.06878690208460397,0.08305195132578683,136276
strict,central,Sun,16,200,0.2436901208866039,0.25996224969103987,482782
strict,central,Sun,16,300,0.47955786050664834,0.4903178031326442,950068
strict,central,Sun,16,400,0.6948874166468972,0.7045274802422437,1376664
strict,central,Sun,17,100,0.06876609551835905,0.08302742044503199,136235
strict,central,Sun,17,200,0.24362441380562663,0.25989322979230145,482652
strict,central,Sun,17,300,0.47955786050664834,0.4903178031326442,950068
strict,central,Sun,17,400,0.6948874166468972,0.7045274802422437,1376664
strict,central,Sun,18,100,0.028164147576618333,0.034302920546291416,55797
strict,central,Sun,18,200,0.1121131232815281,0.12046602380376985,222111
strict,central,Sun,18,300,0.24918907395121073,0.25493577578210486,493677
strict,central,Sun,18,400,0.41563929100352903,0.4220888251011043,823437
strict,central,Sun,19,100,0.027301855672784016,0.03301128215437581,54089
strict,central,Sun,19,200,0.10823652464461196,0.11642715117145683,214431
strict,central,Sun,19,300,0.240320728559265,0.246741179051247,476107
strict,central,Sun,19,400,0.4034005022423854,0.41192236913573144,799190
strict,central,Sun,20,100,0.02705556282957644,0.0329298742170025,53601
strict,central,Sun,20,200,0.10845169415717551,0.11672008707517433,214857
strict,central,Sun,20,300,0.24170809572278804,0.2479704751586228,478856
strict,central,Sun,20,400,0.4051561920316761,0.4129303855117248,802668
strict,central,Sun,21,100,0.02705556282957644,0.0329298742170025,53601
strict,central,Sun,21,200,0.10845169415717551,0.11672008707517433,214857
strict,central,Sun,21,300,0.24170809572278804,0.2479704751586228,478856
strict,central,Sun,21,400,0.4051561920316761,0.4129303855117248,802668
strict,central,Sun,22,100,0.026948759999370644,0.03283498583851618,53389
strict,central,Sun,22,200,0.10801664452059684,0.11627770316994834,213995
strict,central,Sun,22,300,0.2404158579414358,0.2465871133056188,476296
strict,central,Sun,22,400,0.4036584265015829,0.41156882484773655,799701
strict,central,Sun,23,100,0.026926985061776654,0.03282170671465359,53346
strict,central,Sun,23,200,0.10790307290008039,0.11617737576145164,213770
strict,central,Sun,23,300,0.24000970450772618,0.24637148414992968,475491
strict,central,Sun,23,400,0.4028832077718516,0.41094309050467287,798165
strict_unconditional,central,Mon,0,100,0.026028922190965052,0.03165631855315947,51567
strict_unconditional,central,Mon,0,200,0.1040748973620246,0.11105253154221943,206186
strict_unconditional,central,Mon,0,300,0.23095499735310576,0.2370315281496211,457552
strict_unconditional,central,Mon,0,400,0.3872703929436584,0.3964150684661262,767234
strict_unconditional,central,Mon,1,100,0.02570663031651135,0.03105981659885117,50928
strict_unconditional,central,Mon,1,200,0.10335855331699924,0.11023244057382106,204767
strict_unconditional,central,Mon,1,300,0.22996237900683583,0.23600848458466744,455586
strict_unconditional,central,Mon,1,400,0.38555852821399617,0.39451994905809357,763843
strict_unconditional,central,Mon,2,100,0.02542950321392638,0.030692385542215407,50379
strict_unconditional,central,Mon,2,200,0.10252193025018179,0.10932149667556217,203110
strict_unconditional,central,Mon,2,300,0.22827985107587204,0.23418764384701138,452253
strict_unconditional,central,Mon,2,400,0.3827285411501132,0.39165871814360137,758236
strict_unconditional,central,Mon,3,100,0.02542950321392638,0.030692385542215407,50379
strict_unconditional,central,Mon,3,200,0.10252193025018179,0.10932149667556217,203110
strict_unconditional,central,Mon,3,300,0.22827985107587204,0.23418764384701138,452253
strict_unconditional,central,Mon,3,400,0.3827285411501132,0.39165871814360137,758236
strict_unconditional,central,Mon,4,100,0.02575179508838008,0.0312888874965237,51018
strict_unconditional,central,Mon,4,200,0.10323827429520714,0.11014158764396055,204529
strict_unconditional,central,Mon,4,300,0.229272469422142,0.23521068741196505,454219
strict_unconditional,central,Mon,4,400,0.38444040587977535,0.39355383755163387,761627
strict_unconditional,central,Mon,5,100,0.02575179508838008,0.0312888874965237,51018
strict_unconditional,central,Mon,5,200,0.10323827429520714,0.11014158764396055,204529
strict_unconditional,central,Mon,5,300,0.229272469422142,0.23521068741196505,454219
strict_unconditional,central,Mon,5,400,0.38444040587977535,0.39355383755163387,761627
strict_unconditional,central,Mon,6,100,0.025996964561874766,0.03145782999152825,51503
strict_unconditional,central,Mon,6,200,0.1042611117633339,0.11103012752560566,206555
strict_unconditional,central,Mon,6,300,0.2313867577631198,0.23763867338692085,458408
strict_unconditional,central,Mon,6,400,0.3882091709988378,0.39793621125556605,769094
strict_unconditional,central,Mon,7,100,0.028547977336038557,0.034284039139995774,56557
strict_unconditional,central,Mon,7,200,0.11497001573040362,0.1225665831537359,227771
strict_unconditional,central,Mon,7,300,0.25487945408004176,0.2620744272961893,504950
strict_unconditional,central,Mon,7,400,0.42030654525173755,0.4300977825023637,832683
strict_unconditional,central,Mon,8,100,0.03773619664608753,0.04607485425756179,74760
strict_unconditional,central,Mon,8,200,0.150125302531939,0.16004535372726758,297418
strict_unconditional,central,Mon,8,300,0.32366279668206555,0.33450620955044974,641219
strict_unconditional,central,Mon,8,400,0.516383352147939,0.5300579782400018,1023024
strict_unconditional,central,Mon,9,100,0.31368515466645236,0.37627981697217866,621452
strict_unconditional,central,Mon,9,200,0.761200204827112,0.7902861127099455,1508039
strict_unconditional,central,Mon,9,300,0.9465072220040237,0.9511046765343972,1875156
strict_unconditional,central,Mon,9,400,0.9875437246499061,0.9878028175391536,1956455
strict_unconditional,central,Mon,10,100,0.31370593253394213,0.37628367849993827,621493
strict_unconditional,central,Mon,10,200,0.7612128064042971,0.7902939586979965,1508064
strict_unconditional,central,Mon,10,300,0.9465210673123935,0.9511046765343972,1875184
strict_unconditional,central,Mon,10,400,0.9875437246499061,0.9878028175391536,1956455
strict_unconditional,central,Mon,11,100,0.31370593253394213,0.37628367849993827,621493
strict_unconditional,central,Mon,11,200,0.7612128064042971,0.7902939586979965,1508064
strict_unconditional,central,Mon,11,300,0.9465210673123935,0.9511046765343972,1875184
strict_unconditional,central,Mon,11,400,0.9875437246499061,0.9878028175391536,1956455
strict_unconditional,central,Mon,12,100,0.3123374628549479,0.3746190721864379,618782
strict_unconditional,central,Mon,12,200,0.7602977103288826,0.7897633114433189,1506251
strict_unconditional,central,Mon,12,300,0.946002906842561,0.9509550348832547,1874157
strict_unconditional,central,Mon,12,400,0.9874529996915197,0.9877848818252175,1956275
strict_unconditional,central,Mon,13,100,0.3125735082393367,0.3748825783728128,619250
strict_unconditional,central,Mon,13,200,0.7602256764757084,0.7895363376795966,1506108
strict_unconditional,central,Mon,13,300,0.9460538477830587,0.9509198249573078,1874258
strict_unconditional,central,Mon,13,400,0.9875232052335401,0.987788028656984,1956415
strict_unconditional,central,Mon,14,100,0.31358919807491487,0.3760312712124496,621262
strict_unconditional,central,Mon,14,200,0.7609533830749745,0.790129651686131,1507550
strict_unconditional,central,Mon,14,300,0.9465161817285412,0.9510908262384006,1875174
strict_unconditional,central,Mon,14,400,0.9875437246499061,0.9878028175391536,1956455
strict_unconditional,central,Mon,15,100,0.3134855006585957,0.375957286076093,621056
strict_unconditional,central,Mon,15,200,0.7606173098804967,0.789944686119586,1506884
strict_unconditional,central,Mon,15,300,0.94634985247717,0.9510661645262818,1874845
strict_unconditional,central,Mon,15,400,0.9874569965480561,0.987679508978559,1956283
strict_unconditional,central,Mon,16,100,0.31272865171279735,0.3750542389953704,619557
strict_unconditional,central,Mon,16,200,0.7596102494584073,0.7889071240240515,1504889
strict_unconditional,central,Mon,16,300,0.9461584910055639,0.9509392704750729,1874466
strict_unconditional,central,Mon,16,400,0.9873862715319213,0.9876637284187212,1956143
strict_unconditional,central,Mon,17,100,0.3104249823360789,0.3726476423649232,614993
strict_unconditional,central,Mon,17,200,0.7570291840170368,0.7866583110785895,1499775
strict_unconditional,central,Mon,17,300,0.9455784389609697,0.9500995055089443,1873316
strict_unconditional,central,Mon,17,400,0.9873850624430217,0.9876486453707588,1956141
strict_unconditional,central,Mon,18,100,0.033504602649211034,0.0406774971010195,66377
strict_unconditional,central,Mon,18,200,0.13309064064362694,0.1410876293370891,263670
strict_unconditional,central,Mon,18,300,0.288325998811003,0.2959455129878174,571212
strict_unconditional,central,Mon,18,400,0.4673454568985016,0.4773754992220058,925873
strict_unconditional,central,Mon,19,100,0.029933395404285627,0.035994958346573576,59302
strict_unconditional,central,Mon,19,200,0.11872371625233473,0.12535863844239195,235207
strict_unconditional,central,Mon,19,300,0.26001785918493237,0.2664801688421429,515130
strict_unconditional,central,Mon,19,400,0.42923380091316143,0.4389377457082981,850369
strict_unconditional,central,Mon,20,100,0.028429573021824042,0.034402750064605275,56323
strict_unconditional,central,Mon,20,200,0.11390829256596831,0.12114164148028361,225667
strict_unconditional,central,Mon,20,300,0.2519615109292767,0.2583206483287677,499169
strict_unconditional,central,Mon,20,400,0.4162622530747961,0.42502059565298045,824671
strict_unconditional,central,Mon,21,100,0.02743815061107981,0.03303267619891533,54359
strict_unconditional,central,Mon,21,200,0.11011642356170426,0.11723008769326082,218155
strict_unconditional,central,Mon,21,300,0.2432004813323707,0.25009036557393355,481812
strict_unconditional,central,Mon,21,400,0.40441491585267525,0.41315023050105965,801200
strict_unconditional,central,Mon,22,100,0.026526625181805943,0.032143880474115885,52553
strict_unconditional,central,Mon,22,200,0.10656579663544494,0.11362675409959751,211121
strict_unconditional,central,Mon,22,300,0.23554844830255295,0.2412409172266383,466653
strict_unconditional,central,Mon,22,400,0.3925750587896606,0.4010841522814193,777743
strict_unconditional,central,Mon,23,100,0.026177071950679476,0.03183204165360849,51860
strict_unconditional,central,Mon,23,200,0.10503409689310042,0.11220869520768305,208086
strict_unconditional,central,Mon,23,300,0.23255676280000268,0.23852714267084948,460726
strict_unconditional,central,Mon,23,400,0.38816759657927724,0.3967921458380469,769012
strict_unconditional,central,Tue,0,100,0.025985097369154435,0.031594856094906094,51480
strict_unconditional,central,Tue,0,200,0.10431352140461489,0.11161666257448125,206659
strict_unconditional,central,Tue,0,300,0.2309005189941529,0.23726768044172486,457445
strict_unconditional,central,Tue,0,400,0.3853188178554873,0.39444514532092184,763368
strict_unconditional,central,Tue,1,100,0.02566280549470073,0.030998354140597806,50841
strict_unconditional,central,Tue,1,200,0.10359717735958951,0.11079657160608286,205240
strict_unconditional,central,Tue,1,300,0.23024620871716747,0.23656895849169177,456148
strict_unconditional,central,Tue,1,400,0.38462343302772345,0.39356026420594503,761990
strict_unconditional,central,Tue,2,100,0.02566280549470073,0.030998354140597806,50841
strict_unconditional,central,Tue,2,200,0.10359717735958951,0.11079657160608286,205240
strict_unconditional,central,Tue,2,300,0.23024620871716747,0.23656895849169177,456148
strict_unconditional,central,Tue,2,400,0.38462343302772345,0.39356026420594503,761990
strict_unconditional,central,Tue,3,100,0.02566280549470073,0.030998354140597806,50841
strict_unconditional,central,Tue,3,200,0.10359717735958951,0.11079657160608286,205240
strict_unconditional,central,Tue,3,300,0.23024620871716747,0.23656895849169177,456148
strict_unconditional,central,Tue,3,400,0.38462343302772345,0.39356026420594503,761990
strict_unconditional,central,Tue,4,100,0.025985097369154435,0.031594856094906094,51480
strict_unconditional,central,Tue,4,200,0.10431352140461489,0.11161666257448125,206659
strict_unconditional,central,Tue,4,300,0.2309005189941529,0.23726768044172486,457445
strict_unconditional,central,Tue,4,400,0.3853188178554873,0.39444514532092184,763368
strict_unconditional,central,Tue,5,100,0.025985097369154435,0.031594856094906094,51480
strict_unconditional,central,Tue,5,200,0.10431352140461489,0.11161666257448125,206659
strict_unconditional,central,Tue,5,300,0.2309005189941529,0.23726768044172486,457445
strict_unconditional,central,Tue,5,400,0.3853188178554873,0.39444514532092184,763368
strict_unconditional,central,Tue,6,100,0.026230266842649123,0.031763798589910644,51966
strict_unconditional,central,Tue,6,200,0.10533635887274163,0.11250520245612636,208685
strict_unconditional,central,Tue,6,300,0.23301480733513075,0.2396956664166806,461633
strict_unconditional,central,Tue,6,400,0.3890875829745497,0.39882751902485397,770834
strict_unconditional,central,Tue,7,100,0.028781279616812906,0.03459000773837817,57020
strict_unconditional,central,Tue,7,200,0.11604526283981136,0.12404165808425661,229901
strict_unconditional,central,Tue,7,300,0.25650750365205266,0.26413142032594905,508175
strict_unconditional,central,Tue,7,400,0.42115281710183927,0.4309890902716516,834360
strict_unconditional,central,Tue,8,100,0.038064622935299434,0.046799659040817246,75411
strict_unconditional,central,Tue,8,200,0.15177688770587025,0.16156203623178494,300690
strict_unconditional,central,Tue,8,300,0.32677288491660456,0.33768222567938,647380
strict_unconditional,central,Tue,8,400,0.5207172810606487,0.5335812081882305,1031610
strict_unconditional,central,Tue,9,100,0.3143217354446815,0.3770349087439848,622713
strict_unconditional,central,Tue,9,200,0.7619274434057429,0.7903274655673141,1509479
strict_unconditional,central,Tue,9,300,0.9475523552521935,0.9518452436473223,1877227
strict_unconditional,central,Tue,9,400,0.9884493625333648,0.9886595611491941,1958249
strict_unconditional,central,Tue,10,100,0.3144784153923423,0.3771493608710849,623023
strict_unconditional,central,Tue,10,200,0.7619527526889432,0.7903494479146386,1509530
strict_unconditional,central,Tue,10,300,0.9475662005605632,0.9518452436473223,1877254
strict_unconditional,central,Tue,10,400,0.9884493625333648,0.9886595611491941,1958249
strict_unconditional,central,Tue,11,100,0.3144784153923423,0.3771493608710849,623023
strict_unconditional,central,Tue,11,200,0.7619527526889432,0.7903494479146386,1509530
strict_unconditional,central,Tue,11,300,0.9475662005605632,0.9518452436473223,1877254
strict_unconditional,central,Tue,11,400,0.9884493625333648,0.9886595611491941,1958249
strict_unconditional,central,Tue,12,100,0.312348457237271,0.37428949144855694,618804
strict_unconditional,central,Tue,12,200,0.7605458840078315,0.7893894160376503,1506742
strict_unconditional,central,Tue,12,300,0.9470321423427916,0.9516956019961799,1876196
strict_unconditional,central,Tue,12,400,0.9883586375749783,0.9886416254352581,1958070
strict_unconditional,central,Tue,13,100,0.3127204047018308,0.3746635882342723,619541
strict_unconditional,central,Tue,13,200,0.7604865578606725,0.7891765786332016,1506625
strict_unconditional,central,Tue,13,300,0.9470830832832893,0.9516603920702329,1876297
strict_unconditional,central,Tue,13,400,0.9884288431169986,0.9886447722670247,1958209
strict_unconditional,central,Tue,14,100,0.3137360945374089,0.3758122810739091,621553
strict_unconditional,central,Tue,14,200,0.7612142644599386,0.789769892639736,1508066
strict_unconditional,central,Tue,14,300,0.9475454172287718,0.9518313933513256,1877213
strict_unconditional,central,Tue,14,400,0.9884493625333648,0.9886595611491941,1958249
strict_unconditional,central,Tue,15,100,0.31363239712108987,0.3757382959375525,621347
strict_unconditional,central,Tue,15,200,0.7608781912654607,0.7895849270731913,1507401
strict_unconditional,central,Tue,15,300,0.9473790879774007,0.9518067316392066,1876884
strict_unconditional,central,Tue,15,400,0.9883626344315145,0.9885362525885998,1958078
strict_unconditional,central,Tue,16,100,0.31287554817529145,0.37483524885682995,619848
strict_unconditional,central,Tue,16,200,0.7598711308433713,0.7885473649776567,1505406
strict_unconditional,central,Tue,16,300,0.9471877265057943,0.9516798375879981,1876505
strict_unconditional,central,Tue,16,400,0.98829190941538,0.9885204720287618,1957937
strict_unconditional,central,Tue,17,100,0.31057187879857306,0.3724286522263827,615284
strict_unconditional,central,Tue,17,200,0.757290065402001,0.7862985520321946,1500292
strict_unconditional,central,Tue,17,300,0.9465805374672038,0.9508400726218695,1875302
strict_unconditional,central,Tue,17,400,0.9882907003264803,0.9885053889807994,1957935
strict_unconditional,central,Tue,18,100,0.034110490820446336,0.04169677953257446,67577
strict_unconditional,central,Tue,18,200,0.1358054197880206,0.1436715244017792,269049
strict_unconditional,central,Tue,18,300,0.2938377159998622,0.3008212611894313,582132
strict_unconditional,central,Tue,18,400,0.4752832862140551,0.4831700512369009,941599
strict_unconditional,central,Tue,19,100,0.029933395404285627,0.035994958346573576,59302
strict_unconditional,central,Tue,19,200,0.11872371625233473,0.12535863844239195,235207
strict_unconditional,central,Tue,19,300,0.26001785918493237,0.2664801688421429,515130
strict_unconditional,central,Tue,19,400,0.42923380091316143,0.4389377457082981,850369
strict_unconditional,central,Tue,20,100,0.028429573021824042,0.034402750064605275,56323
strict_unconditional,central,Tue,20,200,0.11390829256596831,0.12114164148028361,225667
strict_unconditional,central,Tue,20,300,0.2519615109292767,0.2583206483287677,499169
strict_unconditional,central,Tue,20,400,0.4162622530747961,0.42502059565298045,824671
strict_unconditional,central,Tue,21,100,0.02743815061107981,0.03303267619891533,54359
strict_unconditional,central,Tue,21,200,0.11011642356170426,0.11723008769326082,218155
strict_unconditional,central,Tue,21,300,0.2432004813323707,0.25009036557393355,481812
strict_unconditional,central,Tue,21,400,0.40441491585267525,0.41315023050105965,801200
strict_unconditional,central,Tue,22,100,0.026526625181805943,0.032143880474115885,52553
strict_unconditional,central,Tue,22,200,0.10656579663544494,0.11362675409959751,211121
strict_unconditional,central,Tue,22,300,0.23554844830255295,0.2412409172266383,466653
strict_unconditional,central,Tue,22,400,0.3925750587896606,0.4010841522814193,777743
strict_unconditional,central,Tue,23,100,0.026177071950679476,0.03183204165360849,51860
strict_unconditional,central,Tue,23,200,0.10503409689310042,0.11220869520768305,208086
strict_unconditional,central,Tue,23,300,0.23255676280000268,0.23852714267084948,460726
strict_unconditional,central,Tue,23,400,0.38816759657927724,0.3967921458380469,769012
strict_unconditional,central,Wed,0,100,0.025985097369154435,0.031594856094906094,51480
strict_unconditional,central,Wed,0,200,0.10431352140461489,0.11161666257448125,206659
strict_unconditional,central,Wed,0,300,0.2309005189941529,0.23726768044172486,457445
strict_unconditional,central,Wed,0,400,0.3853188178554873,0.39444514532092184,763368
strict_unconditional,central,Wed,1,100,0.02566280549470073,0.030998354140597806,50841
strict_unconditional,central,Wed,1,200,0.10359717735958951,0.11079657160608286,205240
strict_unconditional,central,Wed,1,300,0.23024620871716747,0.23656895849169177,456148
strict_unconditional,central,Wed,1,400,0.38462343302772345,0.39356026420594503,761990
strict_unconditional,central,Wed,2,100,0.02566280549470073,0.030998354140597806,50841
strict_unconditional,central,Wed,2,200,0.10359717735958951,0.11079657160608286,205240
strict_unconditional,central,Wed,2,300,0.23024620871716747,0.23656895849169177,456148
strict_unconditional,central,Wed,2,400,0.38462343302772345,0.39356026420594503,761990
strict_unconditional,central,Wed,3,100,0.02566280549470073,0.030998354140597806,50841
strict_unconditional,central,Wed,3,200,0.10359717735958951,0.11079657160608286,205240
strict_unconditional,central,Wed,3,300,0.23024620871716747,0.23656895849169177,456148
strict_unconditional,central,Wed,3,400,0.38462343302772345,0.39356026420594503,761990
strict_unconditional,central,Wed,4,100,0.025985097369154435,0.031594856094906094,51480
strict_unconditional,central,Wed,4,200,0.10431352140461489,0.11161666257448125,206659
strict_unconditional,central,Wed,4,300,0.2309005189941529,0.23726768044172486,457445
strict_unconditional,central,Wed,4,400,0.3853188178554873,0.39444514532092184,763368
strict_unconditional,central,Wed,5,100,0.025985097369154435,0.031594856094906094,51480
strict_unconditional,central,Wed,5,200,0.10431352140461489,0.11161666257448125,206659
strict_unconditional,central,Wed,5,300,0.2309005189941529,0.23726768044172486,457445
strict_unconditional,central,Wed,5,400,0.3853188178554873,0.39444514532092184,763368
strict_unconditional,central,Wed,6,100,0.026230266842649123,0.031763798589910644,51966
strict_unconditional,central,Wed,6,200,0.10533635887274163,0.11250520245612636,208685
strict_unconditional,central,Wed,6,300,0.23301480733513075,0.2396956664166806,461633
strict_unconditional,central,Wed,6,400,0.3890875829745497,0.39882751902485397,770834
strict_unconditional,central,Wed,7,100,0.02872259882620338,0.03451436949485638,56903
strict_unconditional,central,Wed,7,200,0.11526201655767734,0.12330652640277776,228349
strict_unconditional,central,Wed,7,300,0.25451776425410017,0.2620068092406631,504233
strict_unconditional,central,Wed,7,400,0.4181061567338554,0.4273603907954242,828324
strict_unconditional,central,Wed,8,100,0.037986362306009394,0.04669888981469581,75256
strict_unconditional,central,Wed,8,200,0.15099049935558104,0.1608269045503061,299132
strict_unconditional,central,Wed,8,300,0.32482201429596363,0.335557614594094,643516
strict_unconditional,central,Wed,8,400,0.5184170576307443,0.5309161629139515,1027053
strict_unconditional,central,Wed,9,100,0.3133697902020955,0.37592575509467574,620827
strict_unconditional,central,Wed,9,200,0.7597575393366314,0.7878090161509189,1505181
strict_unconditional,central,Wed,9,300,0.9473585372265287,0.9519464256600082,1876843
strict_unconditional,central,Wed,9,400,0.9884021160625084,0.9886427326270446,1958156
strict_unconditional,central,Wed,10,100,0.3135264701497563,0.3760402072217759,621138
strict_unconditional,central,Wed,10,200,0.7597828486198319,0.7878309984982433,1505231
strict_unconditional,central,Wed,10,300,0.9473723825348982,0.9519464256600082,1876870
strict_unconditional,central,Wed,10,400,0.9884021160625084,0.9886427326270446,1958156
strict_unconditional,central,Wed,11,100,0.3135264701497563,0.3760402072217759,621138
strict_unconditional,central,Wed,11,200,0.7597828486198319,0.7878309984982433,1505231
strict_unconditional,central,Wed,11,300,0.9473723825348982,0.9519464256600082,1876870
strict_unconditional,central,Wed,11,400,0.9884021160625084,0.9886427326270446,1958156
strict_unconditional,central,Wed,12,100,0.3120220983905911,0.3742650103089351,618157
strict_unconditional,central,Wed,12,200,0.758855044838402,0.7872862148842921,1503393
strict_unconditional,central,Wed,12,300,0.9468542220650659,0.9517967840088658,1875844
strict_unconditional,central,Wed,12,400,0.9883113911041218,0.9886247969131087,1957976
strict_unconditional,central,Wed,13,100,0.31235171044063853,0.3745364589945488,618810
strict_unconditional,central,Wed,13,200,0.758761326441352,0.7870733774798434,1503207
strict_unconditional,central,Wed,13,300,0.9469051630055634,0.9517615740829188,1875945
strict_unconditional,central,Wed,13,400,0.9883815966461422,0.9886279437448753,1958115
strict_unconditional,central,Wed,14,100,0.31363125171006606,0.3760238028262094,621345
strict_unconditional,central,Wed,14,200,0.7603004231334438,0.788607377696809,1506256
strict_unconditional,central,Wed,14,300,0.9475085878505811,0.9519464256600082,1877140
strict_unconditional,central,Wed,14,400,0.9884315907878412,0.9886595611491941,1958214
strict_unconditional,central,Wed,15,100,0.3136873472652145,0.3762314376289472,621456
strict_unconditional,central,Wed,15,200,0.7602223468393537,0.7885867191421296,1506101
strict_unconditional,central,Wed,15,300,0.9473471441830622,0.9519356142438858,1876820
strict_unconditional,central,Wed,15,400,0.988344862685991,0.9885362525885998,1958042
strict_unconditional,central,Wed,16,100,0.3129304983194161,0.3753283905482246,619957
strict_unconditional,central,Wed,16,200,0.7592152864172643,0.787549157046595,1504106
strict_unconditional,central,Wed,16,300,0.9471557827114558,0.951808720192677,1876441
strict_unconditional,central,Wed,16,400,0.9882741376698564,0.9885204720287618,1957902
strict_unconditional,central,Wed,17,100,0.3106268289426977,0.37292179391777736,615393
strict_unconditional,central,Wed,17,200,0.756634220975894,0.785300344101133,1498993
strict_unconditional,central,Wed,17,300,0.9465757306668617,0.9509689552265486,1875292
strict_unconditional,central,Wed,17,400,0.9882729285809566,0.9885053889807994,1957900
strict_unconditional,central,Wed,18,100,0.03482748427860771,0.042564310942297304,68998
strict_unconditional,central,Wed,18,200,0.13901239919095268,0.1472380374773347,275402
strict_unconditional,central,Wed,18,300,0.30022137913141794,0.30737866116981005,594778
strict_unconditional,central,Wed,18,400,0.4845089907525311,0.49302889747065926,959877
strict_unconditional,central,Wed,19,100,0.03065038886244701,0.03686248975629642,60722
strict_unconditional,central,Wed,19,200,0.12193069565526679,0.12892515151794748,241561
strict_unconditional,central,Wed,19,300,0.2664015223164881,0.2730375688225217,527777
strict_unconditional,central,Wed,19,400,0.4384595054516375,0.4487965919420565,868646
strict_unconditional,central,Wed,20,100,0.028706700124409016,0.03477018112124104,56872
strict_unconditional,central,Wed,20,200,0.11474491563278577,0.12205258537854251,227325
strict_unconditional,central,Wed,20,300,0.25364403886024045,0.2601414890664238,502502
strict_unconditional,central,Wed,20,400,0.4190922401386792,0.4278818265674727,830277
strict_unconditional,central,Wed,21,100,0.027715277713664773,0.0334001072555511,54908
strict_unconditional,central,Wed,21,200,0.11095304662852173,0.11814103159151972,219813
strict_unconditional,central,Wed,21,300,0.2448830092633345,0.2519112063115896,485146
strict_unconditional,central,Wed,21,400,0.4072449029165582,0.41601146141555184,806806
strict_unconditional,central,Wed,22,100,0.026803752284390914,0.03251131153075165,53102
strict_unconditional,central,Wed,22,200,0.1074024197022624,0.1145376979978564,212778
strict_unconditional,central,Wed,22,300,0.23723097623351674,0.24306175796429438,469986
strict_unconditional,central,Wed,22,400,0.3954050458535436,0.40394538319591156,783350
strict_unconditional,central,Wed,23,100,0.026454199053264443,0.03219947271024426,52409
strict_unconditional,central,Wed,23,200,0.10587071995991787,0.11311963910594194,209744
strict_unconditional,central,Wed,23,300,0.23423929073096644,0.24034798340850555,464059
strict_unconditional,central,Wed,23,400,0.39099758364316023,0.3996533767525391,774618
strict_unconditional,central,Thu,0,100,0.026262224471739398,0.03196228715154187,52029
strict_unconditional,central,Thu,0,200,0.10515014447143235,0.11252760647274014,208316
strict_unconditional,central,Thu,0,300,0.23258304692511664,0.23908852117938093,460778
strict_unconditional,central,Thu,0,400,0.38814880491937026,0.39730637623541415,768974
strict_unconditional,central,Thu,1,100,0.025939932597285695,0.03136578519723357,51390
strict_unconditional,central,Thu,1,200,0.10443380042640697,0.11170751550434177,206897
strict_unconditional,central,Thu,1,300,0.23192873664813127,0.2383897992293479,459482
strict_unconditional,central,Thu,1,400,0.3874534200916064,0.39642149512043734,767597
strict_unconditional,central,Thu,2,100,0.02566280549470073,0.030998354140597806,50841
strict_unconditional,central,Thu,2,200,0.10359717735958951,0.11079657160608286,205240
strict_unconditional,central,Thu,2,300,0.23024620871716747,0.23656895849169177,456148
strict_unconditional,central,Thu,2,400,0.38462343302772345,0.39356026420594503,761990
strict_unconditional,central,Thu,3,100,0.02566280549470073,0.030998354140597806,50841
strict_unconditional,central,Thu,3,200,0.10359717735958951,0.11079657160608286,205240
strict_unconditional,central,Thu,3,300,0.23024620871716747,0.23656895849169177,456148
strict_unconditional,central,Thu,3,400,0.38462343302772345,0.39356026420594503,761990
strict_unconditional,central,Thu,4,100,0.025985097369154435,0.031594856094906094,51480
strict_unconditional,central,Thu,4,200,0.10431352140461489,0.11161666257448125,206659
strict_unconditional,central,Thu,4,300,0.2309005189941529,0.23726768044172486,457445
strict_unconditional,central,Thu,4,400,0.3853188178554873,0.39444514532092184,763368
strict_unconditional,central,Thu,5,100,0.025985097369154435,0.031594856094906094,51480
strict_unconditional,central,Thu,5,200,0.10431352140461489,0.11161666257448125,206659
strict_unconditional,central,Thu,5,300,0.2309005189941529,0.23726768044172486,457445
strict_unconditional,central,Thu,5,400,0.3853188178554873,0.39444514532092184,763368
strict_unconditional,central,Thu,6,100,0.026230266842649123,0.031763798589910644,51966
strict_unconditional,central,Thu,6,200,0.10533635887274163,0.11250520245612636,208685
strict_unconditional,central,Thu,6,300,0.23301480733513075,0.2396956664166806,461633
strict_unconditional,central,Thu,6,400,0.3890875829745497,0.39882751902485397,770834
strict_unconditional,central,Thu,7,100,0.02905840671939788,0.03495743879501394,57569
strict_unconditional,central,Thu,7,200,0.11688188590662882,0.12495260198251551,231559
strict_unconditional,central,Thu,7,300,0.25819003158301645,0.26595226106360514,511509
strict_unconditional,central,Thu,7,400,0.4239828041657223,0.43385032118614386,839966
strict_unconditional,central,Thu,8,100,0.038341750037884405,0.047167090097453006,75960
strict_unconditional,central,Thu,8,200,0.1526135107726877,0.16247298013004383,302348
strict_unconditional,central,Thu,8,300,0.3284554128475683,0.3395030664170361,650714
strict_unconditional,central,Thu,8,400,0.5233421340152484,0.5362612554883396,1036810
strict_unconditional,central,Thu,9,100,0.3142591524946785,0.3772141001545988,622589
strict_unconditional,central,Thu,9,200,0.7619177735448373,0.7909103728975702,1509460
strict_unconditional,central,Thu,9,300,0.9475978433305025,0.95210770269711,1877317
strict_unconditional,central,Thu,9,400,0.9884343668614581,0.9886595611491941,1958220
strict_unconditional,central,Thu,10,100,0.3144158324423393,0.3773285522816989,622899
strict_unconditional,central,Thu,10,200,0.7619430828280376,0.7909323552448945,1509510
strict_unconditional,central,Thu,10,300,0.9476116886388721,0.95210770269711,1877344
strict_unconditional,central,Thu,10,400,0.9884343668614581,0.9886595611491941,1958220
strict_unconditional,central,Thu,11,100,0.3144158324423393,0.3773285522816989,622899
strict_unconditional,central,Thu,11,200,0.7619430828280376,0.7909323552448945,1509510
strict_unconditional,central,Thu,11,300,0.9476116886388721,0.95210770269711,1877344
strict_unconditional,central,Thu,11,400,0.9884343668614581,0.9886595611491941,1958220
strict_unconditional,central,Thu,12,100,0.31291146068317405,0.37555335536885814,619919
strict_unconditional,central,Thu,12,200,0.7610122302713667,0.7903875716309436,1507666
strict_unconditional,central,Thu,12,300,0.9470935281690399,0.9519580610459675,1876318
strict_unconditional,central,Thu,12,400,0.9883436419030717,0.9886416254352581,1958040
strict_unconditional,central,Thu,13,100,0.313283408147734,0.37592745215457357,620656
strict_unconditional,central,Thu,13,200,0.7609559528994487,0.7901747342264946,1507555
strict_unconditional,central,Thu,13,300,0.9471444691095375,0.9519228511200207,1876419
strict_unconditional,central,Thu,13,400,0.988413847445092,0.9886447722670247,1958179
strict_unconditional,central,Thu,14,100,0.314299097983312,0.3770761449942103,622668
strict_unconditional,central,Thu,14,200,0.7616836594987149,0.790768048233029,1508996
strict_unconditional,central,Thu,14,300,0.94760680305502,0.9520938524011134,1877335
strict_unconditional,central,Thu,14,400,0.9884343668614581,0.9886595611491941,1958220
strict_unconditional,central,Thu,15,100,0.31419540056699297,0.3770021598578536,622463
strict_unconditional,central,Thu,15,200,0.761347586304237,0.7905830826664844,1508331
strict_unconditional,central,Thu,15,300,0.9474404738036489,0.9520691906889946,1877005
strict_unconditional,central,Thu,15,400,0.9883476387596078,0.9885362525885998,1958048
strict_unconditional,central,Thu,16,100,0.31343855162119455,0.3760991127771311,620963
strict_unconditional,central,Thu,16,200,0.7603236188290177,0.7895455205709497,1506302
strict_unconditional,central,Thu,16,300,0.9472491123320428,0.9519422966377857,1876626
strict_unconditional,central,Thu,16,400,0.9882769137434734,0.9885204720287618,1957908
strict_unconditional,central,Thu,17,100,0.3111348822444761,0.37369251614668386,616399
strict_unconditional,central,Thu,17,200,0.7577425533876472,0.7872967076254875,1501189
strict_unconditional,central,Thu,17,300,0.9466690602874485,0.9511025316716574,1875477
strict_unconditional,central,Thu,17,400,0.9882757046545736,0.9885053889807994,1957905
strict_unconditional,central,Thu,18,100,0.034494709125441544,0.042197585795952314,68339
strict_unconditional,central,Thu,18,200,0.13693773249566263,0.14492186628571405,271292
strict_unconditional,central,Thu,18,300,0.29582462728900105,0.302985191766042,586068
strict_unconditional,central,Thu,18,400,0.4781428213240994,0.48605615837564475,947264
strict_unconditional,central,Thu,19,100,0.030210522506870598,0.03636238940320935,59851
strict_unconditional,central,Thu,19,200,0.11956033931915218,0.12626958234065086,236865
strict_unconditional,central,Thu,19,300,0.2617003871158961,0.26830100957979897,518463
strict_unconditional,central,Thu,19,400,0.4320637879770444,0.4417989766227904,855976
strict_unconditional,central,Thu,20,100,0.028706700124409016,0.03477018112124104,56872
strict_unconditional,central,Thu,20,200,0.11474491563278577,0.12205258537854251,227325
strict_unconditional,central,Thu,20,300,0.25364403886024045,0.2601414890664238,502502
strict_unconditional,central,Thu,20,400,0.4190922401386792,0.4278818265674727,830277
strict_unconditional,central,Thu,21,100,0.027715277713664773,0.0334001072555511,54908
strict_unconditional,central,Thu,21,200,0.11095304662852173,0.11814103159151972,219813
strict_unconditional,central,Thu,21,300,0.2448830092633345,0.2519112063115896,485146
strict_unconditional,central,Thu,21,400,0.4072449029165582,0.41601146141555184,806806
strict_unconditional,central,Thu,22,100,0.026803752284390914,0.03251131153075165,53102
strict_unconditional,central,Thu,22,200,0.1074024197022624,0.1145376979978564,212778
strict_unconditional,central,Thu,22,300,0.23723097623351674,0.24306175796429438,469986
strict_unconditional,central,Thu,22,400,0.3954050458535436,0.40394538319591156,783350
strict_unconditional,central,Thu,23,100,0.026454199053264443,0.03219947271024426,52409
strict_unconditional,central,Thu,23,200,0.10587071995991787,0.11311963910594194,209744
strict_unconditional,central,Thu,23,300,0.23423929073096644,0.24034798340850555,464059
strict_unconditional,central,Thu,23,400,0.39099758364316023,0.3996533767525391,774618
strict_unconditional,central,Fri,0,100,0.026262224471739398,0.03196228715154187,52029
strict_unconditional,central,Fri,0,200,0.10515014447143235,0.11252760647274014,208316
strict_unconditional,central,Fri,0,300,0.23258304692511664,0.23908852117938093,460778
strict_unconditional,central,Fri,0,400,0.38814880491937026,0.39730637623541415,768974
strict_unconditional,central,Fri,1,100,0.025939932597285695,0.03136578519723357,51390
strict_unconditional,central,Fri,1,200,0.10443380042640697,0.11170751550434177,206897
strict_unconditional,central,Fri,1,300,0.23192873664813127,0.2383897992293479,459482
strict_unconditional,central,Fri,1,400,0.3874534200916064,0.39642149512043734,767597
strict_unconditional,central,Fri,2,100,0.02566280549470073,0.030998354140597806,50841
strict_unconditional,central,Fri,2,200,0.10359717735958951,0.11079657160608286,205240
strict_unconditional,central,Fri,2,300,0.23024620871716747,0.23656895849169177,456148
strict_unconditional,central,Fri,2,400,0.38462343302772345,0.39356026420594503,761990
strict_unconditional,central,Fri,3,100,0.02566280549470073,0.030998354140597806,50841
strict_unconditional,central,Fri,3,200,0.10359717735958951,0.11079657160608286,205240
strict_unconditional,central,Fri,3,300,0.23024620871716747,0.23656895849169177,456148
strict_unconditional,central,Fri,3,400,0.38462343302772345,0.39356026420594503,761990
strict_unconditional,central,Fri,4,100,0.025985097369154435,0.031594856094906094,51480
strict_unconditional,central,Fri,4,200,0.10431352140461489,0.11161666257448125,206659
strict_unconditional,central,Fri,4,300,0.2309005189941529,0.23726768044172486,457445
strict_unconditional,central,Fri,4,400,0.3853188178554873,0.39444514532092184,763368
strict_unconditional,central,Fri,5,100,0.025985097369154435,0.031594856094906094,51480
strict_unconditional,central,Fri,5,200,0.10431352140461489,0.11161666257448125,206659
strict_unconditional,central,Fri,5,300,0.2309005189941529,0.23726768044172486,457445
strict_unconditional,central,Fri,5,400,0.3853188178554873,0.39444514532092184,763368
strict_unconditional,central,Fri,6,100,0.026230266842649123,0.031763798589910644,51966
strict_unconditional,central,Fri,6,200,0.10533635887274163,0.11250520245612636,208685
strict_unconditional,central,Fri,6,300,0.23301480733513075,0.2396956664166806,461633
strict_unconditional,central,Fri,6,400,0.3890875829745497,0.39882751902485397,770834
strict_unconditional,central,Fri,7,100,0.02905840671939788,0.03495743879501394,57569
strict_unconditional,central,Fri,7,200,0.11688188590662882,0.12495260198251551,231559
strict_unconditional,central,Fri,7,300,0.25819003158301645,0.26595226106360514,511509
strict_unconditional,central,Fri,7,400,0.4239828041657223,0.43385032118614386,839966
strict_unconditional,central,Fri,8,100,0.038341750037884405,0.047167090097453006,75960
strict_unconditional,central,Fri,8,200,0.1526135107726877,0.16247298013004383,302348
strict_unconditional,central,Fri,8,300,0.3284554128475683,0.3395030664170361,650714
strict_unconditional,central,Fri,8,400,0.5233421340152484,0.5362612554883396,1036810
strict_unconditional,central,Fri,9,100,0.3145878147367227,0.3775808526075658,623240
strict_unconditional,central,Fri,9,200,0.761700735142817,0.7905379978835723,1509030
strict_unconditional,central,Fri,9,300,0.9471938786083276,0.9517885628406069,1876517
strict_unconditional,central,Fri,9,400,0.9883891026082772,0.9886595611491941,1958130
strict_unconditional,central,Fri,10,100,0.31474449468438354,0.37769530473466595,623551
strict_unconditional,central,Fri,10,200,0.7617260444260172,0.7905599802308967,1509080
strict_unconditional,central,Fri,10,300,0.9472077239166973,0.9517885628406069,1876544
strict_unconditional,central,Fri,10,400,0.9883891026082772,0.9886595611491941,1958130
strict_unconditional,central,Fri,11,100,0.31474449468438354,0.37769530473466595,623551
strict_unconditional,central,Fri,11,200,0.7617260444260172,0.7905599802308967,1509080
strict_unconditional,central,Fri,11,300,0.9472077239166973,0.9517885628406069,1876544
strict_unconditional,central,Fri,11,400,0.9883891026082772,0.9886595611491941,1958130
strict_unconditional,central,Fri,12,100,0.3132626510217336,0.37592010782182506,620615
strict_unconditional,central,Fri,12,200,0.7607996670735225,0.7900151966169455,1507245
strict_unconditional,central,Fri,12,300,0.946689563446865,0.9516389211894645,1875518
strict_unconditional,central,Fri,12,400,0.9882983776498907,0.9886416254352581,1957950
strict_unconditional,central,Fri,13,100,0.3136112806599577,0.3762753489265793,621306
strict_unconditional,central,Fri,13,200,0.7607403409263633,0.7898023592124969,1507128
strict_unconditional,central,Fri,13,300,0.9467405043873625,0.9516037112635175,1875619
strict_unconditional,central,Fri,13,400,0.988368583191911,0.9886447722670247,1958089
strict_unconditional,central,Fri,14,100,0.31445525602492946,0.3772607239639281,622978
strict_unconditional,central,Fri,14,200,0.7614674764743808,0.7903956732190313,1508568
strict_unconditional,central,Fri,14,300,0.947202838332845,0.9517747125446103,1876535
strict_unconditional,central,Fri,14,400,0.9883891026082772,0.9886595611491941,1958130
strict_unconditional,central,Fri,15,100,0.31435155860861036,0.3771867388275716,622772
strict_unconditional,central,Fri,15,200,0.7611314032799031,0.7902107076524864,1507902
strict_unconditional,central,Fri,15,300,0.9470365090814739,0.9517500508324916,1876205
strict_unconditional,central,Fri,15,400,0.9883023745064269,0.9885362525885998,1957958
strict_unconditional,central,Fri,16,100,0.31351524126030034,0.37628741988964237,621115
strict_unconditional,central,Fri,16,200,0.7600745441331145,0.7891731455569518,1505809
strict_unconditional,central,Fri,16,300,0.9468451476098676,0.9516231567812826,1875826
strict_unconditional,central,Fri,16,400,0.9882316494902924,0.9885204720287618,1957818
strict_unconditional,central,Fri,17,100,0.31102005675962424,0.37362342741684174,616172
strict_unconditional,central,Fri,17,200,0.7566651724804505,0.785776859014529,1499054
strict_unconditional,central,Fri,17,300,0.9461271360548481,0.9507660510968627,1874403
strict_unconditional,central,Fri,17,400,0.9882009656760599,0.98848856045865,1957757
strict_unconditional,central,Fri,18,100,0.0343876179230313,0.04206421058921023,68126
strict_unconditional,central,Fri,18,200,0.13664204285483805,0.14458246830003807,270706
strict_unconditional,central,Fri,18,300,0.29552024393082593,0.30264210192708735,585465
strict_unconditional,central,Fri,18,400,0.4780809915359284,0.4860142523800936,947142
strict_unconditional,central,Fri,19,100,0.030210522506870598,0.03636238940320935,59851
strict_unconditional,central,Fri,19,200,0.11956033931915218,0.12626958234065086,236865
strict_unconditional,central,Fri,19,300,0.2617003871158961,0.26830100957979897,518463
strict_unconditional,central,Fri,19,400,0.4320637879770444,0.4417989766227904,855976
strict_unconditional,central,Fri,20,100,0.028706700124409016,0.03477018112124104,56872
strict_unconditional,central,Fri,20,200,0.11474491563278577,0.12205258537854251,227325
strict_unconditional,central,Fri,20,300,0.25364403886024045,0.2601414890664238,502502
strict_unconditional,central,Fri,20,400,0.4190922401386792,0.4278818265674727,830277
strict_unconditional,central,Fri,21,100,0.027715277713664773,0.0334001072555511,54908
strict_unconditional,central,Fri,21,200,0.11095304662852173,0.11814103159151972,219813
strict_unconditional,central,Fri,21,300,0.2448830092633345,0.2519112063115896,485146
strict_unconditional,central,Fri,21,400,0.4072449029165582,0.41601146141555184,806806
strict_unconditional,central,Fri,22,100,0.026803752284390914,0.03251131153075165,53102
strict_unconditional,central,Fri,22,200,0.1074024197022624,0.1145376979978564,212778
strict_unconditional,central,Fri,22,300,0.23723097623351674,0.24306175796429438,469986
strict_unconditional,central,Fri,22,400,0.3954050458535436,0.40394538319591156,783350
strict_unconditional,central,Fri,23,100,0.026454199053264443,0.03219947271024426,52409
strict_unconditional,central,Fri,23,200,0.10587071995991787,0.11311963910594194,209744
strict_unconditional,central,Fri,23,300,0.23423929073096644,0.24034798340850555,464059
strict_unconditional,central,Fri,23,400,0.39099758364316023,0.3996533767525391,774618
strict_unconditional,central,Sat,0,100,0.025204609532104873,0.030859331694436807,49934
strict_unconditional,central,Sat,0,200,0.1011707800212384,0.10882202213014378,200433
strict_unconditional,central,Sat,0,300,0.22336506859440833,0.22955467075756394,442516
strict_unconditional,central,Sat,0,400,0.37493643750872246,0.3827868977357874,742799
strict_unconditional,central,Sat,1,100,0.024882317657651174,0.030262829740128512,49295
strict_unconditional,central,Sat,1,200,0.10045443597621302,0.10800193116174539,199014
strict_unconditional,central,Sat,1,300,0.22271075831742296,0.2288559488075309,441220
strict_unconditional,central,Sat,1,400,0.3742410526809586,0.38190201662081064,741421
strict_unconditional,central,Sat,2,100,0.024605190555066204,0.02989539868349275,48746
strict_unconditional,central,Sat,2,200,0.09961781290939556,0.10709098726348648,197356
strict_unconditional,central,Sat,2,300,0.2210282303864592,0.2270351080698748,437886
strict_unconditional,central,Sat,2,400,0.3714110656170757,0.3790407857063184,735815
strict_unconditional,central,Sat,3,100,0.024605190555066204,0.02989539868349275,48746
strict_unconditional,central,Sat,3,200,0.09961781290939556,0.10709098726348648,197356
strict_unconditional,central,Sat,3,300,0.2210282303864592,0.2270351080698748,437886
strict_unconditional,central,Sat,3,400,0.3714110656170757,0.3790407857063184,735815
strict_unconditional,central,Sat,4,100,0.024927482429519907,0.03049190063780104,49385
strict_unconditional,central,Sat,4,200,0.10033415695442094,0.10791107823188485,198775
strict_unconditional,central,Sat,4,300,0.22168254066344453,0.22773383001990785,439183
strict_unconditional,central,Sat,4,400,0.37210645044483953,0.37992566682129514,737192
strict_unconditional,central,Sat,5,100,0.024927482429519907,0.03049190063780104,49385
strict_unconditional,central,Sat,5,200,0.10033415695442094,0.10791107823188485,198775
strict_unconditional,central,Sat,5,300,0.22168254066344453,0.22773383001990785,439183
strict_unconditional,central,Sat,5,400,0.37210645044483953,0.37992566682129514,737192
strict_unconditional,central,Sat,6,100,0.024951290248020844,0.030503374340757273,49432
strict_unconditional,central,Sat,6,200,0.10054254787608581,0.10805402707224546,199188
strict_unconditional,central,Sat,6,300,0.22222380215975338,0.22819087931684526,440255
strict_unconditional,central,Sat,6,400,0.373328802237266,0.3811455394572491,739614
strict_unconditional,central,Sat,7,100,0.025466209762946477,0.03110782953768368,50452
strict_unconditional,central,Sat,7,200,0.1022674464505637,0.1100541223009602,202605
strict_unconditional,central,Sat,7,300,0.2265356385087123,0.23276079870025917,448797
strict_unconditional,central,Sat,7,400,0.3794856498643581,0.3874107882724725,751811
strict_unconditional,central,Sat,8,100,0.027964374096464868,0.03436813205842743,55401
strict_unconditional,central,Sat,8,200,0.11113280386156223,0.11875543660881642,220169
strict_unconditional,central,Sat,8,300,0.24321821181716477,0.2502716123868196,481848
strict_unconditional,central,Sat,8,400,0.4058570543149095,0.41411644882363763,804057
strict_unconditional,central,Sat,9,100,0.07979814737345779,0.0966590412653336,158091
strict_unconditional,central,Sat,9,200,0.2787888224504845,0.29671843213411814,552318
strict_unconditional,central,Sat,9,300,0.5305438200879361,0.5438447565071125,1051078
strict_unconditional,central,Sat,9,400,0.7507024060932698,0.7606139774397328,1487241
strict_unconditional,central,Sat,10,100,0.08070698760207609,0.09797994240914187,159891
strict_unconditional,central,Sat,10,200,0.2801369274452493,0.2977852433863698,554988
strict_unconditional,central,Sat,10,300,0.5316597115410955,0.5451159135782547,1053288
strict_unconditional,central,Sat,10,400,0.7510316223150181,0.7609848973249551,1487893
strict_unconditional,central,Sat,11,100,0.08070698760207609,0.09797994240914187,159891
strict_unconditional,central,Sat,11,200,0.2801369274452493,0.2977852433863698,554988
strict_unconditional,central,Sat,11,300,0.5316597115410955,0.5451159135782547,1053288
strict_unconditional,central,Sat,11,400,0.7510316223150181,0.7609848973249551,1487893
strict_unconditional,central,Sat,12,100,0.07964782054774774,0.09665649922092696,157793
strict_unconditional,central,Sat,12,200,0.27757875080246314,0.2946187359067329,549920
strict_unconditional,central,Sat,12,300,0.5297367380167961,0.543853948257505,1049479
strict_unconditional,central,Sat,12,400,0.748324499659901,0.7583624913206453,1482530
strict_unconditional,central,Sat,13,100,0.07909194069145058,0.09599963531520755,156692
strict_unconditional,central,Sat,13,200,0.27534214670103524,0.29256653967937996,545489
strict_unconditional,central,Sat,13,300,0.5256457689777392,0.5393913351588416,1041374
strict_unconditional,central,Sat,13,400,0.7439978185169264,0.7541889018603567,1473958
strict_unconditional,central,Sat,14,100,0.0797951918534821,0.09689701958807642,158085
strict_unconditional,central,Sat,14,200,0.2768929427717295,0.29403083410706854,548562
strict_unconditional,central,Sat,14,300,0.5264545148904044,0.5396251517352076,1042976
strict_unconditional,central,Sat,14,400,0.7445678721407718,0.7545202886349204,1475088
strict_unconditional,central,Sat,15,100,0.0801309997466766,0.09734008888823399,158750
strict_unconditional,central,Sat,15,200,0.27851144485799134,0.29567690968680627,551768
strict_unconditional,central,Sat,15,300,0.5294560023140686,0.5428834710557566,1048923
strict_unconditional,central,Sat,15,400,0.7481437417288189,0.7583718591793001,1482172
strict_unconditional,central,Sat,16,100,0.0801309997466766,0.09734008888823399,158750
strict_unconditional,central,Sat,16,200,0.27851144485799134,0.29567690968680627,551768
strict_unconditional,central,Sat,16,300,0.5294560023140686,0.5428834710557566,1048923
strict_unconditional,central,Sat,16,400,0.7481437417288189,0.7583718591793001,1482172
strict_unconditional,central,Sat,17,100,0.08008821393224923,0.09723350265097572,158665
strict_unconditional,central,Sat,17,200,0.2783149071606407,0.2953919430706309,551379
strict_unconditional,central,Sat,17,300,0.529075107359747,0.542489773580591,1048168
strict_unconditional,central,Sat,17,400,0.7480082517533552,0.7581938973912831,1481904
strict_unconditional,central,Sat,18,100,0.028635244344797136,0.0350972871016445,56730
strict_unconditional,central,Sat,18,200,0.11418613783354489,0.1220541908782413,226218
strict_unconditional,central,Sat,18,300,0.25174157211922865,0.2585785451925678,498733
strict_unconditional,central,Sat,18,400,0.42171155501185903,0.42933142450574957,835467
strict_unconditional,central,Sat,19,100,0.026316572977617924,0.032064328309544976,52137
strict_unconditional,central,Sat,19,200,0.10423604115380701,0.11136047939182221,206505
strict_unconditional,central,Sat,19,300,0.22939821042357836,0.23583052937375362,454468
strict_unconditional,central,Sat,19,400,0.3864793858022048,0.3949115804596414,765667
strict_unconditional,central,Sat,20,100,0.026264448926441395,0.03212655397752523,52033
strict_unconditional,central,Sat,20,200,0.1051890162147992,0.11284020002456732,208393
strict_unconditional,central,Sat,20,300,0.23256841079192983,0.2390181155721762,460749
strict_unconditional,central,Sat,20,400,0.38983184060804865,0.39778729208400343,772309
strict_unconditional,central,Sat,21,100,0.02574763346304518,0.03134581707422356,51009
strict_unconditional,central,Sat,21,200,0.10330911860764763,0.11078230300102802,204669
strict_unconditional,central,Sat,21,300,0.22804690591057922,0.23433428411076604,451791
strict_unconditional,central,Sat,21,400,0.38282064792478515,0.39016300933667925,758419
strict_unconditional,central,Sat,22,100,0.02541835905122391,0.03110979637700178,50357
strict_unconditional,central,Sat,22,200,0.1020049271302404,0.10951438217184228,202085
strict_unconditional,central,Sat,22,300,0.22542746583396772,0.2310297621423777,446602
strict_unconditional,central,Sat,22,400,0.37874654728553697,0.3860959928757285,750347
strict_unconditional,central,Sat,23,100,0.025396584113629914,0.0310965172531392,50314
strict_unconditional,central,Sat,23,200,0.10189135550972392,0.10941405476334554,201860
strict_unconditional,central,Sat,23,300,0.22502131240025813,0.23081413298668857,445797
strict_unconditional,central,Sat,23,400,0.37778521623251243,0.38513389825291233,748443
strict_unconditional,central,Sun,0,100,0.02505440103312088,0.03064789688996246,49636
strict_unconditional,central,Sun,0,200,0.10075391111501922,0.1084049916177868,199607
strict_unconditional,central,Sun,0,300,0.22302811385253274,0.22923296180253094,441848
strict_unconditional,central,Sun,0,400,0.374629404613038,0.38245183415581996,742191
strict_unconditional,central,Sun,1,100,0.024732109158667182,0.03005139493565417,48998
strict_unconditional,central,Sun,1,200,0.10003756706999382,0.10758490064938842,198188
strict_unconditional,central,Sun,1,300,0.22237380357554734,0.22853423985249788,440552
strict_unconditional,central,Sun,1,400,0.3739340197852741,0.38156695304084315,740813
strict_unconditional,central,Sun,2,100,0.024454982056082215,0.029683963879018397,48449
strict_unconditional,central,Sun,2,200,0.09920094400317639,0.10667395675112952,196530
strict_unconditional,central,Sun,2,300,0.2206912756445836,0.22671339911484184,437219
strict_unconditional,central,Sun,2,400,0.3711040327213912,0.3787057221263509,735206
strict_unconditional,central,Sun,3,100,0.024454982056082215,0.029683963879018397,48449
strict_unconditional,central,Sun,3,200,0.09920094400317639,0.10667395675112952,196530
strict_unconditional,central,Sun,3,300,0.2206912756445836,0.22671339911484184,437219
strict_unconditional,central,Sun,3,400,0.3711040327213912,0.3787057221263509,735206
strict_unconditional,central,Sun,4,100,0.024777273930535915,0.030280465833326692,49087
strict_unconditional,central,Sun,4,200,0.09991728804820176,0.10749404771952788,197949
strict_unconditional,central,Sun,4,300,0.22134558592156894,0.22741212106487482,438515
strict_unconditional,central,Sun,4,400,0.371799417549155,0.3795906032413277,736584
strict_unconditional,central,Sun,5,100,0.024777273930535915,0.030280465833326692,49087
strict_unconditional,central,Sun,5,200,0.09991728804820176,0.10749404771952788,197949
strict_unconditional,central,Sun,5,300,0.22134558592156894,0.22741212106487482,438515
strict_unconditional,central,Sun,5,400,0.371799417549155,0.3795906032413277,736584
strict_unconditional,central,Sun,6,100,0.024777273930535915,0.030280465833326692,49087
strict_unconditional,central,Sun,6,200,0.09991728804820176,0.10749404771952788,197949
strict_unconditional,central,Sun,6,300,0.22134558592156894,0.22741212106487482,438515
strict_unconditional,central,Sun,6,400,0.371799417549155,0.3795906032413277,736584
strict_unconditional,central,Sun,7,100,0.025156709897478573,0.030763879864203404,49839
strict_unconditional,central,Sun,7,200,0.10108213570856941,0.1088579552941258,200257
strict_unconditional,central,Sun,7,300,0.22443173505494193,0.23039739822669955,444629
strict_unconditional,central,Sun,7,400,0.3772459565920515,0.38497583564056304,747374
strict_unconditional,central,Sun,8,100,0.026060157714849454,0.03226142575974038,51629
strict_unconditional,central,Sun,8,200,0.10458414565623195,0.11213572548480592,207195
strict_unconditional,central,Sun,8,300,0.23206283823514784,0.23827195248464422,459747
strict_unconditional,central,Sun,8,400,0.39125321270377245,0.3995793387491327,775125
strict_unconditional,central,Sun,9,100,0.06704723944472044,0.08146818234694135,132829
strict_unconditional,central,Sun,9,200,0.23757366933775037,0.25321051753616697,470665
strict_unconditional,central,Sun,9,300,0.4676994093877646,0.47844317308061735,926575
strict_unconditional,central,Sun,9,400,0.6824801107153108,0.6923549300196873,1352084
strict_unconditional,central,Sun,10,100,0.06756571998954962,0.08185311371723879,133857
strict_unconditional,central,Sun,10,200,0.23896331819974614,0.2544859773019038,473418
strict_unconditional,central,Sun,10,300,0.4690013902498494,0.47973566163594217,929154
strict_unconditional,central,Sun,10,400,0.6827978228487243,0.6928217670386685,1352713
strict_unconditional,central,Sun,11,100,0.06759782126037849,0.08185588090442235,133920
strict_unconditional,central,Sun,11,200,0.2389633821856151,0.2544859773019038,473418
strict_unconditional,central,Sun,11,300,0.4690013902498494,0.47973566163594217,929154
strict_unconditional,central,Sun,11,400,0.6827978228487243,0.6928217670386685,1352713
strict_unconditional,central,Sun,12,100,0.06675898511548496,0.08108041111374922,132258
strict_unconditional,central,Sun,12,200,0.23679411531893546,0.2521690999409008,469121
strict_unconditional,central,Sun,12,300,0.46696970225633694,0.4780168776220544,925129
strict_unconditional,central,Sun,12,400,0.6808811514580333,0.6906234169069113,1348916
strict_unconditional,central,Sun,13,100,0.06642317722229046,0.08063734181359165,131593
strict_unconditional,central,Sun,13,200,0.2351756132326736,0.2505230243611631,465914
strict_unconditional,central,Sun,13,300,0.4639682148326726,0.47475855830150554,919183
strict_unconditional,central,Sun,13,400,0.6773052818699862,0.6867718463625317,1341832
strict_unconditional,central,Sun,14,100,0.06657293647969381,0.08078066039476364,131890
strict_unconditional,central,Sun,14,200,0.23584327216515857,0.2511880189422202,467237
strict_unconditional,central,Sun,14,300,0.46446083504859836,0.47516987519394915,920159
strict_unconditional,central,Sun,14,400,0.6779494969025666,0.6876691900718456,1343108
strict_unconditional,central,Sun,15,100,0.06657293647969381,0.08078066039476364,131890
strict_unconditional,central,Sun,15,200,0.23584327216515857,0.2511880189422202,467237
strict_unconditional,central,Sun,15,300,0.46446083504859836,0.47516987519394915,920159
strict_unconditional,central,Sun,15,400,0.6779494969025666,0.6876691900718456,1343108
strict_unconditional,central,Sun,16,100,0.06657293647969381,0.08078066039476364,131890
strict_unconditional,central,Sun,16,200,0.23584327216515857,0.2511880189422202,467237
strict_unconditional,central,Sun,16,300,0.46446083504859836,0.47516987519394915,920159
strict_unconditional,central,Sun,16,400,0.6779494969025666,0.6876691900718456,1343108
strict_unconditional,central,Sun,17,100,0.06657293647969381,0.08078066039476364,131890
strict_unconditional,central,Sun,17,200,0.23584327216515857,0.2511880189422202,467237
strict_unconditional,central,Sun,17,300,0.46446083504859836,0.47516987519394915,920159
strict_unconditional,central,Sun,17,400,0.6779494969025666,0.6876691900718456,1343108
strict_unconditional,central,Sun,18,100,0.026268479527164802,0.03207457895550166,52041
strict_unconditional,central,Sun,18,200,0.10474617688499055,0.11198160777852449,207516
strict_unconditional,central,Sun,18,300,0.23261591080953042,0.23752613216701587,460843
strict_unconditional,central,Sun,18,400,0.3904947213757454,0.3963280058315425,773622
strict_unconditional,central,Sun,19,100,0.02540618762333049,0.030782940563586048,50333
strict_unconditional,central,Sun,19,200,0.10086957824807438,0.10794273514621147,199836
strict_unconditional,central,Sun,19,300,0.22374756541758475,0.22933153543615797,443274
strict_unconditional,central,Sun,19,400,0.37774601787687967,0.3855839035764711,748365
strict_unconditional,central,Sun,20,100,0.025141651101671356,0.030687281352631365,49809
strict_unconditional,central,Sun,20,200,0.10094786075119216,0.10806466063419057,199991
strict_unconditional,central,Sun,20,300,0.2247546993014334,0.2300344220105889,445269
strict_unconditional,central,Sun,20,400,0.3792431751893015,0.38633866820147916,751331
strict_unconditional,central,Sun,21,100,0.025141651101671356,0.030687281352631365,49809
strict_unconditional,central,Sun,21,200,0.10094786075119216,0.10806466063419057,199991
strict_unconditional,central,Sun,21,300,0.2247546993014334,0.2300344220105889,445269
strict_unconditional,central,Sun,21,400,0.3792431751893015,0.38633866820147916,751331
strict_unconditional,central,Sun,22,100,0.02503484827146557,0.030592392974145035,49597
strict_unconditional,central,Sun,22,200,0.10051281111461347,0.1076222767289646,199129
strict_unconditional,central,Sun,22,300,0.22346246152008126,0.22865106015758493,442709
strict_unconditional,central,Sun,22,400,0.3775611024141405,0.38486962152647314,747999
strict_unconditional,central,Sun,23,100,0.025013073333871573,0.030579113850282457,49554
strict_unconditional,central,Sun,23,200,0.10039923949409701,0.1075219493204679,198904
strict_unconditional,central,Sun,23,300,0.2230563080863716,0.22843543100189578,441904
strict_unconditional,central,Sun,23,400,0.37659977136111605,0.383907526903657,746094
declared,low,Mon,0,100,0.03904338003947963,0.047932561127410074,77350
declared,low,Mon,0,200,0.15209680021597952,0.16207896508920128,301324
declared,low,Mon,0,300,0.32456534733877046,0.33492762103276635,643007
declared,low,Mon,0,400,0.5202732389383764,0.531604549236914,1030730
declared,low,Mon,1,100,0.038654227827729606,0.047267104468080495,76579
declared,low,Mon,1,200,0.1513066417465956,0.16124892912306668,299759
declared,low,Mon,1,300,0.3238437056804992,0.33411982087036346,641577
declared,low,Mon,1,400,0.5194155345810694,0.5306393073963479,1029031
declared,low,Mon,2,100,0.038377100725144636,0.046899673411444735,76030
declared,low,Mon,2,200,0.15047001867977816,0.16033798522480777,298101
declared,low,Mon,2,300,0.3221611777495354,0.3322989801327074,638244
declared,low,Mon,2,400,0.5165855475171863,0.5277780764818557,1023425
declared,low,Mon,3,100,0.038377100725144636,0.046899673411444735,76030
declared,low,Mon,3,200,0.15047001867977816,0.16033798522480777,298101
declared,low,Mon,3,300,0.3221611777495354,0.3322989801327074,638244
declared,low,Mon,3,400,0.5165855475171863,0.5277780764818557,1023425
declared,low,Mon,4,100,0.038707467825858044,0.04749617536575303,76685
declared,low,Mon,4,200,0.15111978850254276,0.16109943737559765,299388
declared,low,Mon,4,300,0.32269991673162524,0.33290428414617584,639311
declared,low,Mon,4,400,0.5172801575288796,0.5286108604281885,1024801
declared,low,Mon,5,100,0.03875965360161014,0.04755384682924193,76788
declared,low,Mon,5,200,0.15131233117515996,0.16127925085541645,299770
declared,low,Mon,5,300,0.3229356076204606,0.333205551296843,639778
declared,low,Mon,5,400,0.5174184914167151,0.5287018787104631,1025075
declared,low,Mon,6,100,0.03926632567200314,0.04791373775107535,77792
declared,low,Mon,6,200,0.1532679623744268,0.16298032061000875,303644
declared,low,Mon,6,300,0.32617664386881656,0.3367452019853049,646199
declared,low,Mon,6,400,0.5212337799055771,0.5327889223843429,1032633
declared,low,Mon,7,100,0.044119746137993264,0.05328587605437843,87407
declared,low,Mon,7,200,0.17085354913652606,0.18186499632071323,338484
declared,low,Mon,7,300,0.359596533807205,0.37081238009627066,712408
declared,low,Mon,7,400,0.562727953534337,0.5740612233826559,1114839
declared,low,Mon,8,100,0.06015429744772148,0.0725215435628559,119174
declared,low,Mon,8,200,0.22698168298693194,0.23991344609087611,449681
declared,low,Mon,8,300,0.4563351632251358,0.47044765070064937,904061
declared,low,Mon,8,400,0.6782064634065265,0.6924934309968804,1343617
declared,low,Mon,9,100,0.07539141594331816,0.09213573315709629,149360
declared,low,Mon,9,200,0.27605379111390527,0.28967148940426185,546899
declared,low,Mon,9,300,0.5293071859401384,0.5420696595228028,1048628
declared,low,Mon,9,400,0.7471919062081837,0.7604471463625467,1480286
declared,low,Mon,10,100,0.39058205388358364,0.4661131715051171,773795
declared,low,Mon,10,200,0.8355120022987566,0.8591469741158786,1655260
declared,low,Mon,10,300,0.9696071548638406,0.9727118687390187,1920920
declared,low,Mon,10,400,0.992419423604138,0.9919858993019842,1966115
declared,low,Mon,11,100,0.3905466738162043,0.4661004103627244,773725
declared,low,Mon,11,200,0.8354257886187114,0.8590537746657533,1655089
declared,low,Mon,11,300,0.9695687993219217,0.9726631358730213,1920844
declared,low,Mon,11,400,0.992419423604138,0.9919858993019842,1966115
declared,low,Mon,12,100,0.3878895528553314,0.46309216526657104,768461
declared,low,Mon,12,200,0.8342877132830075,0.858323066985344,1652835
declared,low,Mon,12,300,0.9691813396872931,0.9726446620875003,1920077
declared,low,Mon,12,400,0.992412064548601,0.9919858993019842,1966100
declared,low,Mon,13,100,0.3880359576482512,0.46325409447229904,768751
declared,low,Mon,13,200,0.8335614004958164,0.8576291476718201,1651396
declared,low,Mon,13,300,0.9688895653331788,0.9722669276670557,1919499
declared,low,Mon,13,400,0.992412064548601,0.9919858993019842,1966100
declared,low,Mon,14,100,0.3903275163129145,0.4657829739442591,773291
declared,low,Mon,14,200,0.8352634543132224,0.8589744742801702,1654768
declared,low,Mon,14,300,0.9696071548638406,0.9727118687390187,1920920
declared,low,Mon,14,400,0.992419423604138,0.9919858993019842,1966115
declared,low,Mon,15,100,0.39018833761890837,0.4656561195566971,773015
declared,low,Mon,15,200,0.8349273811187443,0.8587895087136251,1654102
declared,low,Mon,15,300,0.9694506892747505,0.9726872070268998,1920610
declared,low,Mon,15,400,0.9923326955022878,0.99186259074139,1965943
declared,low,Mon,16,100,0.38892222107246865,0.46433316715028317,770507
declared,low,Mon,16,200,0.8341250376309516,0.8579548071966855,1652512
declared,low,Mon,16,300,0.9693990614636191,0.9726865574543947,1920508
declared,low,Mon,16,400,0.9923326955022878,0.99186259074139,1965943
declared,low,Mon,17,100,0.06438817155683496,0.07923053935129207,127562
declared,low,Mon,17,200,0.24265573292173567,0.25490497598229944,480733
declared,low,Mon,17,300,0.4801134971245757,0.4899150008953471,951169
declared,low,Mon,17,400,0.6958185497449334,0.7064643152805498,1378509
declared,low,Mon,18,100,0.051539256128523885,0.063368023142129,102106
declared,low,Mon,18,200,0.19738266149345035,0.2073452908043254,391041
declared,low,Mon,18,300,0.40336143580920014,0.41452431292559366,799113
declared,low,Mon,18,400,0.6095506479610941,0.621578168800968,1207601
declared,low,Mon,19,100,0.0441786953271914,0.053811784959734495,87524
declared,low,Mon,19,200,0.17089573876014405,0.18062560105509,338567
declared,low,Mon,19,300,0.35941736865611545,0.370375218305361,712054
declared,low,Mon,19,400,0.5635296988227633,0.5757124855582756,1116427
declared,low,Mon,20,100,0.04263156378625177,0.052275616425444094,84459
declared,low,Mon,20,200,0.16530244984419193,0.1754963271363325,327486
declared,low,Mon,20,300,0.349422944821944,0.35981791485682807,692253
declared,low,Mon,20,400,0.5500407494616398,0.5605400889135376,1089704
declared,low,Mon,21,100,0.04066430065822052,0.04953044426237964,80561
declared,low,Mon,21,200,0.15863475264101495,0.1683842946091711,314276
declared,low,Mon,21,300,0.33668303771275676,0.3473256081835931,667014
declared,low,Mon,21,400,0.5355208505314428,0.5453487841626639,1060938
declared,low,Mon,22,100,0.03970082577665366,0.04862593363601653,78653
declared,low,Mon,22,200,0.15502645872463702,0.16519574123284494,307128
declared,low,Mon,22,300,0.3292289355907814,0.33913013586433005,652246
declared,low,Mon,22,400,0.5248805138744141,0.5353049500416802,1039858
declared,low,Mon,23,100,0.039243715574946145,0.048165955691347996,77747
declared,low,Mon,23,200,0.15318852832557578,0.1632976645992667,303487
declared,low,Mon,23,300,0.3256732471783398,0.33583023338397455,645202
declared,low,Mon,23,400,0.5204659067035545,0.531258164185539,1031112
declared,low,Tue,0,100,0.038999555217669006,0.04787109866915671,77263
declared,low,Tue,0,200,0.1522754101644731,0.16252581848624614,301678
declared,low,Tue,0,300,0.3237813124836547,0.3342695040041828,641454
declared,low,Tue,0,400,0.5174679391660103,0.5287892546474109,1025173
declared,low,Tue,1,100,0.03861040300591899,0.04720564200982713,76492
declared,low,Tue,1,200,0.15148525169508917,0.16169578252011152,300112
declared,low,Tue,1,300,0.32313982742830183,0.33354065528718413,640183
declared,low,Tue,1,400,0.5168131533918929,0.5281403863787191,1023875
declared,low,Tue,2,100,0.03861040300591899,0.04720564200982713,76492
declared,low,Tue,2,200,0.15148525169508917,0.16169578252011152,300112
declared,low,Tue,2,300,0.32313982742830183,0.33354065528718413,640183
declared,low,Tue,2,400,0.5168131533918929,0.5281403863787191,1023875
declared,low,Tue,3,100,0.03861040300591899,0.04720564200982713,76492
declared,low,Tue,3,200,0.15148525169508917,0.16169578252011152,300112
declared,low,Tue,3,300,0.32313982742830183,0.33354065528718413,640183
declared,low,Tue,3,400,0.5168131533918929,0.5281403863787191,1023875
declared,low,Tue,4,100,0.0389407701066324,0.04780214396413542,77147
declared,low,Tue,4,200,0.15213502151785382,0.1624572346709014,301400
declared,low,Tue,4,300,0.3235984098074733,0.33406700785524823,641091
declared,low,Tue,4,400,0.5173048448203964,0.5286567967531777,1024850
declared,low,Tue,5,100,0.03899295588238449,0.04785981542762432,77250
declared,low,Tue,5,200,0.15232756419047103,0.1626370481507202,301781
declared,low,Tue,5,300,0.32383410069630864,0.33436827500591537,641558
declared,low,Tue,5,400,0.5174431787082319,0.5287478150354524,1025124
declared,low,Tue,6,100,0.039499627952777484,0.04821970634945774,78254
declared,low,Tue,6,200,0.15428319538973786,0.16433811790531247,305655
declared,low,Tue,6,300,0.32707513694466467,0.33790792569437733,647979
declared,low,Tue,6,400,0.5212584671970939,0.5328348587093321,1032682
declared,low,Tue,7,100,0.04432107586106042,0.05356184122631377,87806
declared,low,Tue,7,200,0.17172918949692145,0.18304281907485992,340218
declared,low,Tue,7,300,0.3604003997969716,0.37188315662168836,714001
declared,low,Tue,7,400,0.5627466595681005,0.574107159707645,1114876
declared,low,Tue,8,100,0.060301236182389584,0.07318152584442005,119465
declared,low,Tue,8,200,0.2279132633935948,0.24074511135434998,451526
declared,low,Tue,8,300,0.45826939715004483,0.4726757660690185,907892
declared,low,Tue,8,400,0.6812094855762718,0.6946407227078811,1349566
declared,low,Tue,9,100,0.07571404476197036,0.09272788440125711,150000
declared,low,Tue,9,200,0.2770788165475238,0.29104990036076445,548930
declared,low,Tue,9,300,0.5318466151217339,0.5439487562334946,1053659
declared,low,Tue,9,400,0.7510886794206201,0.7627054785184976,1488006
declared,low,Tue,10,100,0.3914622980810647,0.4670603888567463,775539
declared,low,Tue,10,200,0.8366248617809213,0.860094106549408,1657465
declared,low,Tue,10,300,0.9707071994460605,0.9734974095548272,1923100
declared,low,Tue,10,400,0.993215293792457,0.9927901918757491,1967691
declared,low,Tue,11,100,0.3914269180136853,0.4670476277143535,775469
declared,low,Tue,11,200,0.8365386481008761,0.8600009070992828,1657294
declared,low,Tue,11,300,0.9706688439041418,0.9734486766888298,1923024
declared,low,Tue,11,400,0.993215293792457,0.9927901918757491,1967691
declared,low,Tue,12,100,0.3884662740987726,0.4636559043498923,769603
declared,low,Tue,12,200,0.8352395946943216,0.859140749989973,1654720
declared,low,Tue,12,300,0.9702522898050697,0.9734190666622043,1922199
declared,low,Tue,12,400,0.9932079347369198,0.9927901918757491,1967677
declared,low,Tue,13,100,0.38883223349659946,0.46397064278475836,770328
declared,low,Tue,13,200,0.8345890067752539,0.8584635350381059,1653432
declared,low,Tue,13,300,0.9699896099153986,0.9730524684828642,1921678
declared,low,Tue,13,400,0.9932079347369198,0.9927901918757491,1967677
declared,low,Tue,14,100,0.39112379216126275,0.4664995222567183,774868
declared,low,Tue,14,200,0.8362910605926599,0.8598088616464561,1656804
declared,low,Tue,14,300,0.9707071994460605,0.9734974095548272,1923100
declared,low,Tue,14,400,0.993215293792457,0.9927901918757491,1967691
declared,low,Tue,15,100,0.39105199175923416,0.46645032713514084,774726
declared,low,Tue,15,200,0.8359552189723592,0.8596320889037541,1656138
declared,low,Tue,15,300,0.9705507338569704,0.9734727478427082,1922790
declared,low,Tue,15,400,0.9931285656906067,0.9926668833151551,1967519
declared,low,Tue,16,100,0.3897858752127943,0.46512737472872684,772218
declared,low,Tue,16,200,0.8351528754845664,0.8587973873868144,1654549
declared,low,Tue,16,300,0.970499106045839,0.9734720982702032,1922688
declared,low,Tue,16,400,0.9931285656906067,0.9926668833151551,1967519
declared,low,Tue,17,100,0.06395154217207054,0.07848550170490624,126696
declared,low,Tue,17,200,0.2412024246633401,0.25351025085157103,477854
declared,low,Tue,17,300,0.47862184846960815,0.4873159655744736,948213
declared,low,Tue,17,400,0.6954587933114468,0.7049163501313729,1377796
declared,low,Tue,18,100,0.052402597102634306,0.06468362545691,103816
declared,low,Tue,18,200,0.20115361277875637,0.21090486101336178,398512
declared,low,Tue,18,300,0.41035362275240356,0.4207426451127685,812965
declared,low,Tue,18,400,0.618554500995962,0.6281237842494048,1225439
declared,low,Tue,19,100,0.0444315581342418,0.05407476361201713,88025
declared,low,Tue,19,200,0.17161484960389603,0.1813178757364173,339992
declared,low,Tue,19,300,0.36044654043391605,0.3714255336116598,714092
declared,low,Tue,19,400,0.5644865763175028,0.5765229677846936,1118323
declared,low,Tue,20,100,0.04292701598428461,0.05264690219901138,85044
declared,low,Tue,20,200,0.1660493248681413,0.1761756389547177,328966
declared,low,Tue,20,300,0.35042810900098204,0.36079014147398114,694245
declared,low,Tue,20,400,0.5507645224013934,0.5612798992104687,1091138
declared,low,Tue,21,100,0.04095975285625336,0.04990173003594693,81147
declared,low,Tue,21,200,0.15938162766496436,0.16906360642755622,315756
declared,low,Tue,21,300,0.3377160539062177,0.3482978348007462,669060
declared,low,Tue,21,400,0.536285891268633,0.5461797091595417,1062454
declared,low,Tue,22,100,0.0399962779746865,0.04899721940958381,79238
declared,low,Tue,22,200,0.1557733337485864,0.1658750530512301,308608
declared,low,Tue,22,300,0.33026195178424234,0.3401023624814831,654293
declared,low,Tue,22,400,0.5256100520666716,0.5360447603386116,1041303
declared,low,Tue,23,100,0.03931827752363579,0.04830426623907971,77895
declared,low,Tue,23,200,0.15340198576163971,0.16352503387764983,303910
declared,low,Tue,23,300,0.3263310974961866,0.33637627488591815,646505
declared,low,Tue,23,400,0.5210776388751421,0.5319439932410251,1032324
declared,low,Wed,0,100,0.03907411716635866,0.04800940921688841,77411
declared,low,Wed,0,200,0.1524520457327027,0.162692830164461,302028
declared,low,Wed,0,300,0.32387658692035276,0.33427667928680355,641642
declared,low,Wed,0,400,0.5174679391660103,0.5287892546474109,1025173
declared,low,Wed,1,100,0.038684964954608644,0.047343952557558834,76640
declared,low,Wed,1,200,0.15166188726331886,0.16186279419832642,300462
declared,low,Wed,1,300,0.323235101865,0.3335478305698049,640372
declared,low,Wed,1,400,0.5168131533918929,0.5281403863787191,1023875
declared,low,Wed,2,100,0.038684964954608644,0.047343952557558834,76640
declared,low,Wed,2,200,0.15166188726331886,0.16186279419832642,300462
declared,low,Wed,2,300,0.323235101865,0.3335478305698049,640372
declared,low,Wed,2,400,0.5168131533918929,0.5281403863787191,1023875
declared,low,Wed,3,100,0.038684964954608644,0.047343952557558834,76640
declared,low,Wed,3,200,0.15166188726331886,0.16186279419832642,300462
declared,low,Wed,3,300,0.323235101865,0.3335478305698049,640372
declared,low,Wed,3,400,0.5168131533918929,0.5281403863787191,1023875
declared,low,Wed,4,100,0.039015332055322045,0.04794045451186713,77295
declared,low,Wed,4,200,0.15231165708608346,0.1626242463491163,301750
declared,low,Wed,4,300,0.32369368424417144,0.334074183137869,641280
declared,low,Wed,4,400,0.5173048448203964,0.5286567967531777,1024850
declared,low,Wed,5,100,0.039067517831074136,0.047998125975356035,77398
declared,low,Wed,5,200,0.1525041997587007,0.1628040598289351,302131
declared,low,Wed,5,300,0.32392937513300674,0.3343754502885362,641747
declared,low,Wed,5,400,0.5174431787082319,0.5287478150354524,1025124
declared,low,Wed,6,100,0.03957418990146713,0.04835801689718946,78402
declared,low,Wed,6,200,0.1544598309579675,0.16450512958352737,306005
declared,low,Wed,6,300,0.3272577410807644,0.33797926474633755,648341
declared,low,Wed,6,400,0.5215400884637522,0.5331297210041196,1033240
declared,low,Wed,7,100,0.044368929576847745,0.05365451695697074,87901
declared,low,Wed,7,200,0.1714131879159313,0.1828776687252815,339592
declared,low,Wed,7,300,0.3596136060481812,0.3712363791335249,712442
declared,low,Wed,7,400,0.5621986246115804,0.5732420861667661,1113790
declared,low,Wed,8,100,0.059420708130809026,0.07214542246403742,117720
declared,low,Wed,8,200,0.22427059284781617,0.23728511760592916,444310
declared,low,Wed,8,300,0.45181107597523323,0.4662022741032553,895098
declared,low,Wed,8,400,0.6743384683719567,0.6869145816482711,1335954
declared,low,Wed,9,100,0.07454377261286527,0.09142242017610522,147681
declared,low,Wed,9,200,0.27216174048309094,0.2859958272458096,539189
declared,low,Wed,9,300,0.5242960976944114,0.5368050379188352,1038700
declared,low,Wed,9,400,0.7445527034657522,0.7557039583257862,1475058
declared,low,Wed,10,100,0.39004793008663446,0.4654197453687977,772737
declared,low,Wed,10,200,0.8343296828875736,0.8572389892010991,1652918
declared,low,Wed,10,300,0.9704836031413349,0.9735206053701582,1922657
declared,low,Wed,10,400,0.9931680473216006,0.9927733633535997,1967598
declared,low,Wed,11,100,0.39001255001925517,0.46540698422640503,772667
declared,low,Wed,11,200,0.8342434692075283,0.8571457897509739,1652747
declared,low,Wed,11,300,0.970445247599416,0.9734718725041608,1922581
declared,low,Wed,11,400,0.9931680473216006,0.9927733633535997,1967598
declared,low,Wed,12,100,0.3874024640307438,0.46242457017584665,767496
declared,low,Wed,12,200,0.8330885296914733,0.8564065705327504,1650459
declared,low,Wed,12,300,0.9700286935003439,0.9734422624775354,1921756
declared,low,Wed,12,400,0.9931606882660636,0.9927733633535997,1967583
declared,low,Wed,13,100,0.387510939951987,0.46249009956401854,767711
declared,low,Wed,13,200,0.8323814763619296,0.8557651878938589,1649058
declared,low,Wed,13,300,0.9697787466570442,0.9731163978110677,1921260
declared,low,Wed,13,400,0.9931606882660636,0.9927733633535997,1967583
declared,low,Wed,14,100,0.390066512133866,0.46535763002800246,772774
declared,low,Wed,14,200,0.8348841593625549,0.8580512007126405,1654016
declared,low,Wed,14,300,0.9706325415033891,0.9735613388830306,1922952
declared,low,Wed,14,400,0.9931975220469333,0.9927901918757491,1967656
declared,low,Wed,15,100,0.3901226959924807,0.4655654763739904,772885
declared,low,Wed,15,200,0.8347949761504992,0.8580305421579608,1653840
declared,low,Wed,15,300,0.9704760759142989,0.9735366771709117,1922642
declared,low,Wed,15,400,0.9931107939450831,0.9926668833151551,1967484
declared,low,Wed,16,100,0.38885657944604096,0.4642425239675764,770376
declared,low,Wed,16,200,0.8339926326627064,0.8571958406410213,1652250
declared,low,Wed,16,300,0.9704244481031676,0.9735360275984067,1922540
declared,low,Wed,16,400,0.9931107939450831,0.9926668833151551,1967484
declared,low,Wed,17,100,0.06476942211262873,0.07985371000229986,128317
declared,low,Wed,17,200,0.24361692218021172,0.256450184027446,482637
declared,low,Wed,17,300,0.48300655362249917,0.49221691838760545,956900
declared,low,Wed,17,400,0.700847298905483,0.7098485844603855,1388471
declared,low,Wed,18,100,0.053083028007263756,0.06548781220924238,105165
declared,low,Wed,18,200,0.2037236430184973,0.21378500397221276,403604
declared,low,Wed,18,300,0.41518151375999535,0.42554380131127156,822530
declared,low,Wed,18,400,0.6247783547111991,0.6347791495857374,1237769
declared,low,Wed,19,100,0.04511657903469598,0.054912291595292914,89382
declared,low,Wed,19,200,0.17452194114079728,0.1844814191582873,345751
declared,low,Wed,19,300,0.3657257294180515,0.37651895848942507,724551
declared,low,Wed,19,400,0.571202730647308,0.5836165271380526,1131628
declared,low,Wed,20,100,0.04320414308686958,0.05301433325564715,85593
declared,low,Wed,20,200,0.16688594793495876,0.17708658285297657,330623
declared,low,Wed,20,300,0.35211063693194583,0.3626109822116371,697578
declared,low,Wed,20,400,0.5535945094652762,0.5641411301249611,1096744
declared,low,Wed,21,100,0.041236879958838325,0.05026916109258269,81696
declared,low,Wed,21,200,0.1602182507317818,0.16997455032581513,317414
declared,low,Wed,21,300,0.33939858183718147,0.35011867553840226,672394
declared,low,Wed,21,400,0.5391158783325162,0.549040940074034,1068060
declared,low,Wed,22,100,0.04027340507727148,0.049364650466219594,79787
declared,low,Wed,22,200,0.15660995681540385,0.166785996949489,310265
declared,low,Wed,22,300,0.33194447971520613,0.34192320321913916,657626
declared,low,Wed,22,400,0.5284400391305546,0.5389059912531037,1046910
declared,low,Wed,23,100,0.03959540462622076,0.04867169729571548,78444
declared,low,Wed,23,200,0.15423860882845716,0.16443597777590876,305567
declared,low,Wed,23,300,0.3280136254271504,0.33819711562357424,649839
declared,low,Wed,23,400,0.5239076259390251,0.5348052241555172,1037931
declared,low,Thu,0,100,0.039351244268943625,0.04837684027352418,77960
declared,low,Thu,0,200,0.1532886687995202,0.16360377406271992,303685
declared,low,Thu,0,300,0.32555911485131656,0.33609752002445964,644976
declared,low,Thu,0,400,0.5202979262298931,0.5316504855619033,1030779
declared,low,Thu,1,100,0.038962092057193615,0.04771138361419461,77189
declared,low,Thu,1,200,0.1524985103301363,0.1627737380965853,302120
declared,low,Thu,1,300,0.32491762979596384,0.335368671307461,643705
declared,low,Thu,1,400,0.5196431404557758,0.5310016172932114,1029482
declared,low,Thu,2,100,0.038684964954608644,0.047343952557558834,76640
declared,low,Thu,2,200,0.15166188726331886,0.16186279419832642,300462
declared,low,Thu,2,300,0.323235101865,0.3335478305698049,640372
declared,low,Thu,2,400,0.5168131533918929,0.5281403863787191,1023875
declared,low,Thu,3,100,0.038684964954608644,0.047343952557558834,76640
declared,low,Thu,3,200,0.15166188726331886,0.16186279419832642,300462
declared,low,Thu,3,300,0.323235101865,0.3335478305698049,640372
declared,low,Thu,3,400,0.5168131533918929,0.5281403863787191,1023875
declared,low,Thu,4,100,0.039015332055322045,0.04794045451186713,77295
declared,low,Thu,4,200,0.15231165708608346,0.1626242463491163,301750
declared,low,Thu,4,300,0.32369368424417144,0.334074183137869,641280
declared,low,Thu,4,400,0.5173048448203964,0.5286567967531777,1024850
declared,low,Thu,5,100,0.039067517831074136,0.047998125975356035,77398
declared,low,Thu,5,200,0.1525041997587007,0.1628040598289351,302131
declared,low,Thu,5,300,0.32392937513300674,0.3343754502885362,641747
declared,low,Thu,5,400,0.5174431787082319,0.5287478150354524,1025124
declared,low,Thu,6,100,0.03957418990146713,0.04835801689718946,78402
declared,low,Thu,6,200,0.1544598309579675,0.16450512958352737,306005
declared,low,Thu,6,300,0.32717041138136277,0.33791510097699806,648168
declared,low,Thu,6,400,0.5212584671970939,0.5328348587093321,1032682
declared,low,Thu,7,100,0.04467276491233503,0.05406758283068126,88503
declared,low,Thu,7,200,0.17274244813196854,0.1841207746513337,342226
declared,low,Thu,7,300,0.36217820216463353,0.3737111726419652,717523
declared,low,Thu,7,400,0.5655766466319835,0.5769683906221375,1120482
declared,low,Thu,8,100,0.06057836328497455,0.07354895690105583,120014
declared,low,Thu,8,200,0.22874988646041228,0.2416560552526089,453184
declared,low,Thu,8,300,0.45995192508100863,0.4744966068066745,911226
declared,low,Thu,8,400,0.6836926557759518,0.6971959779574265,1354486
declared,low,Thu,9,100,0.07599117186455533,0.09309531545789287,150549
declared,low,Thu,9,200,0.2778986033784899,0.2919441398973665,550554
declared,low,Thu,9,300,0.5333051984564414,0.5455129681188341,1056548
declared,low,Thu,9,400,0.7530079029665974,0.7646340394915129,1491809
declared,low,Thu,10,100,0.3914677855411626,0.4672481654613544,775550
declared,low,Thu,10,200,0.8363484944980859,0.859960286682331,1656917
declared,low,Thu,10,300,0.9707484417576874,0.9737512399230949,1923181
declared,low,Thu,10,400,0.9932072527850165,0.9927901918757491,1967675
declared,low,Thu,11,100,0.39143240547378316,0.46723540431896154,775480
declared,low,Thu,11,200,0.8362622808180408,0.8598670872322058,1656747
declared,low,Thu,11,300,0.9707100862157686,0.9737025070570975,1923105
declared,low,Thu,11,400,0.9932072527850165,0.9927901918757491,1967675
declared,low,Thu,12,100,0.3886803348558147,0.4641411470949965,770027
declared,low,Thu,12,200,0.835109172625244,0.8591445723756395,1654462
declared,low,Thu,12,300,0.97032262658114,0.9736840332715768,1922338
declared,low,Thu,12,400,0.9931998937294796,0.9927901918757491,1967661
declared,low,Thu,13,100,0.3889470517658405,0.464413666900065,770556
declared,low,Thu,13,200,0.8343828598380527,0.8584506530621154,1653023
declared,low,Thu,13,300,0.9700308522270257,0.9733062988511321,1921760
declared,low,Thu,13,400,0.9931998937294796,0.9927901918757491,1967661
declared,low,Thu,14,100,0.39124505668131754,0.466942546372025,775108
declared,low,Thu,14,200,0.8361001780867287,0.8597959796704656,1656425
declared,low,Thu,14,300,0.9707484417576874,0.9737512399230949,1923181
declared,low,Thu,14,400,0.9932072527850165,0.9927901918757491,1967675
declared,low,Thu,15,100,0.3911058779873114,0.46681569198446304,774833
declared,low,Thu,15,200,0.8357641048922508,0.8596110141039207,1655760
declared,low,Thu,15,300,0.9705919761685974,0.9737265782109762,1922871
declared,low,Thu,15,400,0.9931205246831663,0.9926668833151551,1967504
declared,low,Thu,16,100,0.38983976144087173,0.465492739578049,772324
declared,low,Thu,16,200,0.834961761404458,0.858776312586981,1654170
declared,low,Thu,16,300,0.9705403483574659,0.9737259286384711,1922769
declared,low,Thu,16,400,0.9931205246831663,0.9926668833151551,1967504
declared,low,Thu,17,100,0.06506084601357567,0.08022405317388145,128894
declared,low,Thu,17,200,0.24450315090074745,0.2572103124319663,484393
declared,low,Thu,17,300,0.4839569947389114,0.4932777620713226,958783
declared,low,Thu,17,400,0.7015842982906371,0.7108709574304274,1389932
declared,low,Thu,18,100,0.05278681540762952,0.06518443172028786,104578
declared,low,Thu,18,200,0.20222062292295034,0.21209286459773746,400626
declared,low,Thu,18,300,0.41213478650228147,0.42266912072764423,816494
declared,low,Thu,18,400,0.6213741255708164,0.6309850151638972,1231025
declared,low,Thu,19,100,0.04470868523682677,0.054442194668652896,88574
declared,low,Thu,19,200,0.17245147267071348,0.18222881963467624,341649
declared,low,Thu,19,300,0.36212906836487985,0.3732463743493159,717426
declared,low,Thu,19,400,0.5673165633813857,0.5793841986991858,1123929
declared,low,Thu,20,100,0.04323611564457678,0.053044336682094205,85656
declared,low,Thu,20,200,0.16703481932299102,0.17726655739413363,330918
declared,low,Thu,20,300,0.3522020669529837,0.36269624618340374,697759
declared,low,Thu,20,400,0.5536082238410237,0.5641411301249611,1096771
declared,low,Thu,21,100,0.04126885251654554,0.050299164519029736,81759
declared,low,Thu,21,200,0.16036712211981402,0.1701545248669722,317709
declared,low,Thu,21,300,0.3395091963160754,0.3502172692533091,672613
declared,low,Thu,21,400,0.5391578529099393,0.549040940074034,1068143
declared,low,Thu,22,100,0.04027340507727148,0.049364650466219594,79787
declared,low,Thu,22,200,0.15660995681540385,0.166785996949489,310265
declared,low,Thu,22,300,0.33194447971520613,0.34192320321913916,657626
declared,low,Thu,22,400,0.5284400391305546,0.5389059912531037,1046910
declared,low,Thu,23,100,0.03959540462622076,0.04867169729571548,78444
declared,low,Thu,23,200,0.15423860882845716,0.16443597777590876,305567
declared,low,Thu,23,300,0.3280136254271504,0.33819711562357424,649839
declared,low,Thu,23,400,0.5239076259390251,0.5348052241555172,1037931
declared,low,Fri,0,100,0.039351244268943625,0.04837684027352418,77960
declared,low,Fri,0,200,0.1532886687995202,0.16360377406271992,303685
declared,low,Fri,0,300,0.32555911485131656,0.33609752002445964,644976
declared,low,Fri,0,400,0.5202979262298931,0.5316504855619033,1030779
declared,low,Fri,1,100,0.038962092057193615,0.04771138361419461,77189
declared,low,Fri,1,200,0.1524985103301363,0.1627737380965853,302120
declared,low,Fri,1,300,0.32491762979596384,0.335368671307461,643705
declared,low,Fri,1,400,0.5196431404557758,0.5310016172932114,1029482
declared,low,Fri,2,100,0.038684964954608644,0.047343952557558834,76640
declared,low,Fri,2,200,0.15166188726331886,0.16186279419832642,300462
declared,low,Fri,2,300,0.323235101865,0.3335478305698049,640372
declared,low,Fri,2,400,0.5168131533918929,0.5281403863787191,1023875
declared,low,Fri,3,100,0.038684964954608644,0.047343952557558834,76640
declared,low,Fri,3,200,0.15166188726331886,0.16186279419832642,300462
declared,low,Fri,3,300,0.323235101865,0.3335478305698049,640372
declared,low,Fri,3,400,0.5168131533918929,0.5281403863787191,1023875
declared,low,Fri,4,100,0.039015332055322045,0.04794045451186713,77295
declared,low,Fri,4,200,0.15231165708608346,0.1626242463491163,301750
declared,low,Fri,4,300,0.32369368424417144,0.334074183137869,641280
declared,low,Fri,4,400,0.5173048448203964,0.5286567967531777,1024850
declared,low,Fri,5,100,0.039067517831074136,0.047998125975356035,77398
declared,low,Fri,5,200,0.1525041997587007,0.1628040598289351,302131
declared,low,Fri,5,300,0.32392937513300674,0.3343754502885362,641747
declared,low,Fri,5,400,0.5174431787082319,0.5287478150354524,1025124
declared,low,Fri,6,100,0.03957418990146713,0.04835801689718946,78402
declared,low,Fri,6,200,0.1544598309579675,0.16450512958352737,306005
declared,low,Fri,6,300,0.32717041138136277,0.33791510097699806,648168
declared,low,Fri,6,400,0.5212584671970939,0.5328348587093321,1032682
declared,low,Fri,7,100,0.04467276491233503,0.05406758283068126,88503
declared,low,Fri,7,200,0.17274244813196854,0.1841207746513337,342226
declared,low,Fri,7,300,0.36217820216463353,0.3737111726419652,717523
declared,low,Fri,7,400,0.5655766466319835,0.5769683906221375,1120482
declared,low,Fri,8,100,0.06074023974198124,0.07360096352197182,120334
declared,low,Fri,8,200,0.22938376287860748,0.2422814989724541,454440
declared,low,Fri,8,300,0.46098652247802724,0.47530694967995524,913275
declared,low,Fri,8,400,0.6847086661512212,0.6982133513886097,1356499
declared,low,Fri,9,100,0.07610738784405557,0.09303043674299451,150779
declared,low,Fri,9,200,0.27849527677593633,0.2925501070157145,551736
declared,low,Fri,9,300,0.5340735793729625,0.5460567626384736,1058071
declared,low,Fri,9,400,0.7532950078978625,0.7648194304727072,1492377
declared,low,Fri,10,100,0.391568098136094,0.46724360631674383,775748
declared,low,Fri,10,200,0.836273454036523,0.859750075962976,1656769
declared,low,Fri,10,300,0.9707798524055874,0.9737623761641995,1923244
declared,low,Fri,10,400,0.993208111391663,0.9927901918757491,1967677
declared,low,Fri,11,100,0.3915327180687147,0.46723084517435115,775678
declared,low,Fri,11,200,0.8361872403564777,0.8596568765128508,1656598
declared,low,Fri,11,300,0.9707414968636684,0.9737136432982021,1923168
declared,low,Fri,11,400,0.993208111391663,0.9927901918757491,1967677
declared,low,Fri,12,100,0.38876591465814614,0.4641235961247297,770197
declared,low,Fri,12,200,0.8349681727454863,0.8589176572946275,1654183
declared,low,Fri,12,300,0.9703249427645966,0.9736840332715768,1922342
declared,low,Fri,12,400,0.993200752336126,0.9927901918757491,1967662
declared,low,Fri,13,100,0.38897450393248056,0.4643241794543814,770610
declared,low,Fri,13,200,0.8342586961941465,0.8582404423427603,1652777
declared,low,Fri,13,300,0.9700622628749255,0.9733174350922366,1921822
declared,low,Fri,13,400,0.993200752336126,0.9927901918757491,1967662
declared,low,Fri,14,100,0.39113298098054416,0.4666897411240534,774886
declared,low,Fri,14,200,0.8359999896172134,0.8595857689511106,1656227
declared,low,Fri,14,300,0.9707798524055874,0.9737623761641995,1923244
declared,low,Fri,14,400,0.993208111391663,0.9927901918757491,1967677
declared,low,Fri,15,100,0.3910293718676912,0.4666159675309472,774681
declared,low,Fri,15,200,0.8356639164227356,0.8594008033845657,1655561
declared,low,Fri,15,300,0.9706233868164973,0.9737377144520807,1922934
declared,low,Fri,15,400,0.9931213832898128,0.9926668833151551,1967505
declared,low,Fri,16,100,0.38945800719905843,0.4650721456117636,771568
declared,low,Fri,16,200,0.8348142641962257,0.8584799984761764,1653878
declared,low,Fri,16,300,0.9705717590053657,0.9737370648795757,1922831
declared,low,Fri,16,400,0.9931213832898128,0.9926668833151551,1967505
declared,low,Fri,17,100,0.06416696435054683,0.07911428006300901,127123
declared,low,Fri,17,200,0.24057098566432977,0.2522190382271704,476603
declared,low,Fri,17,300,0.4773954697935164,0.48688355828537083,945784
declared,low,Fri,17,400,0.6941077492724791,0.7033043524654573,1375120
declared,low,Fri,18,100,0.05270745807956188,0.06504229375413115,104420
declared,low,Fri,18,200,0.20191729813364695,0.2119583516099414,400025
declared,low,Fri,18,300,0.4123306611826864,0.42321438241410925,816882
declared,low,Fri,18,400,0.6220116919581983,0.6315988871629301,1232288
declared,low,Fri,19,100,0.04474100910699409,0.054466773140181696,88638
declared,low,Fri,19,200,0.17271559625594693,0.18265476679601592,342173
declared,low,Fri,19,300,0.3628748768407426,0.37418953959226264,718903
declared,low,Fri,19,400,0.5684389684678328,0.5803619266902096,1126153
declared,low,Fri,20,100,0.04320414308686958,0.05301433325564715,85593
declared,low,Fri,20,200,0.16688594793495876,0.17708658285297657,330623
declared,low,Fri,20,300,0.35211063693194583,0.3626109822116371,697578
declared,low,Fri,20,400,0.5535945094652762,0.5641411301249611,1096744
declared,low,Fri,21,100,0.041236879958838325,0.05026916109258269,81696
declared,low,Fri,21,200,0.1602182507317818,0.16997455032581513,317414
declared,low,Fri,21,300,0.33939858183718147,0.35011867553840226,672394
declared,low,Fri,21,400,0.5391158783325162,0.549040940074034,1068060
declared,low,Fri,22,100,0.04027340507727148,0.049364650466219594,79787
declared,low,Fri,22,200,0.15660995681540385,0.166785996949489,310265
declared,low,Fri,22,300,0.33194447971520613,0.34192320321913916,657626
declared,low,Fri,22,400,0.5284400391305546,0.5389059912531037,1046910
declared,low,Fri,23,100,0.03959540462622076,0.04867169729571548,78444
declared,low,Fri,23,200,0.15423860882845716,0.16443597777590876,305567
declared,low,Fri,23,300,0.3280136254271504,0.33819711562357424,649839
declared,low,Fri,23,400,0.5239076259390251,0.5348052241555172,1037931
declared,low,Sat,0,100,0.03816821413361277,0.047060883865391825,75616
declared,low,Sat,0,200,0.1494290335941235,0.15989084875979312,296039
declared,low,Sat,0,300,0.31738976630566496,0.32719808398580974,628791
declared,low,Sat,0,400,0.5091151205939418,0.5196829537357247,1008625
declared,low,Sat,1,100,0.03777906192186275,0.04639542720606225,74845
declared,low,Sat,1,200,0.1486388751247396,0.1590608127936585,294473
declared,low,Sat,1,300,0.3167482812503121,0.32646923526881116,627520
declared,low,Sat,1,400,0.5084603348198243,0.5190340854670328,1007327
declared,low,Sat,2,100,0.037501934819277785,0.04602799614942648,74296
declared,low,Sat,2,200,0.14780225205792213,0.1581498688953996,292816
declared,low,Sat,2,300,0.3150657533193484,0.32464839453115507,624187
declared,low,Sat,2,400,0.5056303477559414,0.5161728545525406,1001721
declared,low,Sat,3,100,0.037501934819277785,0.04602799614942648,74296
declared,low,Sat,3,200,0.14780225205792213,0.1581498688953996,292816
declared,low,Sat,3,300,0.3150657533193484,0.32464839453115507,624187
declared,low,Sat,3,400,0.5056303477559414,0.5161728545525406,1001721
declared,low,Sat,4,100,0.03783230191999119,0.046624498103734764,74951
declared,low,Sat,4,200,0.14845202188068676,0.1589113210461895,294103
declared,low,Sat,4,300,0.3155243356985198,0.3251747470992191,625096
declared,low,Sat,4,400,0.506122039184445,0.5166892649269991,1002695
declared,low,Sat,5,100,0.037884487695743284,0.04668216956722367,75054
declared,low,Sat,5,200,0.14864456455330397,0.1590911345260083,294485
declared,low,Sat,5,300,0.31576002658735514,0.3254760142498863,625563
declared,low,Sat,5,400,0.5062603730722804,0.5167802832092739,1002969
declared,low,Sat,6,100,0.03793048478760431,0.046714885605684014,75145
declared,low,Sat,6,200,0.14900148251280515,0.159395169576035,295192
declared,low,Sat,6,300,0.3166063272759854,0.3262005010623114,627239
declared,low,Sat,6,400,0.507536344978608,0.5178286274814109,1005497
declared,low,Sat,7,100,0.03946661741212765,0.04835391238480999,78189
declared,low,Sat,7,200,0.15469199524772553,0.16595848760492637,306465
declared,low,Sat,7,300,0.3288255299885046,0.3388278992236468,651447
declared,low,Sat,7,400,0.5237337557612889,0.5336500674784744,1037586
declared,low,Sat,8,100,0.04230362940646304,0.051874127561791106,83809
declared,low,Sat,8,200,0.1659378077118508,0.17717995980489085,328745
declared,low,Sat,8,300,0.35027268330005057,0.3605626586277988,693937
declared,low,Sat,8,400,0.5528230662125306,0.5622547449445837,1095216
declared,low,Sat,9,100,0.046546669483118606,0.05764306378470071,92215
declared,low,Sat,9,200,0.18110907319854821,0.19344601420173776,358801
declared,low,Sat,9,300,0.37883724467166996,0.38844052082713515,750527
declared,low,Sat,9,400,0.5875181330954363,0.5957470622779312,1163951
declared,low,Sat,10,100,0.12336519454971272,0.15004042503407983,244403
declared,low,Sat,10,200,0.39847873385037724,0.42262014082775506,789439
declared,low,Sat,10,300,0.6831768066847003,0.6970734644061846,1353464
declared,low,Sat,10,400,0.8706669970496806,0.8762346479264866,1724907
declared,low,Sat,11,100,0.12333952950468553,0.15003733870525665,244352
declared,low,Sat,11,200,0.3983572968466687,0.4224763877924549,789199
declared,low,Sat,11,300,0.6828977420688934,0.696812343982757,1352911
declared,low,Sat,11,400,0.8706368413841603,0.8762137624124876,1724847
declared,low,Sat,12,100,0.12138345665410563,0.14759509139101507,240477
declared,low,Sat,12,200,0.3936621906448735,0.416937514128089,779897
declared,low,Sat,12,300,0.677693060466262,0.6929626990328949,1342600
declared,low,Sat,12,400,0.8664624544703954,0.87201513100672,1716577
declared,low,Sat,13,100,0.12112871512328484,0.14707562631660198,239972
declared,low,Sat,13,200,0.3927893978430878,0.4162942152008564,778168
declared,low,Sat,13,300,0.6776835517686063,0.6920188397340616,1342581
declared,low,Sat,13,400,0.8664128891337527,0.8718772539997593,1716479
declared,low,Sat,14,100,0.12233245752039501,0.1486929927723372,242357
declared,low,Sat,14,200,0.3947696299063098,0.41823810408733375,782091
declared,low,Sat,14,300,0.6795138618707184,0.6932029256658294,1346207
declared,low,Sat,14,400,0.8672149768149169,0.8726246789215939,1718068
declared,low,Sat,15,100,0.12266751904453754,0.14913358735224932,243021
declared,low,Sat,15,200,0.3961254524057923,0.4196363529866255,784777
declared,low,Sat,15,300,0.6812655503770391,0.6950782030951017,1349677
declared,low,Sat,15,400,0.8684634763544911,0.8738499915956142,1720541
declared,low,Sat,16,100,0.1226415335811621,0.14911187367783751,242969
declared,low,Sat,16,200,0.3961508802795253,0.41960401198535313,784827
declared,low,Sat,16,300,0.681502305168,0.6950825338555313,1350146
declared,low,Sat,16,400,0.8684634763544911,0.8738499915956142,1720541
declared,low,Sat,17,100,0.046494604597319675,0.058105968564996384,92112
declared,low,Sat,17,200,0.18007507033897446,0.191795337431088,356753
declared,low,Sat,17,300,0.3767592527888251,0.3855343329004176,746410
declared,low,Sat,17,400,0.5843355787605099,0.592232116268932,1157646
declared,low,Sat,18,100,0.04263686053839016,0.05263860816603818,84469
declared,low,Sat,18,200,0.16633680766379264,0.17749819814679862,329535
declared,low,Sat,18,300,0.35203546783934153,0.36116976674661105,697429
declared,low,Sat,18,400,0.5568777880890303,0.5653872475240289,1103249
declared,low,Sat,19,100,0.039601422114170774,0.04874037455529042,78456
declared,low,Sat,19,200,0.1541614449792172,0.16434788730887923,305414
declared,low,Sat,19,300,0.3288056781743511,0.3382772898058076,651408
declared,low,Sat,19,400,0.5274462354217286,0.5378105410373155,1044941
declared,low,Sat,20,100,0.04025539950339274,0.049643920002873015,79751
declared,low,Sat,20,200,0.15674266816083307,0.16727948373333806,310528
declared,low,Sat,20,300,0.3328546149634183,0.34289703957098416,659429
declared,low,Sat,20,400,0.5297906509366668,0.5397982188641284,1049586
declared,low,Sat,21,100,0.039007284872641414,0.047698790200680484,77279
declared,low,Sat,21,200,0.1521110819295468,0.1620731999533286,301352
declared,low,Sat,21,300,0.322919162981477,0.33269595303656674,639746
declared,low,Sat,21,400,0.5169940332995179,0.5262032913787829,1024234
declared,low,Sat,22,100,0.03875564270116879,0.047745426768611834,76780
declared,low,Sat,22,200,0.15126988991518292,0.16165374354747583,299686
declared,low,Sat,22,300,0.32108616317039834,0.33036179258839293,636114
declared,low,Sat,22,400,0.5140969501112667,0.523849851557645,1018494
declared,low,Sat,23,100,0.038412374490889904,0.04735574088758311,76100
declared,low,Sat,23,200,0.15037897362306046,0.16072305247298194,297921
declared,low,Sat,23,300,0.3198634613393549,0.3293110093280647,633692
declared,low,Sat,23,400,0.512858474387946,0.5229043410450404,1016041
declared,low,Sun,0,100,0.03801800563462879,0.04684944906091748,75319
declared,low,Sun,0,200,0.1490213269615026,0.15947381824743614,295231
declared,low,Sun,0,300,0.3172997643227874,0.32714548381407527,628613
declared,low,Sun,0,400,0.5091151205939418,0.5196829537357247,1008625
declared,low,Sun,1,100,0.037628853422878764,0.046183992401587895,74548
declared,low,Sun,1,200,0.14823116849211873,0.15864378228130155,293666
declared,low,Sun,1,300,0.3166582792674346,0.32641663509707664,627342
declared,low,Sun,1,400,0.5084603348198243,0.5190340854670328,1007327
declared,low,Sun,2,100,0.03735172632029379,0.045816561344952135,73999
declared,low,Sun,2,200,0.1473945454253013,0.15773283838304264,292008
declared,low,Sun,2,300,0.3149757513364709,0.32459579435942054,624009
declared,low,Sun,2,400,0.5056303477559414,0.5161728545525406,1001721
declared,low,Sun,3,100,0.03735172632029379,0.045816561344952135,73999
declared,low,Sun,3,200,0.1473945454253013,0.15773283838304264,292008
declared,low,Sun,3,300,0.3149757513364709,0.32459579435942054,624009
declared,low,Sun,3,400,0.5056303477559414,0.5161728545525406,1001721
declared,low,Sun,4,100,0.0376820934210072,0.046413063299260426,74653
declared,low,Sun,4,200,0.14804431524806588,0.15849429053383252,293295
declared,low,Sun,4,300,0.3154343337156422,0.3251221469274846,624917
declared,low,Sun,4,400,0.506122039184445,0.5166892649269991,1002695
declared,low,Sun,5,100,0.0377342791967593,0.04647073476274933,74757
declared,low,Sun,5,200,0.14823685792068308,0.1586741040136513,293677
declared,low,Sun,5,300,0.3156700246044776,0.3254234140781518,625384
declared,low,Sun,5,400,0.5062603730722804,0.5167802832092739,1002969
declared,low,Sun,6,100,0.0377512767980086,0.04649197709825344,74790
declared,low,Sun,6,200,0.14832790187076555,0.15874728382140338,293857
declared,low,Sun,6,300,0.3157612231116406,0.32546426472335194,625565
declared,low,Sun,6,400,0.506261797167627,0.5167802832092739,1002972
declared,low,Sun,7,100,0.03823918733506567,0.04709828045592422,75757
declared,low,Sun,7,200,0.1500172011283229,0.1605449620989159,297204
declared,low,Sun,7,300,0.3205813481009961,0.3301911225958131,635114
declared,low,Sun,7,400,0.5150159365653895,0.5251580785035217,1020315
declared,low,Sun,8,100,0.03832147693720923,0.047409555308510806,75920
declared,low,Sun,8,200,0.1513581301315456,0.16161904682429137,299861
declared,low,Sun,8,300,0.3256809960709832,0.33488589706099303,645217
declared,low,Sun,8,400,0.5255954313965905,0.5352222713154317,1041274
declared,low,Sun,9,100,0.0406600288341903,0.050575994953786424,80553
declared,low,Sun,9,200,0.16054717995986223,0.1713807293099899,318065
declared,low,Sun,9,300,0.3443751003112358,0.3527719907992367,682253
declared,low,Sun,9,400,0.5494322172484957,0.5576834099634504,1088498
declared,low,Sun,10,100,0.10505653438413394,0.127399257821074,208131
declared,low,Sun,10,200,0.34682625294352215,0.36595347227251174,687109
declared,low,Sun,10,300,0.6226759556264753,0.6359164729731074,1233604
declared,low,Sun,10,400,0.8251513502950747,0.8331670208571228,1634734
declared,low,Sun,11,100,0.10506241743702448,0.1273989386794344,208143
declared,low,Sun,11,200,0.3467107560190263,0.36580971923721156,686880
declared,low,Sun,11,300,0.6223980093878798,0.6356553525496796,1233053
declared,low,Sun,11,400,0.8251211946295545,0.833146135343124,1634675
declared,low,Sun,12,100,0.10400073225594125,0.12638659307028863,206039
declared,low,Sun,12,200,0.3446809033640116,0.3637955818161875,682859
declared,low,Sun,12,300,0.620211545502396,0.6330176065367086,1228721
declared,low,Sun,12,400,0.8224558747475211,0.8293980009041101,1629394
declared,low,Sun,13,100,0.10363220543598758,0.12591104562343855,205309
declared,low,Sun,13,200,0.34295288325893525,0.3621676952399036,679435
declared,low,Sun,13,300,0.6178949173931154,0.6310484036148106,1224132
declared,low,Sun,13,400,0.8211945588441422,0.8281765076846836,1626895
declared,low,Sun,14,100,0.10374766139065253,0.1259621111313698,205538
declared,low,Sun,14,200,0.3433510897080011,0.3623546896149535,680224
declared,low,Sun,14,300,0.6186354947686543,0.631419930307371,1225599
declared,low,Sun,14,400,0.8213661301126381,0.8284566313931231,1627235
declared,low,Sun,15,100,0.10374766139065253,0.1259621111313698,205538
declared,low,Sun,15,200,0.3433510897080011,0.3623546896149535,680224
declared,low,Sun,15,300,0.6186354947686543,0.631419930307371,1225599
declared,low,Sun,15,400,0.8213661301126381,0.8284566313931231,1627235
declared,low,Sun,16,100,0.10372092955822512,0.12593792273671253,205485
declared,low,Sun,16,200,0.3432648544729533,0.3622975170457636,680053
declared,low,Sun,16,300,0.6186354947686543,0.631419930307371,1225599
declared,low,Sun,16,400,0.8213661301126381,0.8284566313931231,1627235
declared,low,Sun,17,100,0.04004723027268286,0.049405467152919394,79339
declared,low,Sun,17,200,0.15760444076271035,0.16795972701361256,312235
declared,low,Sun,17,300,0.3386722598291022,0.3462691069998608,670955
declared,low,Sun,17,400,0.5399220764432511,0.5478293040253918,1069657
declared,low,Sun,18,100,0.03907683630142235,0.04816722340185347,77416
declared,low,Sun,18,200,0.15302629805876225,0.16323432254782863,303165
declared,low,Sun,18,300,0.32961618776798923,0.33774236858376594,653013
declared,low,Sun,18,400,0.5298020548075835,0.5382829883925878,1049608
declared,low,Sun,19,100,0.03821454439758803,0.04687558500993786,75708
declared,low,Sun,19,200,0.1491496994218461,0.1591954499155156,295485
declared,low,Sun,19,300,0.3207478423760435,0.3295477718529081,635444
declared,low,Sun,19,400,0.5175583850407709,0.5281088935180277,1025352
declared,low,Sun,20,100,0.038721300431596606,0.04758246537813845,76712
declared,low,Sun,20,200,0.15140129117892204,0.16141815607992913,299946
declared,low,Sun,20,300,0.32478989366372824,0.33388685952621916,643452
declared,low,Sun,20,400,0.5206781413658579,0.5306370718404394,1031532
declared,low,Sun,21,100,0.038020534887188304,0.04654192097880458,75324
declared,low,Sun,21,200,0.14890867601789817,0.15872287559048995,295008
declared,low,Sun,21,300,0.31979038481297606,0.32893203856542697,633547
declared,low,Sun,21,400,0.5145452803808124,0.523700554283547,1019382
declared,low,Sun,22,100,0.038023560097937815,0.04676353484703414,75330
declared,low,Sun,22,200,0.14899544945723672,0.1590431861564628,295180
declared,low,Sun,22,300,0.319360547345708,0.32854201404858663,632696
declared,low,Sun,22,400,0.5138367749186717,0.5236899304140737,1017979
declared,low,Sun,23,100,0.03795430176244191,0.04670002693699467,75193
declared,low,Sun,23,200,0.1487793984068989,0.15878121298710635,294752
declared,low,Sun,23,300,0.31876050738607503,0.32807518042149664,631507
declared,low,Sun,23,400,0.5127001330115569,0.5227917560043496,1015727
strict,low,Mon,0,100,0.027942833918870126,0.03389891141753061,55358
strict,low,Mon,0,200,0.11154190890017374,0.11964760038303496,220979
strict,low,Mon,0,300,0.24734581789331167,0.2544287150783322,490025
strict,low,Mon,0,400,0.4127227070035676,0.4226941310821693,817658
strict,low,Mon,1,100,0.027620542044416427,0.03330240946322231,54720
strict,low,Mon,1,200,0.11082556485514834,0.1188275094146366,219560
strict,low,Mon,1,300,0.24635319954704177,0.25340567151337856,488058
strict,low,Mon,1,400,0.4110108422739055,0.42079901167413675,814267
strict,low,Mon,2,100,0.02734341494183146,0.032934978406586546,54171
strict,low,Mon,2,200,0.10998894178833091,0.11791656551637768,217903
strict,low,Mon,2,300,0.244670671616078,0.25158483077572247,484725
strict,low,Mon,2,400,0.40818085521002245,0.4179377807596445,808660
strict,low,Mon,3,100,0.02734341494183146,0.032934978406586546,54171
strict,low,Mon,3,200,0.10998894178833091,0.11791656551637768,217903
strict,low,Mon,3,300,0.244670671616078,0.25158483077572247,484725
strict,low,Mon,3,400,0.40818085521002245,0.4179377807596445,808660
strict,low,Mon,4,100,0.027665706816285156,0.033531480360894844,54809
strict,low,Mon,4,200,0.11070528583335629,0.11873665648477606,219322
strict,low,Mon,4,300,0.24566328996234793,0.25260787434067616,486692
strict,low,Mon,4,400,0.4098927199396847,0.41983290016767705,812052
strict,low,Mon,5,100,0.027665706816285156,0.033531480360894844,54809
strict,low,Mon,5,200,0.11070528583335629,0.11873665648477606,219322
strict,low,Mon,5,300,0.24566328996234793,0.25260787434067616,486692
strict,low,Mon,5,400,0.4098927199396847,0.41983290016767705,812052
strict,low,Mon,6,100,0.02791087628977985,0.03370042285589939,55295
strict,low,Mon,6,200,0.11172812330148302,0.11962519636642117,221348
strict,low,Mon,6,300,0.24777757830332575,0.2550358603156319,490880
strict,low,Mon,6,400,0.41299774993376726,0.4234445200060026,818203
strict,low,Mon,7,100,0.030461889063943638,0.03652663200436691,60349
strict,low,Mon,7,200,0.12228807426796769,0.13093342866869806,242269
strict,low,Mon,7,300,0.26997826930441954,0.2781068509756556,534863
strict,low,Mon,7,400,0.44065813304204304,0.4511167546941741,873002
strict,low,Mon,8,100,0.03977193318891598,0.04850023568271061,78793
strict,low,Mon,8,200,0.15797477495547171,0.16898824436019855,312969
strict,low,Mon,8,300,0.3385080870030469,0.3495246420305145,670629
strict,low,Mon,8,400,0.5342805629725026,0.5482715791341088,1058481
strict,low,Mon,9,100,0.04733307521383559,0.05786320296257677,93773
strict,low,Mon,9,200,0.18701505142946345,0.19846034212612104,370502
strict,low,Mon,9,300,0.39176322267317465,0.40237584948051236,776135
strict,low,Mon,9,400,0.6000185614506076,0.6145610196131384,1188716
strict,low,Mon,10,100,0.3173231570923424,0.379865539792147,628659
strict,low,Mon,10,200,0.7656738312607521,0.7945922227417831,1516901
strict,low,Mon,10,300,0.9480341431659596,0.9525836705354549,1878181
strict,low,Mon,10,400,0.9879908716359209,0.9882275087830344,1957341
strict,low,Mon,11,100,0.3173231570923424,0.379865539792147,628659
strict,low,Mon,11,200,0.7656738312607521,0.7945922227417831,1516901
strict,low,Mon,11,300,0.9480341431659596,0.9525836705354549,1878181
strict,low,Mon,11,400,0.9879908716359209,0.9882275087830344,1957341
strict,low,Mon,12,100,0.3159232625806956,0.3781763550071178,625886
strict,low,Mon,12,200,0.7647585036111604,0.7940533826632625,1515088
strict,low,Mon,12,300,0.9475159826961271,0.9524340288843125,1877155
strict,low,Mon,12,400,0.9879001466775345,0.9882095730690985,1957161
strict,low,Mon,13,100,0.3158465633286271,0.37807344293779366,625734
strict,low,Mon,13,200,0.7641641112539189,0.7933540615574434,1513911
strict,low,Mon,13,300,0.9471489148346306,0.9521072695536397,1876428
strict,low,Mon,13,400,0.9878989444619831,0.9881513154511968,1957159
strict,low,Mon,14,100,0.3171746139224908,0.3795885540331295,628365
strict,low,Mon,14,200,0.7654141763572522,0.7944197229060747,1516387
strict,low,Mon,14,300,0.9480292575821074,0.9525698202394584,1878172
strict,low,Mon,14,400,0.9879908716359209,0.9882275087830344,1957341
strict,low,Mon,15,100,0.3170709165061717,0.3795145688967729,628160
strict,low,Mon,15,200,0.7650781031627745,0.7942347573395296,1515721
strict,low,Mon,15,300,0.9478629283307363,0.9525451585273395,1877842
strict,low,Mon,15,400,0.9879041435340707,0.98810420022244,1957169
strict,low,Mon,16,100,0.3163140675603733,0.3786115218160503,626660
strict,low,Mon,16,200,0.7640710427406849,0.7931971952439953,1513726
strict,low,Mon,16,300,0.9476715668591299,0.9524182644761308,1877463
strict,low,Mon,16,400,0.987833418517936,0.9880884196626022,1957029
strict,low,Mon,17,100,0.04206630097492272,0.051795471901632764,83339
strict,low,Mon,17,200,0.16662436547040427,0.1777155600075275,330105
strict,low,Mon,17,300,0.35582170478274705,0.3663580667935254,704930
strict,low,Mon,17,400,0.554941115951387,0.5663741680301668,1099412
strict,low,Mon,18,100,0.03552816152207184,0.043080375956333045,70386
strict,low,Mon,18,200,0.14097323888694935,0.15018370456271152,279287
strict,low,Mon,18,300,0.30477206994454403,0.3135545306428106,603794
strict,low,Mon,18,400,0.4895398462556447,0.5002969710410767,969843
strict,low,Mon,19,100,0.0319213397974851,0.03833485235771772,63240
strict,low,Mon,19,200,0.12647690068642858,0.13424132849748105,250568
strict,low,Mon,19,300,0.27670084132838507,0.28423801256299125,548181
strict,low,Mon,19,400,0.45307888885147846,0.46355195463764887,897609
strict,low,Mon,20,100,0.030418685975988572,0.03674264407574942,60263
strict,low,Mon,20,200,0.12174729766800794,0.13011108172870453,241198
strict,low,Mon,20,300,0.2690144167394158,0.2764529237555072,532953
strict,low,Mon,20,400,0.4413880740924614,0.4509689568187449,874448
strict,low,Mon,21,100,0.029427263565244336,0.03537257021005947,58299
strict,low,Mon,21,200,0.11795542866374392,0.12619952794168174,233685
strict,low,Mon,21,300,0.26056559915396277,0.2683348283184673,516215
strict,low,Mon,21,400,0.4312673671869068,0.4408396037365775,854398
strict,low,Mon,22,100,0.028440536909711024,0.03438647333848702,56344
strict,low,Mon,22,200,0.11403280817359406,0.122221822940413,225914
strict,low,Mon,22,300,0.25193926884275886,0.2586381041553494,499125
strict,low,Mon,22,400,0.4178412605262768,0.42702685461771,827799
strict,low,Mon,23,100,0.028090983678584553,0.03407463451797963,55652
strict,low,Mon,23,200,0.11250110843124952,0.12080376404849856,222880
strict,low,Mon,23,300,0.2489475833402086,0.2559243295995606,493198
strict,low,Mon,23,400,0.41361991063918657,0.42307120845408996,819436
strict,low,Tue,0,100,0.027899009097059512,0.03383744895927723,55272
strict,low,Tue,0,200,0.111780532942764,0.12021173141529674,221452
strict,low,Tue,0,300,0.24729133953435883,0.2546648673704359,489917
strict,low,Tue,0,400,0.4107711319153966,0.4207242079369649,813792
strict,low,Tue,1,100,0.027576717222605813,0.033240947004968935,54633
strict,low,Tue,1,200,0.11106418889773861,0.11939164044689837,220033
strict,low,Tue,1,300,0.24663702925737344,0.2539661454204029,488621
strict,low,Tue,1,400,0.41007574708763267,0.4198393268219882,812414
strict,low,Tue,2,100,0.027576717222605813,0.033240947004968935,54633
strict,low,Tue,2,200,0.11106418889773861,0.11939164044689837,220033
strict,low,Tue,2,300,0.24663702925737344,0.2539661454204029,488621
strict,low,Tue,2,400,0.41007574708763267,0.4198393268219882,812414
strict,low,Tue,3,100,0.027576717222605813,0.033240947004968935,54633
strict,low,Tue,3,200,0.11106418889773861,0.11939164044689837,220033
strict,low,Tue,3,300,0.24663702925737344,0.2539661454204029,488621
strict,low,Tue,3,400,0.41007574708763267,0.4198393268219882,812414
strict,low,Tue,4,100,0.027899009097059512,0.03383744895927723,55272
strict,low,Tue,4,200,0.111780532942764,0.12021173141529674,221452
strict,low,Tue,4,300,0.24729133953435883,0.2546648673704359,489917
strict,low,Tue,4,400,0.4107711319153966,0.4207242079369649,813792
strict,low,Tue,5,100,0.027899009097059512,0.03383744895927723,55272
strict,low,Tue,5,200,0.111780532942764,0.12021173141529674,221452
strict,low,Tue,5,300,0.24729133953435883,0.2546648673704359,489917
strict,low,Tue,5,400,0.4107711319153966,0.4207242079369649,813792
strict,low,Tue,6,100,0.028144178570554203,0.03400639145428178,55757
strict,low,Tue,6,200,0.11280337041089075,0.12110027129694187,223478
strict,low,Tue,6,300,0.24940562787533663,0.2570928533453917,494106
strict,low,Tue,6,400,0.4138761619094791,0.42433582777529055,819944
strict,low,Tue,7,100,0.03069519134471799,0.03683260060274931,60811
strict,low,Tue,7,200,0.12336332137737542,0.13240850359921874,244399
strict,low,Tue,7,300,0.2716063188764304,0.28016384400541533,538088
strict,low,Tue,7,400,0.4415044048921448,0.45200806246346203,874679
strict,low,Tue,8,100,0.04010035947812789,0.04922504046596607,79444
strict,low,Tue,8,200,0.15962636012940298,0.17050492686471594,316241
strict,low,Tue,8,300,0.34161817523758586,0.3527006581594448,676791
strict,low,Tue,8,400,0.5386144918852123,0.5517948090823375,1067067
strict,low,Tue,9,100,0.0478779921263183,0.05870466419546116,94853
strict,low,Tue,9,200,0.18915225236633373,0.20108504371226865,374736
strict,low,Tue,9,300,0.39593020368256876,0.40594471265400367,784390
strict,low,Tue,9,400,0.6045825533588363,0.6173779096999343,1197758
strict,low,Tue,10,100,0.31806383123991827,0.3807066436917648,630127
strict,low,Tue,10,200,0.7664476525411626,0.7947173523002244,1518435
strict,low,Tue,10,300,0.9490894358182302,0.9533255453130552,1880272
strict,low,Tue,10,400,0.9888965095193796,0.9890842523930754,1959135
strict,low,Tue,11,100,0.31806383123991827,0.3807066436917648,630127
strict,low,Tue,11,200,0.7664476525411626,0.7947173523002244,1518435
strict,low,Tue,11,300,0.9490894358182302,0.9533255453130552,1880272
strict,low,Tue,11,400,0.9888965095193796,0.9890842523930754,1959135
strict,low,Tue,12,100,0.3159342569630187,0.37784677426923685,625908
strict,low,Tue,12,200,0.765040783860051,0.7937573204232362,1515647
strict,low,Tue,12,300,0.9485553776004587,0.9531759036619128,1879214
strict,low,Tue,12,400,0.988805784560993,0.9890663166791394,1958955
strict,low,Tue,13,100,0.31599345979112126,0.37785445279925317,626025
strict,low,Tue,13,200,0.7644590992088248,0.7930721356766905,1514495
strict,low,Tue,13,300,0.9481883097389624,0.95284914433124,1878487
strict,low,Tue,13,400,0.9888045823454417,0.9890080590612376,1958953
strict,low,Tue,14,100,0.3173215103849849,0.3793695638945891,628656
strict,low,Tue,14,200,0.765709164312158,0.794137797025322,1516971
strict,low,Tue,14,300,0.949068652486439,0.9533116950170587,1880231
strict,low,Tue,14,400,0.9888965095193796,0.9890842523930754,1959135
strict,low,Tue,15,100,0.31724962167949006,0.37932015722976115,628514
strict,low,Tue,15,200,0.7653733226918573,0.7939610242826199,1516306
strict,low,Tue,15,300,0.9489023232350678,0.9532870333049397,1879901
strict,low,Tue,15,400,0.9888097814175293,0.988960943832481,1958963
strict,low,Tue,16,100,0.31649277273369164,0.3784171101490386,627014
strict,low,Tue,16,200,0.764366262269768,0.7929234621870853,1514311
strict,low,Tue,16,300,0.9487109617634616,0.9531601392537309,1879522
strict,low,Tue,16,400,0.9887390564013946,0.9889451632726431,1958823
strict,low,Tue,17,100,0.042022034431066536,0.05150977852826026,83251
strict,low,Tue,17,200,0.16695436495548202,0.17835732368238816,330759
strict,low,Tue,17,300,0.35730717994573596,0.36654140892445836,707873
strict,low,Tue,17,400,0.5569295052205806,0.5667904260780302,1103351
strict,low,Tue,18,100,0.036134049693307135,0.044099658387888006,71586
strict,low,Tue,18,200,0.14372483989917728,0.1528279572275698,284738
strict,low,Tue,18,300,0.3108463630145518,0.3189691450637473,615828
strict,low,Tue,18,400,0.4979446622114863,0.5064417790273774,986494
strict,low,Tue,19,100,0.0319213397974851,0.03833485235771772,63240
strict,low,Tue,19,200,0.12651372255426288,0.1343016860976493,250640
strict,low,Tue,19,300,0.2772634172095337,0.2847768787823141,549296
strict,low,Tue,19,400,0.45391001120230473,0.46430845562262163,899256
strict,low,Tue,20,100,0.030418685975988572,0.03674264407574942,60263
strict,low,Tue,20,200,0.1217841195358422,0.1301714393288728,241271
strict,low,Tue,20,300,0.2695769926205644,0.27699178997483,534068
strict,low,Tue,20,400,0.44221919644328767,0.4517254578037177,876095
strict,low,Tue,21,100,0.029427263565244336,0.03537257021005947,58299
strict,low,Tue,21,200,0.11799225053157816,0.12625988554184997,233758
strict,low,Tue,21,300,0.26112817503511143,0.2688736945377901,517330
strict,low,Tue,21,400,0.43209848953773305,0.44159610472155025,856044
strict,low,Tue,22,100,0.028440536909711024,0.03438647333848702,56344
strict,low,Tue,22,200,0.11406963004142831,0.12228218054058126,225987
strict,low,Tue,22,300,0.2525018447239075,0.2591769703746722,500240
strict,low,Tue,22,400,0.41867238287710307,0.42778335560268277,829446
strict,low,Tue,23,100,0.028090983678584553,0.03407463451797963,55652
strict,low,Tue,23,200,0.11253793029908378,0.1208641216486668,222953
strict,low,Tue,23,300,0.24951015922135725,0.2564631958188833,494313
strict,low,Tue,23,400,0.41445103299001285,0.4238277094390628,821082
strict,low,Wed,0,100,0.027899009097059512,0.03383744895927723,55272
strict,low,Wed,0,200,0.111780532942764,0.12021173141529674,221452
strict,low,Wed,0,300,0.24729133953435883,0.2546648673704359,489917
strict,low,Wed,0,400,0.4107711319153966,0.4207242079369649,813792
strict,low,Wed,1,100,0.027576717222605813,0.033240947004968935,54633
strict,low,Wed,1,200,0.11106418889773861,0.11939164044689837,220033
strict,low,Wed,1,300,0.24663702925737344,0.2539661454204029,488621
strict,low,Wed,1,400,0.41007574708763267,0.4198393268219882,812414
strict,low,Wed,2,100,0.027576717222605813,0.033240947004968935,54633
strict,low,Wed,2,200,0.11106418889773861,0.11939164044689837,220033
strict,low,Wed,2,300,0.24663702925737344,0.2539661454204029,488621
strict,low,Wed,2,400,0.41007574708763267,0.4198393268219882,812414
strict,low,Wed,3,100,0.027576717222605813,0.033240947004968935,54633
strict,low,Wed,3,200,0.11106418889773861,0.11939164044689837,220033
strict,low,Wed,3,300,0.24663702925737344,0.2539661454204029,488621
strict,low,Wed,3,400,0.41007574708763267,0.4198393268219882,812414
strict,low,Wed,4,100,0.027899009097059512,0.03383744895927723,55272
strict,low,Wed,4,200,0.111780532942764,0.12021173141529674,221452
strict,low,Wed,4,300,0.24729133953435883,0.2546648673704359,489917
strict,low,Wed,4,400,0.4107711319153966,0.4207242079369649,813792
strict,low,Wed,5,100,0.027899009097059512,0.03383744895927723,55272
strict,low,Wed,5,200,0.111780532942764,0.12021173141529674,221452
strict,low,Wed,5,300,0.24729133953435883,0.2546648673704359,489917
strict,low,Wed,5,400,0.4107711319153966,0.4207242079369649,813792
strict,low,Wed,6,100,0.028144178570554203,0.03400639145428178,55757
strict,low,Wed,6,200,0.11280337041089075,0.12110027129694187,223478
strict,low,Wed,6,300,0.24940562787533663,0.2570928533453917,494106
strict,low,Wed,6,400,0.4138761619094791,0.42433582777529055,819944
strict,low,Wed,7,100,0.030636510554108456,0.03675696235922752,60695
strict,low,Wed,7,200,0.12273109157323994,0.13189636703026839,243147
strict,low,Wed,7,300,0.2706296236048604,0.27941794405097636,536153
strict,low,Wed,7,400,0.44095358035708443,0.4511446498676341,873588
strict,low,Wed,8,100,0.040022098848837846,0.04912427123984465,79289
strict,low,Wed,8,200,0.1589909882571124,0.16999279029576558,314982
strict,low,Wed,8,300,0.34066565789252545,0.3519547582050058,674904
strict,low,Wed,8,400,0.5381169415843966,0.551129250023904,1066081
strict,low,Wed,9,100,0.04769567303464635,0.058546863916410216,94491
strict,low,Wed,9,200,0.18787804409853343,0.1997680124182877,372211
strict,low,Wed,9,300,0.3943085144186815,0.4047693974932387,781177
strict,low,Wed,9,400,0.6035150367868698,0.6160616074246782,1195643
strict,low,Wed,10,100,0.3170910774846962,0.3795974900424558,628200
strict,low,Wed,10,200,0.7642553837158413,0.7921945836487361,1514091
strict,low,Wed,10,300,0.9488941159678842,0.9533788921082692,1879885
strict,low,Wed,10,400,0.9888492630485232,0.9890674238709259,1959042
strict,low,Wed,11,100,0.3170910774846962,0.3795974900424558,628200
strict,low,Wed,11,200,0.7642553837158413,0.7921945836487361,1514091
strict,low,Wed,11,300,0.9488941159678842,0.9533788921082692,1879885
strict,low,Wed,11,400,0.9888492630485232,0.9890674238709259,1959042
strict,low,Wed,12,100,0.3155870896037027,0.37782229312961496,625220
strict,low,Wed,12,200,0.7633275799344115,0.7916498000347849,1512253
strict,low,Wed,12,300,0.948375955498052,0.9532292504571267,1878859
strict,low,Wed,12,400,0.9887585380901366,0.9890494881569898,1958862
strict,low,Wed,13,100,0.31560395701729277,0.3777273235595296,625253
strict,low,Wed,13,200,0.7627115030332945,0.7909646152882394,1511033
strict,low,Wed,13,300,0.9480088876365556,0.952902491126454,1878131
strict,low,Wed,13,400,0.9887573358745853,0.9889912305390881,1958859
strict,low,Wed,14,100,0.3171958590450059,0.3795810856468893,628407
strict,low,Wed,14,200,0.7647729582294535,0.7929709628473018,1515117
strict,low,Wed,14,300,0.9490303212835672,0.9533788921082692,1880155
strict,low,Wed,14,400,0.9888787377738559,0.9890842523930754,1959100
strict,low,Wed,15,100,0.3172519546001544,0.379788720449627,628518
strict,low,Wed,15,200,0.7646948819353633,0.7929503042926224,1514962
strict,low,Wed,15,300,0.9488688776160482,0.953368080692147,1879835
strict,low,Wed,15,400,0.9887920096720058,0.988960943832481,1958928
strict,low,Wed,16,100,0.31649510565435596,0.3788856733689045,627019
strict,low,Wed,16,200,0.7636878215132737,0.7919127421970877,1512967
strict,low,Wed,16,300,0.9486775161444418,0.953241186640938,1879456
strict,low,Wed,16,400,0.988721284655871,0.9889451632726431,1958788
strict,low,Wed,17,100,0.043317719548843434,0.05345537599054926,85818
strict,low,Wed,17,200,0.17143480747007064,0.18315060093367963,339635
strict,low,Wed,17,300,0.3649794640387678,0.37482101923656264,723073
strict,low,Wed,17,400,0.5658702401168615,0.5755657252679476,1121064
strict,low,Wed,18,100,0.03685104315146851,0.04496718979761085,73007
strict,low,Wed,18,200,0.1467808028241108,0.15617147519059688,290792
strict,low,Wed,18,300,0.3162169820197251,0.32414783391327906,626468
strict,low,Wed,18,400,0.5046745309170388,0.5135353383807364,999827
strict,low,Wed,19,100,0.032638333255646475,0.039202383767440556,64661
strict,low,Wed,19,200,0.12956968547919634,0.13764520406067632,256695
strict,low,Wed,19,300,0.2826340362147069,0.2899555676318459,559936
strict,low,Wed,19,400,0.46063987990785726,0.4714020149759806,912589
strict,low,Wed,20,100,0.030695813078573542,0.03711007513238519,60812
strict,low,Wed,20,200,0.12262074260265966,0.1310823832271317,242928
strict,low,Wed,20,300,0.2712595205515282,0.278812630712486,537401
strict,low,Wed,20,400,0.4450491835071706,0.45458668871820995,881701
strict,low,Wed,21,100,0.0297043906678293,0.03574000126669524,58848
strict,low,Wed,21,200,0.11882887359839563,0.12717082944010888,235416
strict,low,Wed,21,300,0.26281070296607517,0.2706945352754461,520663
strict,low,Wed,21,400,0.43492847660161604,0.44445733563604256,861651
strict,low,Wed,22,100,0.028717664012295994,0.03475390439512279,56894
strict,low,Wed,22,200,0.11490625310824577,0.12319312443884016,227645
strict,low,Wed,22,300,0.2541843726548713,0.2609978111123283,503573
strict,low,Wed,22,400,0.42150236994098605,0.43064458651717497,835052
strict,low,Wed,23,100,0.028368110781169527,0.03444206557461539,56201
strict,low,Wed,23,200,0.11337455336590126,0.1217750655469257,224610
strict,low,Wed,23,300,0.251192687152321,0.2582840365565394,497646
strict,low,Wed,23,400,0.4172810200538958,0.42668894035355504,826689
strict,low,Thu,0,100,0.02817613619964448,0.03420488001591301,55821
strict,low,Thu,0,200,0.11261715600958146,0.12112267531355565,223110
strict,low,Thu,0,300,0.2489738674653226,0.256485708108092,493250
strict,low,Thu,0,400,0.41360111897927965,0.4235854388514572,819399
strict,low,Thu,1,100,0.02785384432519078,0.03360837806160471,55182
strict,low,Thu,1,200,0.11190081196455606,0.1203025843451573,221690
strict,low,Thu,1,300,0.2483195571883372,0.25578698615805895,491954
strict,low,Thu,1,400,0.4129057341515157,0.42270055773648046,818021
strict,low,Thu,2,100,0.027576717222605813,0.033240947004968935,54633
strict,low,Thu,2,200,0.11106418889773861,0.11939164044689837,220033
strict,low,Thu,2,300,0.24663702925737344,0.2539661454204029,488621
strict,low,Thu,2,400,0.41007574708763267,0.4198393268219882,812414
strict,low,Thu,3,100,0.027576717222605813,0.033240947004968935,54633
strict,low,Thu,3,200,0.11106418889773861,0.11939164044689837,220033
strict,low,Thu,3,300,0.24663702925737344,0.2539661454204029,488621
strict,low,Thu,3,400,0.41007574708763267,0.4198393268219882,812414
strict,low,Thu,4,100,0.027899009097059512,0.03383744895927723,55272
strict,low,Thu,4,200,0.111780532942764,0.12021173141529674,221452
strict,low,Thu,4,300,0.24729133953435883,0.2546648673704359,489917
strict,low,Thu,4,400,0.4107711319153966,0.4207242079369649,813792
strict,low,Thu,5,100,0.027899009097059512,0.03383744895927723,55272
strict,low,Thu,5,200,0.111780532942764,0.12021173141529674,221452
strict,low,Thu,5,300,0.24729133953435883,0.2546648673704359,489917
strict,low,Thu,5,400,0.4107711319153966,0.4207242079369649,813792
strict,low,Thu,6,100,0.028144178570554203,0.03400639145428178,55757
strict,low,Thu,6,200,0.11280337041089075,0.12110027129694187,223478
strict,low,Thu,6,300,0.24940562787533663,0.2570928533453917,494106
strict,low,Thu,6,400,0.4138761619094791,0.42433582777529055,819944
strict,low,Thu,7,100,0.030972318447302954,0.037200031659385076,61360
strict,low,Thu,7,200,0.12419994444419287,0.13331944749747765,246057
strict,low,Thu,7,300,0.27328884680739424,0.28198468474307137,541421
strict,low,Thu,7,400,0.44433439195602786,0.4548692933779543,880285
strict,low,Thu,8,100,0.040377486580712864,0.04959247152260184,79993
strict,low,Thu,8,200,0.1604629831962205,0.17141587076297482,317898
strict,low,Thu,8,300,0.34330070316854966,0.35452149889710083,680124
strict,low,Thu,8,400,0.5412393448398123,0.5544748563824466,1072267
strict,low,Thu,9,100,0.04815511922890327,0.05907209525209693,95402
strict,low,Thu,9,200,0.18998887543315118,0.20199598761052756,376393
strict,low,Thu,9,300,0.3974466430749395,0.4075562535640375,787395
strict,low,Thu,9,400,0.6067445397408602,0.6195095888847644,1202041
strict,low,Thu,10,100,0.31800124828991533,0.38088583510237883,630003
strict,low,Thu,10,200,0.7664491501017148,0.795271246811331,1518437
strict,low,Thu,10,300,0.9491565293573675,0.9536165153465521,1880405
strict,low,Thu,10,400,0.9888886182696414,0.9890842523930754,1959120
strict,low,Thu,11,100,0.31800124828991533,0.38088583510237883,630003
strict,low,Thu,11,200,0.7664491501017148,0.795271246811331,1518437
strict,low,Thu,11,300,0.9491565293573675,0.9536165153465521,1880405
strict,low,Thu,11,400,0.9888886182696414,0.9890842523930754,1959120
strict,low,Thu,12,100,0.3164972604089218,0.379110638189538,627023
strict,low,Thu,12,200,0.7655182975450437,0.7947264631973797,1516593
strict,low,Thu,12,300,0.948638368887535,0.9534668736954097,1879378
strict,low,Thu,12,400,0.9887978933112549,0.9890663166791394,1958940
strict,low,Thu,13,100,0.31655646323702435,0.3791183167195543,627140
strict,low,Thu,13,200,0.7649396616690588,0.7940412784508343,1515447
strict,low,Thu,13,300,0.9482713010260388,0.953140114364737,1878651
strict,low,Thu,13,400,0.9887966910957036,0.9890080590612376,1958937
strict,low,Thu,14,100,0.31788451383088795,0.38063342781489024,629771
strict,low,Thu,14,200,0.766189726772392,0.7951069397994656,1517924
strict,low,Thu,14,300,0.9491516437735154,0.9536026650505555,1880395
strict,low,Thu,14,400,0.9888886182696414,0.9890842523930754,1959120
strict,low,Thu,15,100,0.3177808164145689,0.3805594426785336,629566
strict,low,Thu,15,200,0.7658536535779142,0.7949219742329207,1517258
strict,low,Thu,15,300,0.9489853145221442,0.9535780033384366,1880066
strict,low,Thu,15,400,0.9888018901677911,0.988960943832481,1958948
strict,low,Thu,16,100,0.31702396746877043,0.379656395597811,628067
strict,low,Thu,16,200,0.7648296861026948,0.7938844121373859,1515229
strict,low,Thu,16,300,0.9487939530505379,0.9534511092872279,1879687
strict,low,Thu,16,400,0.9887311651516565,0.9889451632726431,1958808
strict,low,Thu,17,100,0.043131338272571665,0.05324832999723548,85449
strict,low,Thu,17,200,0.17032039375633745,0.18211972356234263,337427
strict,low,Thu,17,300,0.36273599352461466,0.37262690664749615,718628
strict,low,Thu,17,400,0.5632079977400972,0.5728698254276489,1115790
strict,low,Thu,18,100,0.03651826799830235,0.04460046465126586,72348
strict,low,Thu,18,200,0.1448571526068193,0.15407829911150467,286981
strict,low,Thu,18,300,0.31283049929422924,0.321133075640358,619759
strict,low,Thu,18,400,0.5007889002508009,0.5093099250499823,992129
strict,low,Thu,19,100,0.03219846690007006,0.03870228341435348,63789
strict,low,Thu,19,200,0.1273503456210803,0.1352126299959082,252298
strict,low,Thu,19,300,0.2789459451404974,0.2865977195199701,552629
strict,low,Thu,19,400,0.45673999826618766,0.46716968653711394,904863
strict,low,Thu,20,100,0.030695813078573542,0.03711007513238519,60812
strict,low,Thu,20,200,0.12262074260265966,0.1310823832271317,242928
strict,low,Thu,20,300,0.2712595205515282,0.278812630712486,537401
strict,low,Thu,20,400,0.4450491835071706,0.45458668871820995,881701
strict,low,Thu,21,100,0.0297043906678293,0.03574000126669524,58848
strict,low,Thu,21,200,0.11882887359839563,0.12717082944010888,235416
strict,low,Thu,21,300,0.26281070296607517,0.2706945352754461,520663
strict,low,Thu,21,400,0.43492847660161604,0.44445733563604256,861651
strict,low,Thu,22,100,0.028717664012295994,0.03475390439512279,56894
strict,low,Thu,22,200,0.11490625310824577,0.12319312443884016,227645
strict,low,Thu,22,300,0.2541843726548713,0.2609978111123283,503573
strict,low,Thu,22,400,0.42150236994098605,0.43064458651717497,835052
strict,low,Thu,23,100,0.028368110781169527,0.03444206557461539,56201
strict,low,Thu,23,200,0.11337455336590126,0.1217750655469257,224610
strict,low,Thu,23,300,0.251192687152321,0.2582840365565394,497646
strict,low,Thu,23,400,0.4172810200538958,0.42668894035355504,826689
strict,low,Fri,0,100,0.02817613619964448,0.03420488001591301,55821
strict,low,Fri,0,200,0.11261715600958146,0.12112267531355565,223110
strict,low,Fri,0,300,0.2489738674653226,0.256485708108092,493250
strict,low,Fri,0,400,0.41360111897927965,0.4235854388514572,819399
strict,low,Fri,1,100,0.02785384432519078,0.03360837806160471,55182
strict,low,Fri,1,200,0.11190081196455606,0.1203025843451573,221690
strict,low,Fri,1,300,0.2483195571883372,0.25578698615805895,491954
strict,low,Fri,1,400,0.4129057341515157,0.42270055773648046,818021
strict,low,Fri,2,100,0.027576717222605813,0.033240947004968935,54633
strict,low,Fri,2,200,0.11106418889773861,0.11939164044689837,220033
strict,low,Fri,2,300,0.24663702925737344,0.2539661454204029,488621
strict,low,Fri,2,400,0.41007574708763267,0.4198393268219882,812414
strict,low,Fri,3,100,0.027576717222605813,0.033240947004968935,54633
strict,low,Fri,3,200,0.11106418889773861,0.11939164044689837,220033
strict,low,Fri,3,300,0.24663702925737344,0.2539661454204029,488621
strict,low,Fri,3,400,0.41007574708763267,0.4198393268219882,812414
strict,low,Fri,4,100,0.027899009097059512,0.03383744895927723,55272
strict,low,Fri,4,200,0.111780532942764,0.12021173141529674,221452
strict,low,Fri,4,300,0.24729133953435883,0.2546648673704359,489917
strict,low,Fri,4,400,0.4107711319153966,0.4207242079369649,813792
strict,low,Fri,5,100,0.027899009097059512,0.03383744895927723,55272
strict,low,Fri,5,200,0.111780532942764,0.12021173141529674,221452
strict,low,Fri,5,300,0.24729133953435883,0.2546648673704359,489917
strict,low,Fri,5,400,0.4107711319153966,0.4207242079369649,813792
strict,low,Fri,6,100,0.028144178570554203,0.03400639145428178,55757
strict,low,Fri,6,200,0.11280337041089075,0.12110027129694187,223478
strict,low,Fri,6,300,0.24940562787533663,0.2570928533453917,494106
strict,low,Fri,6,400,0.4138761619094791,0.42433582777529055,819944
strict,low,Fri,7,100,0.030972318447302954,0.037200031659385076,61360
strict,low,Fri,7,200,0.12419994444419287,0.13331944749747765,246057
strict,low,Fri,7,300,0.27328884680739424,0.28198468474307137,541421
strict,low,Fri,7,400,0.44433439195602786,0.4548692933779543,880285
strict,low,Fri,8,100,0.040377486580712864,0.04959247152260184,79993
strict,low,Fri,8,200,0.1604629831962205,0.17141587076297482,317898
strict,low,Fri,8,300,0.34330070316854966,0.35452149889710083,680124
strict,low,Fri,8,400,0.5412393448398123,0.5544748563824466,1072267
strict,low,Fri,9,100,0.04792157439172023,0.058659773525607035,94939
strict,low,Fri,9,200,0.1891937036345458,0.20102389585772112,374818
strict,low,Fri,9,300,0.39663026962076847,0.40670461443760336,785777
strict,low,Fri,9,400,0.6066592745156638,0.619441334481675,1201873
strict,low,Fri,10,100,0.3183299105319596,0.3812525875553458,630654
strict,low,Fri,10,200,0.7662321116996945,0.7948988717973332,1518007
strict,low,Fri,10,300,0.9487525646351925,0.953297375490049,1879605
strict,low,Fri,10,400,0.9888433540164604,0.9890842523930754,1959030
strict,low,Fri,11,100,0.3183299105319596,0.3812525875553458,630654
strict,low,Fri,11,200,0.7662321116996945,0.7948988717973332,1518007
strict,low,Fri,11,300,0.9487525646351925,0.953297375490049,1879605
strict,low,Fri,11,400,0.9888433540164604,0.9890842523930754,1959030
strict,low,Fri,12,100,0.31676993379819646,0.3794113180223929,627563
strict,low,Fri,12,200,0.7652758152426737,0.7943540881833818,1516113
strict,low,Fri,12,300,0.9482344041653601,0.9531477338389065,1878578
strict,low,Fri,12,400,0.9887526290580739,0.9890663166791394,1958850
strict,low,Fri,13,100,0.31680581879996333,0.3794001408714481,627634
strict,low,Fri,13,200,0.7646941305914476,0.7936689034368364,1514961
strict,low,Fri,13,300,0.9478673363038639,0.9528209745082337,1877851
strict,low,Fri,13,400,0.9887514268425224,0.9890080590612376,1958848
strict,low,Fri,14,100,0.31796215492322066,0.380751934164496,629925
strict,low,Fri,14,200,0.7659436246435322,0.7947345647854678,1517436
strict,low,Fri,14,300,0.9487476790513404,0.9532835251940524,1879595
strict,low,Fri,14,400,0.9888433540164604,0.9890842523930754,1959030
strict,low,Fri,15,100,0.3178584575069016,0.38067794902813934,629720
strict,low,Fri,15,200,0.7656075514490543,0.7945495992189228,1516770
strict,low,Fri,15,300,0.9485813497999692,0.9532588634819334,1879266
strict,low,Fri,15,400,0.9887566259146102,0.988960943832481,1958858
strict,low,Fri,16,100,0.31702214015859154,0.37977863009021023,628063
strict,low,Fri,16,200,0.7645976350183655,0.7935120371233881,1514769
strict,low,Fri,16,300,0.9483899883283629,0.9531319694307248,1878886
strict,low,Fri,16,400,0.9886859008984755,0.9889451632726431,1958718
strict,low,Fri,17,100,0.042347272339847544,0.05223824562159676,83896
strict,low,Fri,17,200,0.16647166297204777,0.17733742048602594,329802
strict,low,Fri,17,300,0.35626840742977167,0.3664499459033951,705815
strict,low,Fri,17,400,0.5560677796184059,0.5655918887070803,1101644
strict,low,Fri,18,100,0.03644350066605943,0.04449166791605257,72199
strict,low,Fri,18,200,0.14482558655122818,0.1541648482871684,286919
strict,low,Fri,18,300,0.31327469942137837,0.32173315104435013,620639
strict,low,Fri,18,400,0.5018647726198069,0.5102637081615937,994261
strict,low,Fri,19,100,0.03223079077023738,0.03872686188588228,63853
strict,low,Fri,19,200,0.12761446920631375,0.13563857715724786,252821
strict,low,Fri,19,300,0.27969175361636023,0.28754088476291684,554106
strict,low,Fri,19,400,0.4578624033526348,0.4681474145281376,907086
strict,low,Fri,20,100,0.030695813078573542,0.03711007513238519,60812
strict,low,Fri,20,200,0.12262074260265966,0.1310823832271317,242928
strict,low,Fri,20,300,0.2712595205515282,0.278812630712486,537401
strict,low,Fri,20,400,0.4450491835071706,0.45458668871820995,881701
strict,low,Fri,21,100,0.0297043906678293,0.03574000126669524,58848
strict,low,Fri,21,200,0.11882887359839563,0.12717082944010888,235416
strict,low,Fri,21,300,0.26281070296607517,0.2706945352754461,520663
strict,low,Fri,21,400,0.43492847660161604,0.44445733563604256,861651
strict,low,Fri,22,100,0.028717664012295994,0.03475390439512279,56894
strict,low,Fri,22,200,0.11490625310824577,0.12319312443884016,227645
strict,low,Fri,22,300,0.2541843726548713,0.2609978111123283,503573
strict,low,Fri,22,400,0.42150236994098605,0.43064458651717497,835052
strict,low,Fri,23,100,0.028368110781169527,0.03444206557461539,56201
strict,low,Fri,23,200,0.11337455336590126,0.1217750655469257,224610
strict,low,Fri,23,300,0.251192687152321,0.2582840365565394,497646
strict,low,Fri,23,400,0.4172810200538958,0.42668894035355504,826689
strict,low,Sat,0,100,0.027118521260009954,0.03310192455880795,53725
strict,low,Sat,0,200,0.1086377915593875,0.11741709097095925,215226
strict,low,Sat,0,300,0.23975588913461426,0.24695185768627503,474988
strict,low,Sat,0,400,0.4003887515686318,0.4090659603518305,793223
strict,low,Sat,1,100,0.02679622938555625,0.03250542260449965,53087
strict,low,Sat,1,200,0.10792144751436214,0.1165970000025609,213807
strict,low,Sat,1,300,0.23910157885762892,0.246253135736242,473692
strict,low,Sat,1,400,0.39969336674086786,0.40818107923685376,791846
strict,low,Sat,2,100,0.026519102282971285,0.03213799154786388,52538
strict,low,Sat,2,200,0.10708482444754468,0.11568605610430198,212149
strict,low,Sat,2,300,0.23741905092666513,0.24443229499858593,470359
strict,low,Sat,2,400,0.39686337967698493,0.40531984832236145,786239
strict,low,Sat,3,100,0.026519102282971285,0.03213799154786388,52538
strict,low,Sat,3,200,0.10708482444754468,0.11568605610430198,212149
strict,low,Sat,3,300,0.23741905092666513,0.24443229499858593,470359
strict,low,Sat,3,400,0.39686337967698493,0.40531984832236145,786239
strict,low,Sat,4,100,0.02684139415742498,0.032734493502172175,53176
strict,low,Sat,4,200,0.10780116849257006,0.11650614707270036,213568
strict,low,Sat,4,300,0.23807336120365047,0.24513101694861897,471655
strict,low,Sat,4,400,0.3975587645047488,0.40620472943733826,787617
strict,low,Sat,5,100,0.02684139415742498,0.032734493502172175,53176
strict,low,Sat,5,200,0.10780116849257006,0.11650614707270036,213568
strict,low,Sat,5,300,0.23807336120365047,0.24513101694861897,471655
strict,low,Sat,5,400,0.3975587645047488,0.40620472943733826,787617
strict,low,Sat,6,100,0.02686520197592592,0.03274596720512841,53224
strict,low,Sat,6,200,0.10800955941423492,0.11664909591306095,213981
strict,low,Sat,6,300,0.2386146226999593,0.24558806624555637,472727
strict,low,Sat,6,400,0.3985003601058504,0.4070264356554093,789482
strict,low,Sat,7,100,0.027380121490851558,0.03335042240205481,54244
strict,low,Sat,7,200,0.10973445798871284,0.11864919114177573,217399
strict,low,Sat,7,300,0.24292645904891821,0.25015798562897024,481270
strict,low,Sat,7,400,0.40465720773294256,0.41329168447063275,801680
strict,low,Sat,8,100,0.0298600421459184,0.036596473649217184,59157
strict,low,Sat,8,200,0.11846292839026554,0.12717949503389359,234691
strict,low,Sat,8,300,0.2592287990776964,0.26714238978258587,513567
strict,low,Sat,8,400,0.43061128571653434,0.43957269199468135,853098
strict,low,Sat,9,100,0.032254325373419455,0.03955990085747894,63900
strict,low,Sat,9,200,0.1278920614789114,0.13727649598723457,253371
strict,low,Sat,9,300,0.27972639327376053,0.28653744759112887,554175
strict,low,Sat,9,400,0.46034647004157025,0.46697237575980327,912007
strict,low,Sat,10,100,0.08307170799576946,0.1004488510004936,164576
strict,low,Sat,10,200,0.28803648206387916,0.30685079644727636,570638
strict,low,Sat,10,300,0.5442626945713307,0.5573907347344338,1078257
strict,low,Sat,10,400,0.7630584583784076,0.7728392422066528,1511720
strict,low,Sat,11,100,0.08307170799576946,0.1004488510004936,164576
strict,low,Sat,11,200,0.28803648206387916,0.30685079644727636,570638
strict,low,Sat,11,300,0.5442626945713307,0.5573907347344338,1078257
strict,low,Sat,11,400,0.7630584583784076,0.7728392422066528,1511720
strict,low,Sat,12,100,0.08201254094144111,0.09912540781227869,162478
strict,low,Sat,12,200,0.2855151272889272,0.3037446465678076,565643
strict,low,Sat,12,300,0.5429022969281798,0.556667635633007,1075561
strict,low,Sat,12,400,0.7608523919914824,0.7705670921737483,1507350
strict,low,Sat,13,100,0.08145666108514393,0.09846854390655926,161376
strict,low,Sat,13,200,0.28342953966549794,0.3019154454529832,561512
strict,low,Sat,13,300,0.5398243720155055,0.5535837336651908,1069464
strict,low,Sat,13,400,0.7588530808969806,0.7690197605838192,1503389
strict,low,Sat,14,100,0.08215991224717548,0.09936592817942815,162770
strict,low,Sat,14,200,0.2849803357361922,0.3033797398806718,564584
strict,low,Sat,14,300,0.5406331179281707,0.5538175502415565,1071066
strict,low,Sat,14,400,0.7593990151982197,0.7693511473583828,1504470
strict,low,Sat,15,100,0.08249572014036997,0.09980899747958571,163435
strict,low,Sat,15,200,0.2864478213444555,0.30480282034788103,567491
strict,low,Sat,15,300,0.5426215612254526,0.5556971584312586,1075005
strict,low,Sat,15,400,0.760647514737794,0.770576460032403,1506944
strict,low,Sat,16,100,0.08249572014036997,0.09980899747958571,163435
strict,low,Sat,16,200,0.2864478213444555,0.30480282034788103,567491
strict,low,Sat,16,300,0.5426215612254526,0.5556971584312586,1075005
strict,low,Sat,16,400,0.760647514737794,0.770576460032403,1506944
strict,low,Sat,17,100,0.032796410974252,0.04046545512676432,64974
strict,low,Sat,17,200,0.12905016280649884,0.13843429917731323,255665
strict,low,Sat,17,300,0.2811887078355668,0.2880598613133348,557072
strict,low,Sat,17,400,0.4617875608341388,0.46850612122843144,914862
strict,low,Sat,18,100,0.03053091239425066,0.03732562869243425,60486
strict,low,Sat,18,200,0.12140206775208388,0.1303156117909582,240514
strict,low,Sat,18,300,0.2673016911345264,0.2746094776768098,529560
strict,low,Sat,18,400,0.44424654903426125,0.45226515075678153,880111
strict,low,Sat,19,100,0.02821224102707145,0.034292669900334735,55892
strict,low,Sat,19,200,0.11160298755034456,0.1198448954170676,221100
strict,low,Sat,19,300,0.24597137356525867,0.25324017298884266,487302
strict,low,Sat,19,400,0.4120392262996787,0.4211882398807714,816304
strict,low,Sat,20,100,0.028178360654346476,0.03436914684189636,55825
strict,low,Sat,20,200,0.11269284962078256,0.12149562646555107,223259
strict,low,Sat,20,300,0.24952180721328443,0.2569541687202101,494336
strict,low,Sat,20,400,0.4156502135823914,0.42431720325611877,823458
strict,low,Sat,21,100,0.027661545190950262,0.033588409938594695,54801
strict,low,Sat,21,200,0.11081295201363098,0.11943772944201178,219535
strict,low,Sat,21,300,0.24500030233193384,0.2522703372588,485378
strict,low,Sat,21,400,0.4086390208991278,0.41669292050879436,809568
strict,low,Sat,22,100,0.02733227077912899,0.03335238924137292,54149
strict,low,Sat,22,200,0.10950876053622374,0.11816980861282603,216951
strict,low,Sat,22,300,0.2423808622553223,0.24896581529041162,480189
strict,low,Sat,22,400,0.40484387137297934,0.41279519619699195,802049
strict,low,Sat,23,100,0.027310495841534995,0.03333911011751033,54106
strict,low,Sat,23,200,0.1093951889157073,0.1180694812043293,216726
strict,low,Sat,23,300,0.24197470882161268,0.24875018613472247,479384
strict,low,Sat,23,400,0.404068652643248,0.41216946185392833,800514
strict,low,Sun,0,100,0.026968312761025962,0.0328904897543336,53428
strict,low,Sun,0,200,0.10822092265316831,0.1170000604586023,214400
strict,low,Sun,0,300,0.23941893439273865,0.24663014873124203,474321
strict,low,Sun,0,400,0.40008171867294723,0.40873089677186314,792615
strict,low,Sun,1,100,0.026646020886572256,0.032293987800025306,52789
strict,low,Sun,1,200,0.10750457860814296,0.11617996949020394,212981
strict,low,Sun,1,300,0.23876462411575325,0.245931426781209,473024
strict,low,Sun,1,400,0.3993863338451834,0.4078460156568863,791237
strict,low,Sun,2,100,0.026368893783987293,0.03192655674338953,52240
strict,low,Sun,2,200,0.10666795554132551,0.115269025591945,211323
strict,low,Sun,2,300,0.2370820961847895,0.2441105860435529,469691
strict,low,Sun,2,400,0.3965563467813004,0.40498478474239397,785631
strict,low,Sun,3,100,0.026368893783987293,0.03192655674338953,52240
strict,low,Sun,3,200,0.10666795554132551,0.115269025591945,211323
strict,low,Sun,3,300,0.2370820961847895,0.2441105860435529,469691
strict,low,Sun,3,400,0.3965563467813004,0.40498478474239397,785631
strict,low,Sun,4,100,0.026691185658440995,0.032523058697697824,52879
strict,low,Sun,4,200,0.10738429958635087,0.11608911656034339,212743
strict,low,Sun,4,300,0.23773640646177488,0.24480930799358594,470987
strict,low,Sun,4,400,0.39725173160906435,0.4058696658573708,787008
strict,low,Sun,5,100,0.026691185658440995,0.032523058697697824,52879
strict,low,Sun,5,200,0.10738429958635087,0.11608911656034339,212743
strict,low,Sun,5,300,0.23773640646177488,0.24480930799358594,470987
strict,low,Sun,5,400,0.39725173160906435,0.4058696658573708,787008
strict,low,Sun,6,100,0.026691185658440995,0.032523058697697824,52879
strict,low,Sun,6,200,0.10738429958635087,0.11608911656034339,212743
strict,low,Sun,6,300,0.23773640646177488,0.24480930799358594,470987
strict,low,Sun,6,400,0.39725173160906435,0.4058696658573708,787008
strict,low,Sun,7,100,0.02707062162538365,0.033006472728574536,53630
strict,low,Sun,7,200,0.10854914724671853,0.11745302413494131,215050
strict,low,Sun,7,300,0.24082255559514784,0.24779458515541064,477101
strict,low,Sun,7,400,0.40251215832866766,0.4109185379768537,797430
strict,low,Sun,8,100,0.02795582576430298,0.03448976735053014,55384
strict,low,Sun,8,200,0.11191427018493526,0.12055978390988308,221717
strict,low,Sun,8,300,0.2480734254956795,0.2551427298804104,491466
strict,low,Sun,8,400,0.4161151029363358,0.4250973880583068,824379
strict,low,Sun,9,100,0.029243213719131946,0.0359669830390206,57935
strict,low,Sun,9,200,0.1170693859154227,0.12561561398366294,231930
strict,low,Sun,9,300,0.25916142029334027,0.2650333120752482,513433
strict,low,Sun,9,400,0.4320087071615945,0.4389973551509838,855867
strict,low,Sun,10,100,0.06977968559445977,0.08412440464826196,138243
strict,low,Sun,10,200,0.24662232857535865,0.26297685533802684,488592
strict,low,Sun,10,300,0.4825227957003682,0.4929660122244674,955942
strict,low,Sun,10,400,0.6969413859042941,0.7067035433673016,1380733
strict,low,Sun,11,100,0.06981178686528865,0.08412717183544553,138306
strict,low,Sun,11,200,0.24662239256122762,0.26297685533802684,488592
strict,low,Sun,11,300,0.4825227957003682,0.4929660122244674,955942
strict,low,Sun,11,400,0.6969413859042941,0.7067035433673016,1380733
strict,low,Sun,12,100,0.06897295072039511,0.08335170204477241,136645
strict,low,Sun,12,200,0.24448994756238224,0.26072033557719204,484367
strict,low,Sun,12,300,0.4810536835880044,0.4917860944299024,953031
strict,low,Sun,12,400,0.6955158204764975,0.7048554492069499,1377909
strict,low,Sun,13,100,0.06863714282720061,0.08290863274461485,135979
strict,low,Sun,13,200,0.24302246195411895,0.25929725510998275,481460
strict,low,Sun,13,300,0.47906524029072256,0.48990648624020056,949092
strict,low,Sun,13,400,0.6942673209369231,0.7036301365329297,1375436
strict,low,Sun,14,100,0.06878690208460397,0.08305195132578683,136276
strict,low,Sun,14,200,0.2436901208866039,0.25996224969103987,482782
strict,low,Sun,14,300,0.47955786050664834,0.4903178031326442,950068
strict,low,Sun,14,400,0.6948874166468972,0.7045274802422437,1376664
strict,low,Sun,15,100,0.06878690208460397,0.08305195132578683,136276
strict,low,Sun,15,200,0.2436901208866039,0.25996224969103987,482782
strict,low,Sun,15,300,0.47955786050664834,0.4903178031326442,950068
strict,low,Sun,15,400,0.6948874166468972,0.7045274802422437,1376664
strict,low,Sun,16,100,0.06878690208460397,0.08305195132578683,136276
strict,low,Sun,16,200,0.2436901208866039,0.25996224969103987,482782
strict,low,Sun,16,300,0.47955786050664834,0.4903178031326442,950068
strict,low,Sun,16,400,0.6948874166468972,0.7045274802422437,1376664
strict,low,Sun,17,100,0.02854511620359091,0.034670573164344416,56552
strict,low,Sun,17,200,0.11368065566629816,0.12184132121126531,225216
strict,low,Sun,17,300,0.25244508633679935,0.25790189472908576,500127
strict,low,Sun,17,400,0.4202302972198753,0.42623633079817425,832532
strict,low,Sun,18,100,0.028164147576618333,0.034302920546291416,55797
strict,low,Sun,18,200,0.1121131232815281,0.12046602380376985,222111
strict,low,Sun,18,300,0.24918907395121073,0.25493577578210486,493677
strict,low,Sun,18,400,0.41563929100352903,0.4220888251011043,823437
strict,low,Sun,19,100,0.027301855672784016,0.03301128215437581,54089
strict,low,Sun,19,200,0.10823652464461196,0.11642715117145683,214431
strict,low,Sun,19,300,0.240320728559265,0.246741179051247,476107
strict,low,Sun,19,400,0.4034005022423854,0.41192236913573144,799190
strict,low,Sun,20,100,0.02705556282957644,0.0329298742170025,53601
strict,low,Sun,20,200,0.10845169415717551,0.11672008707517433,214857
strict,low,Sun,20,300,0.24170809572278804,0.2479704751586228,478856
strict,low,Sun,20,400,0.4051561920316761,0.4129303855117248,802668
strict,low,Sun,21,100,0.02705556282957644,0.0329298742170025,53601
strict,low,Sun,21,200,0.10845169415717551,0.11672008707517433,214857
strict,low,Sun,21,300,0.24170809572278804,0.2479704751586228,478856
strict,low,Sun,21,400,0.4051561920316761,0.4129303855117248,802668
strict,low,Sun,22,100,0.026948759999370644,0.03283498583851618,53389
strict,low,Sun,22,200,0.10801664452059684,0.11627770316994834,213995
strict,low,Sun,22,300,0.2404158579414358,0.2465871133056188,476296
strict,low,Sun,22,400,0.4036584265015829,0.41156882484773655,799701
strict,low,Sun,23,100,0.026926985061776654,0.03282170671465359,53346
strict,low,Sun,23,200,0.10790307290008039,0.11617737576145164,213770
strict,low,Sun,23,300,0.24000970450772618,0.24637148414992968,475491
strict,low,Sun,23,400,0.4028832077718516,0.41094309050467287,798165
strict_unconditional,low,Mon,0,100,0.026028922190965052,0.03165631855315947,51567
strict_unconditional,low,Mon,0,200,0.1040748973620246,0.11105253154221943,206186
strict_unconditional,low,Mon,0,300,0.23095499735310576,0.2370315281496211,457552
strict_unconditional,low,Mon,0,400,0.3872703929436584,0.3964150684661262,767234
strict_unconditional,low,Mon,1,100,0.02570663031651135,0.03105981659885117,50928
strict_unconditional,low,Mon,1,200,0.10335855331699924,0.11023244057382106,204767
strict_unconditional,low,Mon,1,300,0.22996237900683583,0.23600848458466744,455586
strict_unconditional,low,Mon,1,400,0.38555852821399617,0.39451994905809357,763843
strict_unconditional,low,Mon,2,100,0.02542950321392638,0.030692385542215407,50379
strict_unconditional,low,Mon,2,200,0.10252193025018179,0.10932149667556217,203110
strict_unconditional,low,Mon,2,300,0.22827985107587204,0.23418764384701138,452253
strict_unconditional,low,Mon,2,400,0.3827285411501132,0.39165871814360137,758236
strict_unconditional,low,Mon,3,100,0.02542950321392638,0.030692385542215407,50379
strict_unconditional,low,Mon,3,200,0.10252193025018179,0.10932149667556217,203110
strict_unconditional,low,Mon,3,300,0.22827985107587204,0.23418764384701138,452253
strict_unconditional,low,Mon,3,400,0.3827285411501132,0.39165871814360137,758236
strict_unconditional,low,Mon,4,100,0.02575179508838008,0.0312888874965237,51018
strict_unconditional,low,Mon,4,200,0.10323827429520714,0.11014158764396055,204529
strict_unconditional,low,Mon,4,300,0.229272469422142,0.23521068741196505,454219
strict_unconditional,low,Mon,4,400,0.38444040587977535,0.39355383755163387,761627
strict_unconditional,low,Mon,5,100,0.02575179508838008,0.0312888874965237,51018
strict_unconditional,low,Mon,5,200,0.10323827429520714,0.11014158764396055,204529
strict_unconditional,low,Mon,5,300,0.229272469422142,0.23521068741196505,454219
strict_unconditional,low,Mon,5,400,0.38444040587977535,0.39355383755163387,761627
strict_unconditional,low,Mon,6,100,0.025996964561874766,0.03145782999152825,51503
strict_unconditional,low,Mon,6,200,0.1042611117633339,0.11103012752560566,206555
strict_unconditional,low,Mon,6,300,0.2313867577631198,0.23763867338692085,458408
strict_unconditional,low,Mon,6,400,0.3882091709988378,0.39793621125556605,769094
strict_unconditional,low,Mon,7,100,0.028547977336038557,0.034284039139995774,56557
strict_unconditional,low,Mon,7,200,0.11497001573040362,0.1225665831537359,227771
strict_unconditional,low,Mon,7,300,0.25487945408004176,0.2620744272961893,504950
strict_unconditional,low,Mon,7,400,0.42030654525173755,0.4300977825023637,832683
strict_unconditional,low,Mon,8,100,0.03773619664608753,0.04607485425756179,74760
strict_unconditional,low,Mon,8,200,0.150125302531939,0.16004535372726758,297418
strict_unconditional,low,Mon,8,300,0.32366279668206555,0.33450620955044974,641219
strict_unconditional,low,Mon,8,400,0.516383352147939,0.5300579782400018,1023024
strict_unconditional,low,Mon,9,100,0.044824223293127886,0.05489113364687019,88803
strict_unconditional,low,Mon,9,200,0.177715907302178,0.18824024605588954,352079
strict_unconditional,low,Mon,9,300,0.37590720326886634,0.38658792566127786,744722
strict_unconditional,low,Mon,9,400,0.5831146111039013,0.5974490936551495,1155227
strict_unconditional,low,Mon,10,100,0.31370593253394213,0.37628367849993827,621493
strict_unconditional,low,Mon,10,200,0.7612128064042971,0.7902939586979965,1508064
strict_unconditional,low,Mon,10,300,0.9465210673123935,0.9511046765343972,1875184
strict_unconditional,low,Mon,10,400,0.9875437246499061,0.9878028175391536,1956455
strict_unconditional,low,Mon,11,100,0.31370593253394213,0.37628367849993827,621493
strict_unconditional,low,Mon,11,200,0.7612128064042971,0.7902939586979965,1508064
strict_unconditional,low,Mon,11,300,0.9465210673123935,0.9511046765343972,1875184
strict_unconditional,low,Mon,11,400,0.9875437246499061,0.9878028175391536,1956455
strict_unconditional,low,Mon,12,100,0.3123374628549479,0.3746190721864379,618782
strict_unconditional,low,Mon,12,200,0.7602977103288826,0.7897633114433189,1506251
strict_unconditional,low,Mon,12,300,0.946002906842561,0.9509550348832547,1874157
strict_unconditional,low,Mon,12,400,0.9874529996915197,0.9877848818252175,1956275
strict_unconditional,low,Mon,13,100,0.3125735082393367,0.3748825783728128,619250
strict_unconditional,low,Mon,13,200,0.7602256764757084,0.7895363376795966,1506108
strict_unconditional,low,Mon,13,300,0.9460538477830587,0.9509198249573078,1874258
strict_unconditional,low,Mon,13,400,0.9875232052335401,0.987788028656984,1956415
strict_unconditional,low,Mon,14,100,0.31358919807491487,0.3760312712124496,621262
strict_unconditional,low,Mon,14,200,0.7609533830749745,0.790129651686131,1507550
strict_unconditional,low,Mon,14,300,0.9465161817285412,0.9510908262384006,1875174
strict_unconditional,low,Mon,14,400,0.9875437246499061,0.9878028175391536,1956455
strict_unconditional,low,Mon,15,100,0.3134855006585957,0.375957286076093,621056
strict_unconditional,low,Mon,15,200,0.7606173098804967,0.789944686119586,1506884
strict_unconditional,low,Mon,15,300,0.94634985247717,0.9510661645262818,1874845
strict_unconditional,low,Mon,15,400,0.9874569965480561,0.987679508978559,1956283
strict_unconditional,low,Mon,16,100,0.31272865171279735,0.3750542389953704,619557
strict_unconditional,low,Mon,16,200,0.7596102494584073,0.7889071240240515,1504889
strict_unconditional,low,Mon,16,300,0.9461584910055639,0.9509392704750729,1874466
strict_unconditional,low,Mon,16,400,0.9873862715319213,0.9876637284187212,1956143
strict_unconditional,low,Mon,17,100,0.039669387123514616,0.04894811402364669,78590
strict_unconditional,low,Mon,17,200,0.1575922515411697,0.16748792005561644,312211
strict_unconditional,low,Mon,17,300,0.3385312731351902,0.3486192178748628,670675
strict_unconditional,low,Mon,17,400,0.5338764243183641,0.5451747458567231,1057680
strict_unconditional,low,Mon,18,100,0.033504602649211034,0.0406774971010195,66377
strict_unconditional,low,Mon,18,200,0.13309064064362694,0.1410876293370891,263670
strict_unconditional,low,Mon,18,300,0.288325998811003,0.2959455129878174,571212
strict_unconditional,low,Mon,18,400,0.4673454568985016,0.4773754992220058,925873
strict_unconditional,low,Mon,19,100,0.029933395404285627,0.035994958346573576,59302
strict_unconditional,low,Mon,19,200,0.11872371625233473,0.12535863844239195,235207
strict_unconditional,low,Mon,19,300,0.26001785918493237,0.2664801688421429,515130
strict_unconditional,low,Mon,19,400,0.42923380091316143,0.4389377457082981,850369
strict_unconditional,low,Mon,20,100,0.028429573021824042,0.034402750064605275,56323
strict_unconditional,low,Mon,20,200,0.11390829256596831,0.12114164148028361,225667
strict_unconditional,low,Mon,20,300,0.2519615109292767,0.2583206483287677,499169
strict_unconditional,low,Mon,20,400,0.4162622530747961,0.42502059565298045,824671
strict_unconditional,low,Mon,21,100,0.02743815061107981,0.03303267619891533,54359
strict_unconditional,low,Mon,21,200,0.11011642356170426,0.11723008769326082,218155
strict_unconditional,low,Mon,21,300,0.2432004813323707,0.25009036557393355,481812
strict_unconditional,low,Mon,21,400,0.40441491585267525,0.41315023050105965,801200
strict_unconditional,low,Mon,22,100,0.026526625181805943,0.032143880474115885,52553
strict_unconditional,low,Mon,22,200,0.10656579663544494,0.11362675409959751,211121
strict_unconditional,low,Mon,22,300,0.23554844830255295,0.2412409172266383,466653
strict_unconditional,low,Mon,22,400,0.3925750587896606,0.4010841522814193,777743
strict_unconditional,low,Mon,23,100,0.026177071950679476,0.03183204165360849,51860
strict_unconditional,low,Mon,23,200,0.10503409689310042,0.11220869520768305,208086
strict_unconditional,low,Mon,23,300,0.23255676280000268,0.23852714267084948,460726
strict_unconditional,low,Mon,23,400,0.38816759657927724,0.3967921458380469,769012
strict_unconditional,low,Tue,0,100,0.025985097369154435,0.031594856094906094,51480
strict_unconditional,low,Tue,0,200,0.10431352140461489,0.11161666257448125,206659
strict_unconditional,low,Tue,0,300,0.2309005189941529,0.23726768044172486,457445
strict_unconditional,low,Tue,0,400,0.3853188178554873,0.39444514532092184,763368
strict_unconditional,low,Tue,1,100,0.02566280549470073,0.030998354140597806,50841
strict_unconditional,low,Tue,1,200,0.10359717735958951,0.11079657160608286,205240
strict_unconditional,low,Tue,1,300,0.23024620871716747,0.23656895849169177,456148
strict_unconditional,low,Tue,1,400,0.38462343302772345,0.39356026420594503,761990
strict_unconditional,low,Tue,2,100,0.02566280549470073,0.030998354140597806,50841
strict_unconditional,low,Tue,2,200,0.10359717735958951,0.11079657160608286,205240
strict_unconditional,low,Tue,2,300,0.23024620871716747,0.23656895849169177,456148
strict_unconditional,low,Tue,2,400,0.38462343302772345,0.39356026420594503,761990
strict_unconditional,low,Tue,3,100,0.02566280549470073,0.030998354140597806,50841
strict_unconditional,low,Tue,3,200,0.10359717735958951,0.11079657160608286,205240
strict_unconditional,low,Tue,3,300,0.23024620871716747,0.23656895849169177,456148
strict_unconditional,low,Tue,3,400,0.38462343302772345,0.39356026420594503,761990
strict_unconditional,low,Tue,4,100,0.025985097369154435,0.031594856094906094,51480
strict_unconditional,low,Tue,4,200,0.10431352140461489,0.11161666257448125,206659
strict_unconditional,low,Tue,4,300,0.2309005189941529,0.23726768044172486,457445
strict_unconditional,low,Tue,4,400,0.3853188178554873,0.39444514532092184,763368
strict_unconditional,low,Tue,5,100,0.025985097369154435,0.031594856094906094,51480
strict_unconditional,low,Tue,5,200,0.10431352140461489,0.11161666257448125,206659
strict_unconditional,low,Tue,5,300,0.2309005189941529,0.23726768044172486,457445
strict_unconditional,low,Tue,5,400,0.3853188178554873,0.39444514532092184,763368
strict_unconditional,low,Tue,6,100,0.026230266842649123,0.031763798589910644,51966
strict_unconditional,low,Tue,6,200,0.10533635887274163,0.11250520245612636,208685
strict_unconditional,low,Tue,6,300,0.23301480733513075,0.2396956664166806,461633
strict_unconditional,low,Tue,6,400,0.3890875829745497,0.39882751902485397,770834
strict_unconditional,low,Tue,7,100,0.028781279616812906,0.03459000773837817,57020
strict_unconditional,low,Tue,7,200,0.11604526283981136,0.12404165808425661,229901
strict_unconditional,low,Tue,7,300,0.25650750365205266,0.26413142032594905,508175
strict_unconditional,low,Tue,7,400,0.42115281710183927,0.4309890902716516,834360
strict_unconditional,low,Tue,8,100,0.038064622935299434,0.046799659040817246,75411
strict_unconditional,low,Tue,8,200,0.15177688770587025,0.16156203623178494,300690
strict_unconditional,low,Tue,8,300,0.32677288491660456,0.33768222567938,647380
strict_unconditional,low,Tue,8,400,0.5207172810606487,0.5335812081882305,1031610
strict_unconditional,low,Tue,9,100,0.04536914020561059,0.055732594879754585,89882
strict_unconditional,low,Tue,9,200,0.17985310823904832,0.19086494764203718,356313
strict_unconditional,low,Tue,9,300,0.38007418427826045,0.39015678883476906,752977
strict_unconditional,low,Tue,9,400,0.5877164166981396,0.6003701148275987,1164344
strict_unconditional,low,Tue,10,100,0.3144784153923423,0.3771493608710849,623023
strict_unconditional,low,Tue,10,200,0.7619527526889432,0.7903494479146386,1509530
strict_unconditional,low,Tue,10,300,0.9475662005605632,0.9518452436473223,1877254
strict_unconditional,low,Tue,10,400,0.9884493625333648,0.9886595611491941,1958249
strict_unconditional,low,Tue,11,100,0.3144784153923423,0.3771493608710849,623023
strict_unconditional,low,Tue,11,200,0.7619527526889432,0.7903494479146386,1509530
strict_unconditional,low,Tue,11,300,0.9475662005605632,0.9518452436473223,1877254
strict_unconditional,low,Tue,11,400,0.9884493625333648,0.9886595611491941,1958249
strict_unconditional,low,Tue,12,100,0.312348457237271,0.37428949144855694,618804
strict_unconditional,low,Tue,12,200,0.7605458840078315,0.7893894160376503,1506742
strict_unconditional,low,Tue,12,300,0.9470321423427916,0.9516956019961799,1876196
strict_unconditional,low,Tue,12,400,0.9883586375749783,0.9886416254352581,1958070
strict_unconditional,low,Tue,13,100,0.3127204047018308,0.3746635882342723,619541
strict_unconditional,low,Tue,13,200,0.7604865578606725,0.7891765786332016,1506625
strict_unconditional,low,Tue,13,300,0.9470830832832893,0.9516603920702329,1876297
strict_unconditional,low,Tue,13,400,0.9884288431169986,0.9886447722670247,1958209
strict_unconditional,low,Tue,14,100,0.3137360945374089,0.3758122810739091,621553
strict_unconditional,low,Tue,14,200,0.7612142644599386,0.789769892639736,1508066
strict_unconditional,low,Tue,14,300,0.9475454172287718,0.9518313933513256,1877213
strict_unconditional,low,Tue,14,400,0.9884493625333648,0.9886595611491941,1958249
strict_unconditional,low,Tue,15,100,0.31363239712108987,0.3757382959375525,621347
strict_unconditional,low,Tue,15,200,0.7608781912654607,0.7895849270731913,1507401
strict_unconditional,low,Tue,15,300,0.9473790879774007,0.9518067316392066,1876884
strict_unconditional,low,Tue,15,400,0.9883626344315145,0.9885362525885998,1958078
strict_unconditional,low,Tue,16,100,0.31287554817529145,0.37483524885682995,619848
strict_unconditional,low,Tue,16,200,0.7598711308433713,0.7885473649776567,1505406
strict_unconditional,low,Tue,16,300,0.9471877265057943,0.9516798375879981,1876505
strict_unconditional,low,Tue,16,400,0.98829190941538,0.9885204720287618,1957937
strict_unconditional,low,Tue,17,100,0.039625120579658425,0.04866242065027421,78503
strict_unconditional,low,Tue,17,200,0.1578854291584132,0.16806932613030884,312792
strict_unconditional,low,Tue,17,300,0.3395291513022209,0.34840865474312405,672652
strict_unconditional,low,Tue,17,400,0.5354988358650266,0.5454488138726121,1060894
strict_unconditional,low,Tue,18,100,0.034110490820446336,0.04169677953257446,67577
strict_unconditional,low,Tue,18,200,0.1358054197880206,0.1436715244017792,269049
strict_unconditional,low,Tue,18,300,0.2938377159998622,0.3008212611894313,582132
strict_unconditional,low,Tue,18,400,0.4752832862140551,0.4831700512369009,941599
strict_unconditional,low,Tue,19,100,0.029933395404285627,0.035994958346573576,59302
strict_unconditional,low,Tue,19,200,0.11872371625233473,0.12535863844239195,235207
strict_unconditional,low,Tue,19,300,0.26001785918493237,0.2664801688421429,515130
strict_unconditional,low,Tue,19,400,0.42923380091316143,0.4389377457082981,850369
strict_unconditional,low,Tue,20,100,0.028429573021824042,0.034402750064605275,56323
strict_unconditional,low,Tue,20,200,0.11390829256596831,0.12114164148028361,225667
strict_unconditional,low,Tue,20,300,0.2519615109292767,0.2583206483287677,499169
strict_unconditional,low,Tue,20,400,0.4162622530747961,0.42502059565298045,824671
strict_unconditional,low,Tue,21,100,0.02743815061107981,0.03303267619891533,54359
strict_unconditional,low,Tue,21,200,0.11011642356170426,0.11723008769326082,218155
strict_unconditional,low,Tue,21,300,0.2432004813323707,0.25009036557393355,481812
strict_unconditional,low,Tue,21,400,0.40441491585267525,0.41315023050105965,801200
strict_unconditional,low,Tue,22,100,0.026526625181805943,0.032143880474115885,52553
strict_unconditional,low,Tue,22,200,0.10656579663544494,0.11362675409959751,211121
strict_unconditional,low,Tue,22,300,0.23554844830255295,0.2412409172266383,466653
strict_unconditional,low,Tue,22,400,0.3925750587896606,0.4010841522814193,777743
strict_unconditional,low,Tue,23,100,0.026177071950679476,0.03183204165360849,51860
strict_unconditional,low,Tue,23,200,0.10503409689310042,0.11220869520768305,208086
strict_unconditional,low,Tue,23,300,0.23255676280000268,0.23852714267084948,460726
strict_unconditional,low,Tue,23,400,0.38816759657927724,0.3967921458380469,769012
strict_unconditional,low,Wed,0,100,0.025985097369154435,0.031594856094906094,51480
strict_unconditional,low,Wed,0,200,0.10431352140461489,0.11161666257448125,206659
strict_unconditional,low,Wed,0,300,0.2309005189941529,0.23726768044172486,457445
strict_unconditional,low,Wed,0,400,0.3853188178554873,0.39444514532092184,763368
strict_unconditional,low,Wed,1,100,0.02566280549470073,0.030998354140597806,50841
strict_unconditional,low,Wed,1,200,0.10359717735958951,0.11079657160608286,205240
strict_unconditional,low,Wed,1,300,0.23024620871716747,0.23656895849169177,456148
strict_unconditional,low,Wed,1,400,0.38462343302772345,0.39356026420594503,761990
strict_unconditional,low,Wed,2,100,0.02566280549470073,0.030998354140597806,50841
strict_unconditional,low,Wed,2,200,0.10359717735958951,0.11079657160608286,205240
strict_unconditional,low,Wed,2,300,0.23024620871716747,0.23656895849169177,456148
strict_unconditional,low,Wed,2,400,0.38462343302772345,0.39356026420594503,761990
strict_unconditional,low,Wed,3,100,0.02566280549470073,0.030998354140597806,50841
strict_unconditional,low,Wed,3,200,0.10359717735958951,0.11079657160608286,205240
strict_unconditional,low,Wed,3,300,0.23024620871716747,0.23656895849169177,456148
strict_unconditional,low,Wed,3,400,0.38462343302772345,0.39356026420594503,761990
strict_unconditional,low,Wed,4,100,0.025985097369154435,0.031594856094906094,51480
strict_unconditional,low,Wed,4,200,0.10431352140461489,0.11161666257448125,206659
strict_unconditional,low,Wed,4,300,0.2309005189941529,0.23726768044172486,457445
strict_unconditional,low,Wed,4,400,0.3853188178554873,0.39444514532092184,763368
strict_unconditional,low,Wed,5,100,0.025985097369154435,0.031594856094906094,51480
strict_unconditional,low,Wed,5,200,0.10431352140461489,0.11161666257448125,206659
strict_unconditional,low,Wed,5,300,0.2309005189941529,0.23726768044172486,457445
strict_unconditional,low,Wed,5,400,0.3853188178554873,0.39444514532092184,763368
strict_unconditional,low,Wed,6,100,0.026230266842649123,0.031763798589910644,51966
strict_unconditional,low,Wed,6,200,0.10533635887274163,0.11250520245612636,208685
strict_unconditional,low,Wed,6,300,0.23301480733513075,0.2396956664166806,461633
strict_unconditional,low,Wed,6,400,0.3890875829745497,0.39882751902485397,770834
strict_unconditional,low,Wed,7,100,0.02872259882620338,0.03451436949485638,56903
strict_unconditional,low,Wed,7,200,0.11526201655767734,0.12330652640277776,228349
strict_unconditional,low,Wed,7,300,0.25451776425410017,0.2620068092406631,504233
strict_unconditional,low,Wed,7,400,0.4181061567338554,0.4273603907954242,828324
strict_unconditional,low,Wed,8,100,0.037986362306009394,0.04669888981469581,75256
strict_unconditional,low,Wed,8,200,0.15099049935558104,0.1608269045503061,299132
strict_unconditional,low,Wed,8,300,0.32482201429596363,0.335557614594094,643516
strict_unconditional,low,Wed,8,400,0.5184170576307443,0.5309161629139515,1027053
strict_unconditional,low,Wed,9,100,0.04518682111393864,0.055574794600703636,89521
strict_unconditional,low,Wed,9,200,0.17842788349324942,0.18932492123552777,353489
strict_unconditional,low,Wed,9,300,0.37745414173879277,0.3876027625431572,747787
strict_unconditional,low,Wed,9,400,0.5848462269970846,0.5970543263364968,1158658
strict_unconditional,low,Wed,10,100,0.3135264701497563,0.3760402072217759,621138
strict_unconditional,low,Wed,10,200,0.7597828486198319,0.7878309984982433,1505231
strict_unconditional,low,Wed,10,300,0.9473723825348982,0.9519464256600082,1876870
strict_unconditional,low,Wed,10,400,0.9884021160625084,0.9886427326270446,1958156
strict_unconditional,low,Wed,11,100,0.3135264701497563,0.3760402072217759,621138
strict_unconditional,low,Wed,11,200,0.7597828486198319,0.7878309984982433,1505231
strict_unconditional,low,Wed,11,300,0.9473723825348982,0.9519464256600082,1876870
strict_unconditional,low,Wed,11,400,0.9884021160625084,0.9886427326270446,1958156
strict_unconditional,low,Wed,12,100,0.3120220983905911,0.3742650103089351,618157
strict_unconditional,low,Wed,12,200,0.758855044838402,0.7872862148842921,1503393
strict_unconditional,low,Wed,12,300,0.9468542220650659,0.9517967840088658,1875844
strict_unconditional,low,Wed,12,400,0.9883113911041218,0.9886247969131087,1957976
strict_unconditional,low,Wed,13,100,0.31235171044063853,0.3745364589945488,618810
strict_unconditional,low,Wed,13,200,0.758761326441352,0.7870733774798434,1503207
strict_unconditional,low,Wed,13,300,0.9469051630055634,0.9517615740829188,1875945
strict_unconditional,low,Wed,13,400,0.9883815966461422,0.9886279437448753,1958115
strict_unconditional,low,Wed,14,100,0.31363125171006606,0.3760238028262094,621345
strict_unconditional,low,Wed,14,200,0.7603004231334438,0.788607377696809,1506256
strict_unconditional,low,Wed,14,300,0.9475085878505811,0.9519464256600082,1877140
strict_unconditional,low,Wed,14,400,0.9884315907878412,0.9886595611491941,1958214
strict_unconditional,low,Wed,15,100,0.3136873472652145,0.3762314376289472,621456
strict_unconditional,low,Wed,15,200,0.7602223468393537,0.7885867191421296,1506101
strict_unconditional,low,Wed,15,300,0.9473471441830622,0.9519356142438858,1876820
strict_unconditional,low,Wed,15,400,0.988344862685991,0.9885362525885998,1958042
strict_unconditional,low,Wed,16,100,0.3129304983194161,0.3753283905482246,619957
strict_unconditional,low,Wed,16,200,0.7592152864172643,0.787549157046595,1504106
strict_unconditional,low,Wed,16,300,0.9471557827114558,0.951808720192677,1876441
strict_unconditional,low,Wed,16,400,0.9882741376698564,0.9885204720287618,1957902
strict_unconditional,low,Wed,17,100,0.04092080569743533,0.05060801811256319,81070
strict_unconditional,low,Wed,17,200,0.16251688815100043,0.17308559849412877,321968
strict_unconditional,low,Wed,17,300,0.34821447952163537,0.35806697618607547,689859
strict_unconditional,low,Wed,17,400,0.5469354065942309,0.556989399942929,1083552
strict_unconditional,low,Wed,18,100,0.03482748427860771,0.042564310942297304,68998
strict_unconditional,low,Wed,18,200,0.13901239919095268,0.1472380374773347,275402
strict_unconditional,low,Wed,18,300,0.30022137913141794,0.30737866116981005,594778
strict_unconditional,low,Wed,18,400,0.4845089907525311,0.49302889747065926,959877
strict_unconditional,low,Wed,19,100,0.03065038886244701,0.03686248975629642,60722
strict_unconditional,low,Wed,19,200,0.12193069565526679,0.12892515151794748,241561
strict_unconditional,low,Wed,19,300,0.2664015223164881,0.2730375688225217,527777
strict_unconditional,low,Wed,19,400,0.4384595054516375,0.4487965919420565,868646
strict_unconditional,low,Wed,20,100,0.028706700124409016,0.03477018112124104,56872
strict_unconditional,low,Wed,20,200,0.11474491563278577,0.12205258537854251,227325
strict_unconditional,low,Wed,20,300,0.25364403886024045,0.2601414890664238,502502
strict_unconditional,low,Wed,20,400,0.4190922401386792,0.4278818265674727,830277
strict_unconditional,low,Wed,21,100,0.027715277713664773,0.0334001072555511,54908
strict_unconditional,low,Wed,21,200,0.11095304662852173,0.11814103159151972,219813
strict_unconditional,low,Wed,21,300,0.2448830092633345,0.2519112063115896,485146
strict_unconditional,low,Wed,21,400,0.4072449029165582,0.41601146141555184,806806
strict_unconditional,low,Wed,22,100,0.026803752284390914,0.03251131153075165,53102
strict_unconditional,low,Wed,22,200,0.1074024197022624,0.1145376979978564,212778
strict_unconditional,low,Wed,22,300,0.23723097623351674,0.24306175796429438,469986
strict_unconditional,low,Wed,22,400,0.3954050458535436,0.40394538319591156,783350
strict_unconditional,low,Wed,23,100,0.026454199053264443,0.03219947271024426,52409
strict_unconditional,low,Wed,23,200,0.10587071995991787,0.11311963910594194,209744
strict_unconditional,low,Wed,23,300,0.23423929073096644,0.24034798340850555,464059
strict_unconditional,low,Wed,23,400,0.39099758364316023,0.3996533767525391,774618
strict_unconditional,low,Thu,0,100,0.026262224471739398,0.03196228715154187,52029
strict_unconditional,low,Thu,0,200,0.10515014447143235,0.11252760647274014,208316
strict_unconditional,low,Thu,0,300,0.23258304692511664,0.23908852117938093,460778
strict_unconditional,low,Thu,0,400,0.38814880491937026,0.39730637623541415,768974
strict_unconditional,low,Thu,1,100,0.025939932597285695,0.03136578519723357,51390
strict_unconditional,low,Thu,1,200,0.10443380042640697,0.11170751550434177,206897
strict_unconditional,low,Thu,1,300,0.23192873664813127,0.2383897992293479,459482
strict_unconditional,low,Thu,1,400,0.3874534200916064,0.39642149512043734,767597
strict_unconditional,low,Thu,2,100,0.02566280549470073,0.030998354140597806,50841
strict_unconditional,low,Thu,2,200,0.10359717735958951,0.11079657160608286,205240
strict_unconditional,low,Thu,2,300,0.23024620871716747,0.23656895849169177,456148
strict_unconditional,low,Thu,2,400,0.38462343302772345,0.39356026420594503,761990
strict_unconditional,low,Thu,3,100,0.02566280549470073,0.030998354140597806,50841
strict_unconditional,low,Thu,3,200,0.10359717735958951,0.11079657160608286,205240
strict_unconditional,low,Thu,3,300,0.23024620871716747,0.23656895849169177,456148
strict_unconditional,low,Thu,3,400,0.38462343302772345,0.39356026420594503,761990
strict_unconditional,low,Thu,4,100,0.025985097369154435,0.031594856094906094,51480
strict_unconditional,low,Thu,4,200,0.10431352140461489,0.11161666257448125,206659
strict_unconditional,low,Thu,4,300,0.2309005189941529,0.23726768044172486,457445
strict_unconditional,low,Thu,4,400,0.3853188178554873,0.39444514532092184,763368
strict_unconditional,low,Thu,5,100,0.025985097369154435,0.031594856094906094,51480
strict_unconditional,low,Thu,5,200,0.10431352140461489,0.11161666257448125,206659
strict_unconditional,low,Thu,5,300,0.2309005189941529,0.23726768044172486,457445
strict_unconditional,low,Thu,5,400,0.3853188178554873,0.39444514532092184,763368
strict_unconditional,low,Thu,6,100,0.026230266842649123,0.031763798589910644,51966
strict_unconditional,low,Thu,6,200,0.10533635887274163,0.11250520245612636,208685
strict_unconditional,low,Thu,6,300,0.23301480733513075,0.2396956664166806,461633
strict_unconditional,low,Thu,6,400,0.3890875829745497,0.39882751902485397,770834
strict_unconditional,low,Thu,7,100,0.02905840671939788,0.03495743879501394,57569
strict_unconditional,low,Thu,7,200,0.11688188590662882,0.12495260198251551,231559
strict_unconditional,low,Thu,7,300,0.25819003158301645,0.26595226106360514,511509
strict_unconditional,low,Thu,7,400,0.4239828041657223,0.43385032118614386,839966
strict_unconditional,low,Thu,8,100,0.038341750037884405,0.047167090097453006,75960
strict_unconditional,low,Thu,8,200,0.1526135107726877,0.16247298013004383,302348
strict_unconditional,low,Thu,8,300,0.3284554128475683,0.3395030664170361,650714
strict_unconditional,low,Thu,8,400,0.5233421340152484,0.5362612554883396,1036810
strict_unconditional,low,Thu,9,100,0.045646267308195564,0.05610002593639035,90431
strict_unconditional,low,Thu,9,200,0.18068973130586577,0.1917758915402961,357970
strict_unconditional,low,Thu,9,300,0.38159062367063123,0.3917683297448031,755982
strict_unconditional,low,Thu,9,400,0.5898784030801635,0.6025017940124286,1168627
strict_unconditional,low,Thu,10,100,0.3144158324423393,0.3773285522816989,622899
strict_unconditional,low,Thu,10,200,0.7619430828280376,0.7909323552448945,1509510
strict_unconditional,low,Thu,10,300,0.9476116886388721,0.95210770269711,1877344
strict_unconditional,low,Thu,10,400,0.9884343668614581,0.9886595611491941,1958220
strict_unconditional,low,Thu,11,100,0.3144158324423393,0.3773285522816989,622899
strict_unconditional,low,Thu,11,200,0.7619430828280376,0.7909323552448945,1509510
strict_unconditional,low,Thu,11,300,0.9476116886388721,0.95210770269711,1877344
strict_unconditional,low,Thu,11,400,0.9884343668614581,0.9886595611491941,1958220
strict_unconditional,low,Thu,12,100,0.31291146068317405,0.37555335536885814,619919
strict_unconditional,low,Thu,12,200,0.7610122302713667,0.7903875716309436,1507666
strict_unconditional,low,Thu,12,300,0.9470935281690399,0.9519580610459675,1876318
strict_unconditional,low,Thu,12,400,0.9883436419030717,0.9886416254352581,1958040
strict_unconditional,low,Thu,13,100,0.313283408147734,0.37592745215457357,620656
strict_unconditional,low,Thu,13,200,0.7609559528994487,0.7901747342264946,1507555
strict_unconditional,low,Thu,13,300,0.9471444691095375,0.9519228511200207,1876419
strict_unconditional,low,Thu,13,400,0.988413847445092,0.9886447722670247,1958179
strict_unconditional,low,Thu,14,100,0.314299097983312,0.3770761449942103,622668
strict_unconditional,low,Thu,14,200,0.7616836594987149,0.790768048233029,1508996
strict_unconditional,low,Thu,14,300,0.94760680305502,0.9520938524011134,1877335
strict_unconditional,low,Thu,14,400,0.9884343668614581,0.9886595611491941,1958220
strict_unconditional,low,Thu,15,100,0.31419540056699297,0.3770021598578536,622463
strict_unconditional,low,Thu,15,200,0.761347586304237,0.7905830826664844,1508331
strict_unconditional,low,Thu,15,300,0.9474404738036489,0.9520691906889946,1877005
strict_unconditional,low,Thu,15,400,0.9883476387596078,0.9885362525885998,1958048
strict_unconditional,low,Thu,16,100,0.31343855162119455,0.3760991127771311,620963
strict_unconditional,low,Thu,16,200,0.7603236188290177,0.7895455205709497,1506302
strict_unconditional,low,Thu,16,300,0.9472491123320428,0.9519422966377857,1876626
strict_unconditional,low,Thu,16,400,0.9882769137434734,0.9885204720287618,1957908
strict_unconditional,low,Thu,17,100,0.040734424421163554,0.05040097211924941,80700
strict_unconditional,low,Thu,17,200,0.16125145795926865,0.1718317260102633,319461
strict_unconditional,low,Thu,17,300,0.3449596240593823,0.3544941524661618,683411
strict_unconditional,low,Thu,17,400,0.541777328384543,0.5515282132222307,1073333
strict_unconditional,low,Thu,18,100,0.034494709125441544,0.042197585795952314,68339
strict_unconditional,low,Thu,18,200,0.13693773249566263,0.14492186628571405,271292
strict_unconditional,low,Thu,18,300,0.29582462728900105,0.302985191766042,586068
strict_unconditional,low,Thu,18,400,0.4781428213240994,0.48605615837564475,947264
strict_unconditional,low,Thu,19,100,0.030210522506870598,0.03636238940320935,59851
strict_unconditional,low,Thu,19,200,0.11956033931915218,0.12626958234065086,236865
strict_unconditional,low,Thu,19,300,0.2617003871158961,0.26830100957979897,518463
strict_unconditional,low,Thu,19,400,0.4320637879770444,0.4417989766227904,855976
strict_unconditional,low,Thu,20,100,0.028706700124409016,0.03477018112124104,56872
strict_unconditional,low,Thu,20,200,0.11474491563278577,0.12205258537854251,227325
strict_unconditional,low,Thu,20,300,0.25364403886024045,0.2601414890664238,502502
strict_unconditional,low,Thu,20,400,0.4190922401386792,0.4278818265674727,830277
strict_unconditional,low,Thu,21,100,0.027715277713664773,0.0334001072555511,54908
strict_unconditional,low,Thu,21,200,0.11095304662852173,0.11814103159151972,219813
strict_unconditional,low,Thu,21,300,0.2448830092633345,0.2519112063115896,485146
strict_unconditional,low,Thu,21,400,0.4072449029165582,0.41601146141555184,806806
strict_unconditional,low,Thu,22,100,0.026803752284390914,0.03251131153075165,53102
strict_unconditional,low,Thu,22,200,0.1074024197022624,0.1145376979978564,212778
strict_unconditional,low,Thu,22,300,0.23723097623351674,0.24306175796429438,469986
strict_unconditional,low,Thu,22,400,0.3954050458535436,0.40394538319591156,783350
strict_unconditional,low,Thu,23,100,0.026454199053264443,0.03219947271024426,52409
strict_unconditional,low,Thu,23,200,0.10587071995991787,0.11311963910594194,209744
strict_unconditional,low,Thu,23,300,0.23423929073096644,0.24034798340850555,464059
strict_unconditional,low,Thu,23,400,0.39099758364316023,0.3996533767525391,774618
strict_unconditional,low,Fri,0,100,0.026262224471739398,0.03196228715154187,52029
strict_unconditional,low,Fri,0,200,0.10515014447143235,0.11252760647274014,208316
strict_unconditional,low,Fri,0,300,0.23258304692511664,0.23908852117938093,460778
strict_unconditional,low,Fri,0,400,0.38814880491937026,0.39730637623541415,768974
strict_unconditional,low,Fri,1,100,0.025939932597285695,0.03136578519723357,51390
strict_unconditional,low,Fri,1,200,0.10443380042640697,0.11170751550434177,206897
strict_unconditional,low,Fri,1,300,0.23192873664813127,0.2383897992293479,459482
strict_unconditional,low,Fri,1,400,0.3874534200916064,0.39642149512043734,767597
strict_unconditional,low,Fri,2,100,0.02566280549470073,0.030998354140597806,50841
strict_unconditional,low,Fri,2,200,0.10359717735958951,0.11079657160608286,205240
strict_unconditional,low,Fri,2,300,0.23024620871716747,0.23656895849169177,456148
strict_unconditional,low,Fri,2,400,0.38462343302772345,0.39356026420594503,761990
strict_unconditional,low,Fri,3,100,0.02566280549470073,0.030998354140597806,50841
strict_unconditional,low,Fri,3,200,0.10359717735958951,0.11079657160608286,205240
strict_unconditional,low,Fri,3,300,0.23024620871716747,0.23656895849169177,456148
strict_unconditional,low,Fri,3,400,0.38462343302772345,0.39356026420594503,761990
strict_unconditional,low,Fri,4,100,0.025985097369154435,0.031594856094906094,51480
strict_unconditional,low,Fri,4,200,0.10431352140461489,0.11161666257448125,206659
strict_unconditional,low,Fri,4,300,0.2309005189941529,0.23726768044172486,457445
strict_unconditional,low,Fri,4,400,0.3853188178554873,0.39444514532092184,763368
strict_unconditional,low,Fri,5,100,0.025985097369154435,0.031594856094906094,51480
strict_unconditional,low,Fri,5,200,0.10431352140461489,0.11161666257448125,206659
strict_unconditional,low,Fri,5,300,0.2309005189941529,0.23726768044172486,457445
strict_unconditional,low,Fri,5,400,0.3853188178554873,0.39444514532092184,763368
strict_unconditional,low,Fri,6,100,0.026230266842649123,0.031763798589910644,51966
strict_unconditional,low,Fri,6,200,0.10533635887274163,0.11250520245612636,208685
strict_unconditional,low,Fri,6,300,0.23301480733513075,0.2396956664166806,461633
strict_unconditional,low,Fri,6,400,0.3890875829745497,0.39882751902485397,770834
strict_unconditional,low,Fri,7,100,0.02905840671939788,0.03495743879501394,57569
strict_unconditional,low,Fri,7,200,0.11688188590662882,0.12495260198251551,231559
strict_unconditional,low,Fri,7,300,0.25819003158301645,0.26595226106360514,511509
strict_unconditional,low,Fri,7,400,0.4239828041657223,0.43385032118614386,839966
strict_unconditional,low,Fri,8,100,0.038341750037884405,0.047167090097453006,75960
strict_unconditional,low,Fri,8,200,0.1526135107726877,0.16247298013004383,302348
strict_unconditional,low,Fri,8,300,0.3284554128475683,0.3395030664170361,650714
strict_unconditional,low,Fri,8,400,0.5233421340152484,0.5362612554883396,1036810
strict_unconditional,low,Fri,9,100,0.04541272247101251,0.05568770420990045,89969
strict_unconditional,low,Fri,9,200,0.17988906552112163,0.19074553338313893,356384
strict_unconditional,low,Fri,9,300,0.380604978267926,0.3907125231850661,754029
strict_unconditional,low,Fri,9,400,0.5897069196203305,0.6023729123626664,1168288
strict_unconditional,low,Fri,10,100,0.31474449468438354,0.37769530473466595,623551
strict_unconditional,low,Fri,10,200,0.7617260444260172,0.7905599802308967,1509080
strict_unconditional,low,Fri,10,300,0.9472077239166973,0.9517885628406069,1876544
strict_unconditional,low,Fri,10,400,0.9883891026082772,0.9886595611491941,1958130
strict_unconditional,low,Fri,11,100,0.31474449468438354,0.37769530473466595,623551
strict_unconditional,low,Fri,11,200,0.7617260444260172,0.7905599802308967,1509080
strict_unconditional,low,Fri,11,300,0.9472077239166973,0.9517885628406069,1876544
strict_unconditional,low,Fri,11,400,0.9883891026082772,0.9886595611491941,1958130
strict_unconditional,low,Fri,12,100,0.3132626510217336,0.37592010782182506,620615
strict_unconditional,low,Fri,12,200,0.7607996670735225,0.7900151966169455,1507245
strict_unconditional,low,Fri,12,300,0.946689563446865,0.9516389211894645,1875518
strict_unconditional,low,Fri,12,400,0.9882983776498907,0.9886416254352581,1957950
strict_unconditional,low,Fri,13,100,0.3136112806599577,0.3762753489265793,621306
strict_unconditional,low,Fri,13,200,0.7607403409263633,0.7898023592124969,1507128
strict_unconditional,low,Fri,13,300,0.9467405043873625,0.9516037112635175,1875619
strict_unconditional,low,Fri,13,400,0.988368583191911,0.9886447722670247,1958089
strict_unconditional,low,Fri,14,100,0.31445525602492946,0.3772607239639281,622978
strict_unconditional,low,Fri,14,200,0.7614674764743808,0.7903956732190313,1508568
strict_unconditional,low,Fri,14,300,0.947202838332845,0.9517747125446103,1876535
strict_unconditional,low,Fri,14,400,0.9883891026082772,0.9886595611491941,1958130
strict_unconditional,low,Fri,15,100,0.31435155860861036,0.3771867388275716,622772
strict_unconditional,low,Fri,15,200,0.7611314032799031,0.7902107076524864,1507902
strict_unconditional,low,Fri,15,300,0.9470365090814739,0.9517500508324916,1876205
strict_unconditional,low,Fri,15,400,0.9883023745064269,0.9885362525885998,1957958
strict_unconditional,low,Fri,16,100,0.31351524126030034,0.37628741988964237,621115
strict_unconditional,low,Fri,16,200,0.7600745441331145,0.7891731455569518,1505809
strict_unconditional,low,Fri,16,300,0.9468451476098676,0.9516231567812826,1875826
strict_unconditional,low,Fri,16,400,0.9882316494902924,0.9885204720287618,1957818
strict_unconditional,low,Fri,17,100,0.039950358488439426,0.04939088774361069,79147
strict_unconditional,low,Fri,17,200,0.15740272717497897,0.16704942293394656,311836
strict_unconditional,low,Fri,17,300,0.33849037878625665,0.34831719172206077,670594
strict_unconditional,low,Fri,17,400,0.5346371102628518,0.544250276501662,1059187
strict_unconditional,low,Fri,18,100,0.0343876179230313,0.04206421058921023,68126
strict_unconditional,low,Fri,18,200,0.13664204285483805,0.14458246830003807,270706
strict_unconditional,low,Fri,18,300,0.29552024393082593,0.30264210192708735,585465
strict_unconditional,low,Fri,18,400,0.4780809915359284,0.4860142523800936,947142
strict_unconditional,low,Fri,19,100,0.030210522506870598,0.03636238940320935,59851
strict_unconditional,low,Fri,19,200,0.11956033931915218,0.12626958234065086,236865
strict_unconditional,low,Fri,19,300,0.2617003871158961,0.26830100957979897,518463
strict_unconditional,low,Fri,19,400,0.4320637879770444,0.4417989766227904,855976
strict_unconditional,low,Fri,20,100,0.028706700124409016,0.03477018112124104,56872
strict_unconditional,low,Fri,20,200,0.11474491563278577,0.12205258537854251,227325
strict_unconditional,low,Fri,20,300,0.25364403886024045,0.2601414890664238,502502
strict_unconditional,low,Fri,20,400,0.4190922401386792,0.4278818265674727,830277
strict_unconditional,low,Fri,21,100,0.027715277713664773,0.0334001072555511,54908
strict_unconditional,low,Fri,21,200,0.11095304662852173,0.11814103159151972,219813
strict_unconditional,low,Fri,21,300,0.2448830092633345,0.2519112063115896,485146
strict_unconditional,low,Fri,21,400,0.4072449029165582,0.41601146141555184,806806
strict_unconditional,low,Fri,22,100,0.026803752284390914,0.03251131153075165,53102
strict_unconditional,low,Fri,22,200,0.1074024197022624,0.1145376979978564,212778
strict_unconditional,low,Fri,22,300,0.23723097623351674,0.24306175796429438,469986
strict_unconditional,low,Fri,22,400,0.3954050458535436,0.40394538319591156,783350
strict_unconditional,low,Fri,23,100,0.026454199053264443,0.03219947271024426,52409
strict_unconditional,low,Fri,23,200,0.10587071995991787,0.11311963910594194,209744
strict_unconditional,low,Fri,23,300,0.23423929073096644,0.24034798340850555,464059
strict_unconditional,low,Fri,23,400,0.39099758364316023,0.3996533767525391,774618
strict_unconditional,low,Sat,0,100,0.025204609532104873,0.030859331694436807,49934
strict_unconditional,low,Sat,0,200,0.1011707800212384,0.10882202213014378,200433
strict_unconditional,low,Sat,0,300,0.22336506859440833,0.22955467075756394,442516
strict_unconditional,low,Sat,0,400,0.37493643750872246,0.3827868977357874,742799
strict_unconditional,low,Sat,1,100,0.024882317657651174,0.030262829740128512,49295
strict_unconditional,low,Sat,1,200,0.10045443597621302,0.10800193116174539,199014
strict_unconditional,low,Sat,1,300,0.22271075831742296,0.2288559488075309,441220
strict_unconditional,low,Sat,1,400,0.3742410526809586,0.38190201662081064,741421
strict_unconditional,low,Sat,2,100,0.024605190555066204,0.02989539868349275,48746
strict_unconditional,low,Sat,2,200,0.09961781290939556,0.10709098726348648,197356
strict_unconditional,low,Sat,2,300,0.2210282303864592,0.2270351080698748,437886
strict_unconditional,low,Sat,2,400,0.3714110656170757,0.3790407857063184,735815
strict_unconditional,low,Sat,3,100,0.024605190555066204,0.02989539868349275,48746
strict_unconditional,low,Sat,3,200,0.09961781290939556,0.10709098726348648,197356
strict_unconditional,low,Sat,3,300,0.2210282303864592,0.2270351080698748,437886
strict_unconditional,low,Sat,3,400,0.3714110656170757,0.3790407857063184,735815
strict_unconditional,low,Sat,4,100,0.024927482429519907,0.03049190063780104,49385
strict_unconditional,low,Sat,4,200,0.10033415695442094,0.10791107823188485,198775
strict_unconditional,low,Sat,4,300,0.22168254066344453,0.22773383001990785,439183
strict_unconditional,low,Sat,4,400,0.37210645044483953,0.37992566682129514,737192
strict_unconditional,low,Sat,5,100,0.024927482429519907,0.03049190063780104,49385
strict_unconditional,low,Sat,5,200,0.10033415695442094,0.10791107823188485,198775
strict_unconditional,low,Sat,5,300,0.22168254066344453,0.22773383001990785,439183
strict_unconditional,low,Sat,5,400,0.37210645044483953,0.37992566682129514,737192
strict_unconditional,low,Sat,6,100,0.024951290248020844,0.030503374340757273,49432
strict_unconditional,low,Sat,6,200,0.10054254787608581,0.10805402707224546,199188
strict_unconditional,low,Sat,6,300,0.22222380215975338,0.22819087931684526,440255
strict_unconditional,low,Sat,6,400,0.373328802237266,0.3811455394572491,739614
strict_unconditional,low,Sat,7,100,0.025466209762946477,0.03110782953768368,50452
strict_unconditional,low,Sat,7,200,0.1022674464505637,0.1100541223009602,202605
strict_unconditional,low,Sat,7,300,0.2265356385087123,0.23276079870025917,448797
strict_unconditional,low,Sat,7,400,0.3794856498643581,0.3874107882724725,751811
strict_unconditional,low,Sat,8,100,0.027964374096464868,0.03436813205842743,55401
strict_unconditional,low,Sat,8,200,0.11113280386156223,0.11875543660881642,220169
strict_unconditional,low,Sat,8,300,0.24321821181716477,0.2502716123868196,481848
strict_unconditional,low,Sat,8,400,0.4058570543149095,0.41411644882363763,804057
strict_unconditional,low,Sat,9,100,0.030310224651843597,0.03727600106955103,60049
strict_unconditional,low,Sat,9,200,0.12058992282199131,0.1289251141964873,238905
strict_unconditional,low,Sat,9,300,0.2645771086193385,0.2708867939862141,524162
strict_unconditional,low,Sat,9,400,0.43824205974141583,0.4442969714671117,868216
strict_unconditional,low,Sat,10,100,0.08070698760207609,0.09797994240914187,159891
strict_unconditional,low,Sat,10,200,0.2801369274452493,0.2977852433863698,554988
strict_unconditional,low,Sat,10,300,0.5316597115410955,0.5451159135782547,1053288
strict_unconditional,low,Sat,10,400,0.7510316223150181,0.7609848973249551,1487893
strict_unconditional,low,Sat,11,100,0.08070698760207609,0.09797994240914187,159891
strict_unconditional,low,Sat,11,200,0.2801369274452493,0.2977852433863698,554988
strict_unconditional,low,Sat,11,300,0.5316597115410955,0.5451159135782547,1053288
strict_unconditional,low,Sat,11,400,0.7510316223150181,0.7609848973249551,1487893
strict_unconditional,low,Sat,12,100,0.07964782054774774,0.09665649922092696,157793
strict_unconditional,low,Sat,12,200,0.27757875080246314,0.2946187359067329,549920
strict_unconditional,low,Sat,12,300,0.5297367380167961,0.543853948257505,1049479
strict_unconditional,low,Sat,12,400,0.748324499659901,0.7583624913206453,1482530
strict_unconditional,low,Sat,13,100,0.07909194069145058,0.09599963531520755,156692
strict_unconditional,low,Sat,13,200,0.27534214670103524,0.29256653967937996,545489
strict_unconditional,low,Sat,13,300,0.5256457689777392,0.5393913351588416,1041374
strict_unconditional,low,Sat,13,400,0.7439978185169264,0.7541889018603567,1473958
strict_unconditional,low,Sat,14,100,0.0797951918534821,0.09689701958807642,158085
strict_unconditional,low,Sat,14,200,0.2768929427717295,0.29403083410706854,548562
strict_unconditional,low,Sat,14,300,0.5264545148904044,0.5396251517352076,1042976
strict_unconditional,low,Sat,14,400,0.7445678721407718,0.7545202886349204,1475088
strict_unconditional,low,Sat,15,100,0.0801309997466766,0.09734008888823399,158750
strict_unconditional,low,Sat,15,200,0.27851144485799134,0.29567690968680627,551768
strict_unconditional,low,Sat,15,300,0.5294560023140686,0.5428834710557566,1048923
strict_unconditional,low,Sat,15,400,0.7481437417288189,0.7583718591793001,1482172
strict_unconditional,low,Sat,16,100,0.0801309997466766,0.09734008888823399,158750
strict_unconditional,low,Sat,16,200,0.27851144485799134,0.29567690968680627,551768
strict_unconditional,low,Sat,16,300,0.5294560023140686,0.5428834710557566,1048923
strict_unconditional,low,Sat,16,400,0.7481437417288189,0.7583718591793001,1482172
strict_unconditional,low,Sat,17,100,0.03085231025267614,0.0381815553388364,61123
strict_unconditional,low,Sat,17,200,0.12171120228174448,0.13002255978639776,241126
strict_unconditional,low,Sat,17,300,0.2654876150808658,0.27190092975365754,525966
strict_unconditional,low,Sat,17,400,0.4392413281936241,0.4454918354138049,870195
strict_unconditional,low,Sat,18,100,0.028635244344797136,0.0350972871016445,56730
strict_unconditional,low,Sat,18,200,0.11418613783354489,0.1220541908782413,226218
strict_unconditional,low,Sat,18,300,0.25174157211922865,0.2585785451925678,498733
strict_unconditional,low,Sat,18,400,0.42171155501185903,0.42933142450574957,835467
strict_unconditional,low,Sat,19,100,0.026316572977617924,0.032064328309544976,52137
strict_unconditional,low,Sat,19,200,0.10423604115380701,0.11136047939182221,206505
strict_unconditional,low,Sat,19,300,0.22939821042357836,0.23583052937375362,454468
strict_unconditional,low,Sat,19,400,0.3864793858022048,0.3949115804596414,765667
strict_unconditional,low,Sat,20,100,0.026264448926441395,0.03212655397752523,52033
strict_unconditional,low,Sat,20,200,0.1051890162147992,0.11284020002456732,208393
strict_unconditional,low,Sat,20,300,0.23256841079192983,0.2390181155721762,460749
strict_unconditional,low,Sat,20,400,0.38983184060804865,0.39778729208400343,772309
strict_unconditional,low,Sat,21,100,0.02574763346304518,0.03134581707422356,51009
strict_unconditional,low,Sat,21,200,0.10330911860764763,0.11078230300102802,204669
strict_unconditional,low,Sat,21,300,0.22804690591057922,0.23433428411076604,451791
strict_unconditional,low,Sat,21,400,0.38282064792478515,0.39016300933667925,758419
strict_unconditional,low,Sat,22,100,0.02541835905122391,0.03110979637700178,50357
strict_unconditional,low,Sat,22,200,0.1020049271302404,0.10951438217184228,202085
strict_unconditional,low,Sat,22,300,0.22542746583396772,0.2310297621423777,446602
strict_unconditional,low,Sat,22,400,0.37874654728553697,0.3860959928757285,750347
strict_unconditional,low,Sat,23,100,0.025396584113629914,0.0310965172531392,50314
strict_unconditional,low,Sat,23,200,0.10189135550972392,0.10941405476334554,201860
strict_unconditional,low,Sat,23,300,0.22502131240025813,0.23081413298668857,445797
strict_unconditional,low,Sat,23,400,0.37778521623251243,0.38513389825291233,748443
strict_unconditional,low,Sun,0,100,0.02505440103312088,0.03064789688996246,49636
strict_unconditional,low,Sun,0,200,0.10075391111501922,0.1084049916177868,199607
strict_unconditional,low,Sun,0,300,0.22302811385253274,0.22923296180253094,441848
strict_unconditional,low,Sun,0,400,0.374629404613038,0.38245183415581996,742191
strict_unconditional,low,Sun,1,100,0.024732109158667182,0.03005139493565417,48998
strict_unconditional,low,Sun,1,200,0.10003756706999382,0.10758490064938842,198188
strict_unconditional,low,Sun,1,300,0.22237380357554734,0.22853423985249788,440552
strict_unconditional,low,Sun,1,400,0.3739340197852741,0.38156695304084315,740813
strict_unconditional,low,Sun,2,100,0.024454982056082215,0.029683963879018397,48449
strict_unconditional,low,Sun,2,200,0.09920094400317639,0.10667395675112952,196530
strict_unconditional,low,Sun,2,300,0.2206912756445836,0.22671339911484184,437219
strict_unconditional,low,Sun,2,400,0.3711040327213912,0.3787057221263509,735206
strict_unconditional,low,Sun,3,100,0.024454982056082215,0.029683963879018397,48449
strict_unconditional,low,Sun,3,200,0.09920094400317639,0.10667395675112952,196530
strict_unconditional,low,Sun,3,300,0.2206912756445836,0.22671339911484184,437219
strict_unconditional,low,Sun,3,400,0.3711040327213912,0.3787057221263509,735206
strict_unconditional,low,Sun,4,100,0.024777273930535915,0.030280465833326692,49087
strict_unconditional,low,Sun,4,200,0.09991728804820176,0.10749404771952788,197949
strict_unconditional,low,Sun,4,300,0.22134558592156894,0.22741212106487482,438515
strict_unconditional,low,Sun,4,400,0.371799417549155,0.3795906032413277,736584
strict_unconditional,low,Sun,5,100,0.024777273930535915,0.030280465833326692,49087
strict_unconditional,low,Sun,5,200,0.09991728804820176,0.10749404771952788,197949
strict_unconditional,low,Sun,5,300,0.22134558592156894,0.22741212106487482,438515
strict_unconditional,low,Sun,5,400,0.371799417549155,0.3795906032413277,736584
strict_unconditional,low,Sun,6,100,0.024777273930535915,0.030280465833326692,49087
strict_unconditional,low,Sun,6,200,0.09991728804820176,0.10749404771952788,197949
strict_unconditional,low,Sun,6,300,0.22134558592156894,0.22741212106487482,438515
strict_unconditional,low,Sun,6,400,0.371799417549155,0.3795906032413277,736584
strict_unconditional,low,Sun,7,100,0.025156709897478573,0.030763879864203404,49839
strict_unconditional,low,Sun,7,200,0.10108213570856941,0.1088579552941258,200257
strict_unconditional,low,Sun,7,300,0.22443173505494193,0.23039739822669955,444629
strict_unconditional,low,Sun,7,400,0.3772459565920515,0.38497583564056304,747374
strict_unconditional,low,Sun,8,100,0.026060157714849454,0.03226142575974038,51629
strict_unconditional,low,Sun,8,200,0.10458414565623195,0.11213572548480592,207195
strict_unconditional,low,Sun,8,300,0.23206283823514784,0.23827195248464422,459747
strict_unconditional,low,Sun,8,400,0.39125321270377245,0.3995793387491327,775125
strict_unconditional,low,Sun,9,100,0.027299112997556087,0.033683083251092684,54083
strict_unconditional,low,Sun,9,200,0.10976724725850258,0.1172642321929157,217463
strict_unconditional,low,Sun,9,300,0.2440121356389182,0.2493826584703335,483420
strict_unconditional,low,Sun,9,400,0.4097966380305017,0.41626014472016193,811862
strict_unconditional,low,Sun,10,100,0.06756571998954962,0.08185311371723879,133857
strict_unconditional,low,Sun,10,200,0.23896331819974614,0.2544859773019038,473418
strict_unconditional,low,Sun,10,300,0.4690013902498494,0.47973566163594217,929154
strict_unconditional,low,Sun,10,400,0.6827978228487243,0.6928217670386685,1352713
strict_unconditional,low,Sun,11,100,0.06759782126037849,0.08185588090442235,133920
strict_unconditional,low,Sun,11,200,0.2389633821856151,0.2544859773019038,473418
strict_unconditional,low,Sun,11,300,0.4690013902498494,0.47973566163594217,929154
strict_unconditional,low,Sun,11,400,0.6827978228487243,0.6928217670386685,1352713
strict_unconditional,low,Sun,12,100,0.06675898511548496,0.08108041111374922,132258
strict_unconditional,low,Sun,12,200,0.23679411531893546,0.2521690999409008,469121
strict_unconditional,low,Sun,12,300,0.46696970225633694,0.4780168776220544,925129
strict_unconditional,low,Sun,12,400,0.6808811514580333,0.6906234169069113,1348916
strict_unconditional,low,Sun,13,100,0.06642317722229046,0.08063734181359165,131593
strict_unconditional,low,Sun,13,200,0.2351756132326736,0.2505230243611631,465914
strict_unconditional,low,Sun,13,300,0.4639682148326726,0.47475855830150554,919183
strict_unconditional,low,Sun,13,400,0.6773052818699862,0.6867718463625317,1341832
strict_unconditional,low,Sun,14,100,0.06657293647969381,0.08078066039476364,131890
strict_unconditional,low,Sun,14,200,0.23584327216515857,0.2511880189422202,467237
strict_unconditional,low,Sun,14,300,0.46446083504859836,0.47516987519394915,920159
strict_unconditional,low,Sun,14,400,0.6779494969025666,0.6876691900718456,1343108
strict_unconditional,low,Sun,15,100,0.06657293647969381,0.08078066039476364,131890
strict_unconditional,low,Sun,15,200,0.23584327216515857,0.2511880189422202,467237
strict_unconditional,low,Sun,15,300,0.46446083504859836,0.47516987519394915,920159
strict_unconditional,low,Sun,15,400,0.6779494969025666,0.6876691900718456,1343108
strict_unconditional,low,Sun,16,100,0.06657293647969381,0.08078066039476364,131890
strict_unconditional,low,Sun,16,200,0.23584327216515857,0.2511880189422202,467237
strict_unconditional,low,Sun,16,300,0.46446083504859836,0.47516987519394915,920159
strict_unconditional,low,Sun,16,400,0.6779494969025666,0.6876691900718456,1343108
strict_unconditional,low,Sun,17,100,0.02662182204825999,0.03241120425717134,52741
strict_unconditional,low,Sun,17,200,0.1062626184412087,0.113286119841169,210520
strict_unconditional,low,Sun,17,300,0.23576903721780706,0.24039898295772544,467090
strict_unconditional,low,Sun,17,400,0.39505540561557084,0.4003835775155474,782657
strict_unconditional,low,Sun,18,100,0.026268479527164802,0.03207457895550166,52041
strict_unconditional,low,Sun,18,200,0.10474617688499055,0.11198160777852449,207516
strict_unconditional,low,Sun,18,300,0.23261591080953042,0.23752613216701587,460843
strict_unconditional,low,Sun,18,400,0.3904947213757454,0.3963280058315425,773622
strict_unconditional,low,Sun,19,100,0.02540618762333049,0.030782940563586048,50333
strict_unconditional,low,Sun,19,200,0.10086957824807438,0.10794273514621147,199836
strict_unconditional,low,Sun,19,300,0.22374756541758475,0.22933153543615797,443274
strict_unconditional,low,Sun,19,400,0.37774601787687967,0.3855839035764711,748365
strict_unconditional,low,Sun,20,100,0.025141651101671356,0.030687281352631365,49809
strict_unconditional,low,Sun,20,200,0.10094786075119216,0.10806466063419057,199991
strict_unconditional,low,Sun,20,300,0.2247546993014334,0.2300344220105889,445269
strict_unconditional,low,Sun,20,400,0.3792431751893015,0.38633866820147916,751331
strict_unconditional,low,Sun,21,100,0.025141651101671356,0.030687281352631365,49809
strict_unconditional,low,Sun,21,200,0.10094786075119216,0.10806466063419057,199991
strict_unconditional,low,Sun,21,300,0.2247546993014334,0.2300344220105889,445269
strict_unconditional,low,Sun,21,400,0.3792431751893015,0.38633866820147916,751331
strict_unconditional,low,Sun,22,100,0.02503484827146557,0.030592392974145035,49597
strict_unconditional,low,Sun,22,200,0.10051281111461347,0.1076222767289646,199129
strict_unconditional,low,Sun,22,300,0.22346246152008126,0.22865106015758493,442709
strict_unconditional,low,Sun,22,400,0.3775611024141405,0.38486962152647314,747999
strict_unconditional,low,Sun,23,100,0.025013073333871573,0.030579113850282457,49554
strict_unconditional,low,Sun,23,200,0.10039923949409701,0.1075219493204679,198904
strict_unconditional,low,Sun,23,300,0.2230563080863716,0.22843543100189578,441904
strict_unconditional,low,Sun,23,400,0.37659977136111605,0.383907526903657,746094
declared,high,Mon,0,100,0.03904338003947963,0.047932561127410074,77350
declared,high,Mon,0,200,0.15209680021597952,0.16207896508920128,301324
declared,high,Mon,0,300,0.32456534733877046,0.33492762103276635,643007
declared,high,Mon,0,400,0.5202732389383764,0.531604549236914,1030730
declared,high,Mon,1,100,0.038654227827729606,0.047267104468080495,76579
declared,high,Mon,1,200,0.1513066417465956,0.16124892912306668,299759
declared,high,Mon,1,300,0.3238437056804992,0.33411982087036346,641577
declared,high,Mon,1,400,0.5194155345810694,0.5306393073963479,1029031
declared,high,Mon,2,100,0.038377100725144636,0.046899673411444735,76030
declared,high,Mon,2,200,0.15047001867977816,0.16033798522480777,298101
declared,high,Mon,2,300,0.3221611777495354,0.3322989801327074,638244
declared,high,Mon,2,400,0.5165855475171863,0.5277780764818557,1023425
declared,high,Mon,3,100,0.038377100725144636,0.046899673411444735,76030
declared,high,Mon,3,200,0.15047001867977816,0.16033798522480777,298101
declared,high,Mon,3,300,0.3221611777495354,0.3322989801327074,638244
declared,high,Mon,3,400,0.5165855475171863,0.5277780764818557,1023425
declared,high,Mon,4,100,0.038707467825858044,0.04749617536575303,76685
declared,high,Mon,4,200,0.15111978850254276,0.16109943737559765,299388
declared,high,Mon,4,300,0.32269991673162524,0.33290428414617584,639311
declared,high,Mon,4,400,0.5172801575288796,0.5286108604281885,1024801
declared,high,Mon,5,100,0.03875965360161014,0.04755384682924193,76788
declared,high,Mon,5,200,0.15131233117515996,0.16127925085541645,299770
declared,high,Mon,5,300,0.3229356076204606,0.333205551296843,639778
declared,high,Mon,5,400,0.5174184914167151,0.5287018787104631,1025075
declared,high,Mon,6,100,0.03926632567200314,0.04791373775107535,77792
declared,high,Mon,6,200,0.1532679623744268,0.16298032061000875,303644
declared,high,Mon,6,300,0.32617664386881656,0.3367452019853049,646199
declared,high,Mon,6,400,0.5212337799055771,0.5327889223843429,1032633
declared,high,Mon,7,100,0.044119746137993264,0.05328587605437843,87407
declared,high,Mon,7,200,0.17085354913652606,0.18186499632071323,338484
declared,high,Mon,7,300,0.359596533807205,0.37081238009627066,712408
declared,high,Mon,7,400,0.562727953534337,0.5740612233826559,1114839
declared,high,Mon,8,100,0.3814322787157493,0.45588611374641635,755668
declared,high,Mon,8,200,0.8274106851769409,0.8527484165452845,1639210
declared,high,Mon,8,300,0.9679792914070277,0.9717197485835649,1917695
declared,high,Mon,8,400,0.9922891613872805,0.9918464292590332,1965857
declared,high,Mon,9,100,0.38993742784186786,0.465526951786357,772518
declared,high,Mon,9,200,0.8350943587505997,0.8588397405881494,1654433
declared,high,Mon,9,300,0.9696071548638406,0.9727118687390187,1920920
declared,high,Mon,9,400,0.992419423604138,0.9919858993019842,1966115
declared,high,Mon,10,100,0.39058205388358364,0.4661131715051171,773795
declared,high,Mon,10,200,0.8355120022987566,0.8591469741158786,1655260
declared,high,Mon,10,300,0.9696071548638406,0.9727118687390187,1920920
declared,high,Mon,10,400,0.992419423604138,0.9919858993019842,1966115
declared,high,Mon,11,100,0.3905466738162043,0.4661004103627244,773725
declared,high,Mon,11,200,0.8354257886187114,0.8590537746657533,1655089
declared,high,Mon,11,300,0.9695687993219217,0.9726631358730213,1920844
declared,high,Mon,11,400,0.992419423604138,0.9919858993019842,1966115
declared,high,Mon,12,100,0.3878895528553314,0.46309216526657104,768461
declared,high,Mon,12,200,0.8342877132830075,0.858323066985344,1652835
declared,high,Mon,12,300,0.9691813396872931,0.9726446620875003,1920077
declared,high,Mon,12,400,0.992412064548601,0.9919858993019842,1966100
declared,high,Mon,13,100,0.3880359576482512,0.46325409447229904,768751
declared,high,Mon,13,200,0.8335614004958164,0.8576291476718201,1651396
declared,high,Mon,13,300,0.9688895653331788,0.9722669276670557,1919499
declared,high,Mon,13,400,0.992412064548601,0.9919858993019842,1966100
declared,high,Mon,14,100,0.3903275163129145,0.4657829739442591,773291
declared,high,Mon,14,200,0.8352634543132224,0.8589744742801702,1654768
declared,high,Mon,14,300,0.9696071548638406,0.9727118687390187,1920920
declared,high,Mon,14,400,0.992419423604138,0.9919858993019842,1966115
declared,high,Mon,15,100,0.39018833761890837,0.4656561195566971,773015
declared,high,Mon,15,200,0.8349273811187443,0.8587895087136251,1654102
declared,high,Mon,15,300,0.9694506892747505,0.9726872070268998,1920610
declared,high,Mon,15,400,0.9923326955022878,0.99186259074139,1965943
declared,high,Mon,16,100,0.38892222107246865,0.46433316715028317,770507
declared,high,Mon,16,200,0.8341250376309516,0.8579548071966855,1652512
declared,high,Mon,16,300,0.9693990614636191,0.9726865574543947,1920508
declared,high,Mon,16,400,0.9923326955022878,0.99186259074139,1965943
declared,high,Mon,17,100,0.3843301703892661,0.45927092918707363,761409
declared,high,Mon,17,200,0.8317309189367382,0.8559859679846581,1647769
declared,high,Mon,17,300,0.9690827459142343,0.9722345097061039,1919882
declared,high,Mon,17,400,0.9923321999870007,0.991860141421499,1965942
declared,high,Mon,18,100,0.37749396995932394,0.4511895329078625,747866
declared,high,Mon,18,200,0.8244993912303307,0.8489303877041808,1633443
declared,high,Mon,18,300,0.9673970909079347,0.9710689257913763,1916542
declared,high,Mon,18,400,0.9920674530884269,0.9916521495858722,1965417
declared,high,Mon,19,100,0.37355199461063854,0.4464791395282837,740056
declared,high,Mon,19,200,0.821087225986703,0.8466429334832958,1626683
declared,high,Mon,19,300,0.9666391748112534,0.9707010941714699,1915040
declared,high,Mon,19,400,0.9920265813088759,0.9916200743128719,1965336
declared,high,Mon,20,100,0.04263156378625177,0.052275616425444094,84459
declared,high,Mon,20,200,0.16530244984419193,0.1754963271363325,327486
declared,high,Mon,20,300,0.349422944821944,0.35981791485682807,692253
declared,high,Mon,20,400,0.5500407494616398,0.5605400889135376,1089704
declared,high,Mon,21,100,0.04066430065822052,0.04953044426237964,80561
declared,high,Mon,21,200,0.15863475264101495,0.1683842946091711,314276
declared,high,Mon,21,300,0.33668303771275676,0.3473256081835931,667014
declared,high,Mon,21,400,0.5355208505314428,0.5453487841626639,1060938
declared,high,Mon,22,100,0.03970082577665366,0.04862593363601653,78653
declared,high,Mon,22,200,0.15502645872463702,0.16519574123284494,307128
declared,high,Mon,22,300,0.3292289355907814,0.33913013586433005,652246
declared,high,Mon,22,400,0.5248805138744141,0.5353049500416802,1039858
declared,high,Mon,23,100,0.039243715574946145,0.048165955691347996,77747
declared,high,Mon,23,200,0.15318852832557578,0.1632976645992667,303487
declared,high,Mon,23,300,0.3256732471783398,0.33583023338397455,645202
declared,high,Mon,23,400,0.5204659067035545,0.531258164185539,1031112
declared,high,Tue,0,100,0.038999555217669006,0.04787109866915671,77263
declared,high,Tue,0,200,0.1522754101644731,0.16252581848624614,301678
declared,high,Tue,0,300,0.3237813124836547,0.3342695040041828,641454
declared,high,Tue,0,400,0.5174679391660103,0.5287892546474109,1025173
declared,high,Tue,1,100,0.03861040300591899,0.04720564200982713,76492
declared,high,Tue,1,200,0.15148525169508917,0.16169578252011152,300112
declared,high,Tue,1,300,0.32313982742830183,0.33354065528718413,640183
declared,high,Tue,1,400,0.5168131533918929,0.5281403863787191,1023875
declared,high,Tue,2,100,0.03861040300591899,0.04720564200982713,76492
declared,high,Tue,2,200,0.15148525169508917,0.16169578252011152,300112
declared,high,Tue,2,300,0.32313982742830183,0.33354065528718413,640183
declared,high,Tue,2,400,0.5168131533918929,0.5281403863787191,1023875
declared,high,Tue,3,100,0.03861040300591899,0.04720564200982713,76492
declared,high,Tue,3,200,0.15148525169508917,0.16169578252011152,300112
declared,high,Tue,3,300,0.32313982742830183,0.33354065528718413,640183
declared,high,Tue,3,400,0.5168131533918929,0.5281403863787191,1023875
declared,high,Tue,4,100,0.0389407701066324,0.04780214396413542,77147
declared,high,Tue,4,200,0.15213502151785382,0.1624572346709014,301400
declared,high,Tue,4,300,0.3235984098074733,0.33406700785524823,641091
declared,high,Tue,4,400,0.5173048448203964,0.5286567967531777,1024850
declared,high,Tue,5,100,0.03899295588238449,0.04785981542762432,77250
declared,high,Tue,5,200,0.15232756419047103,0.1626370481507202,301781
declared,high,Tue,5,300,0.32383410069630864,0.33436827500591537,641558
declared,high,Tue,5,400,0.5174431787082319,0.5287478150354524,1025124
declared,high,Tue,6,100,0.039499627952777484,0.04821970634945774,78254
declared,high,Tue,6,200,0.15428319538973786,0.16433811790531247,305655
declared,high,Tue,6,300,0.32707513694466467,0.33790792569437733,647979
declared,high,Tue,6,400,0.5212584671970939,0.5328348587093321,1032682
declared,high,Tue,7,100,0.04432107586106042,0.05356184122631377,87806
declared,high,Tue,7,200,0.17172918949692145,0.18304281907485992,340218
declared,high,Tue,7,300,0.3604003997969716,0.37188315662168836,714001
declared,high,Tue,7,400,0.5627466595681005,0.574107159707645,1114876
declared,high,Tue,8,100,0.38207953587743376,0.4566342043690218,756950
declared,high,Tue,8,200,0.8283303303457996,0.8536470495507134,1641032
declared,high,Tue,8,300,0.9690154832910697,0.9724782455815394,1919748
declared,high,Tue,8,400,0.9930850315755992,0.992650721832798,1967433
declared,high,Tue,9,100,0.390898790511377,0.4665365372288832,774422
declared,high,Tue,9,200,0.8362663384392138,0.8597950658455218,1656755
declared,high,Tue,9,300,0.9707071994460605,0.9734974095548272,1923100
declared,high,Tue,9,400,0.993215293792457,0.9927901918757491,1967691
declared,high,Tue,10,100,0.3914622980810647,0.4670603888567463,775539
declared,high,Tue,10,200,0.8366248617809213,0.860094106549408,1657465
declared,high,Tue,10,300,0.9707071994460605,0.9734974095548272,1923100
declared,high,Tue,10,400,0.993215293792457,0.9927901918757491,1967691
declared,high,Tue,11,100,0.3914269180136853,0.4670476277143535,775469
declared,high,Tue,11,200,0.8365386481008761,0.8600009070992828,1657294
declared,high,Tue,11,300,0.9706688439041418,0.9734486766888298,1923024
declared,high,Tue,11,400,0.993215293792457,0.9927901918757491,1967691
declared,high,Tue,12,100,0.3884662740987726,0.4636559043498923,769603
declared,high,Tue,12,200,0.8352395946943216,0.859140749989973,1654720
declared,high,Tue,12,300,0.9702522898050697,0.9734190666622043,1922199
declared,high,Tue,12,400,0.9932079347369198,0.9927901918757491,1967677
declared,high,Tue,13,100,0.38883223349659946,0.46397064278475836,770328
declared,high,Tue,13,200,0.8345890067752539,0.8584635350381059,1653432
declared,high,Tue,13,300,0.9699896099153986,0.9730524684828642,1921678
declared,high,Tue,13,400,0.9932079347369198,0.9927901918757491,1967677
declared,high,Tue,14,100,0.39112379216126275,0.4664995222567183,774868
declared,high,Tue,14,200,0.8362910605926599,0.8598088616464561,1656804
declared,high,Tue,14,300,0.9707071994460605,0.9734974095548272,1923100
declared,high,Tue,14,400,0.993215293792457,0.9927901918757491,1967691
declared,high,Tue,15,100,0.39105199175923416,0.46645032713514084,774726
declared,high,Tue,15,200,0.8359552189723592,0.8596320889037541,1656138
declared,high,Tue,15,300,0.9705507338569704,0.9734727478427082,1922790
declared,high,Tue,15,400,0.9931285656906067,0.9926668833151551,1967519
declared,high,Tue,16,100,0.3897858752127943,0.46512737472872684,772218
declared,high,Tue,16,200,0.8351528754845664,0.8587973873868144,1654549
declared,high,Tue,16,300,0.970499106045839,0.9734720982702032,1922688
declared,high,Tue,16,400,0.9931285656906067,0.9926668833151551,1967519
declared,high,Tue,17,100,0.38471734152321135,0.4592481109721327,762176
declared,high,Tue,17,200,0.8323689617353405,0.8565051850400256,1649033
declared,high,Tue,17,300,0.9700886361027122,0.9730337402169509,1921874
declared,high,Tue,17,400,0.9931280701753196,0.9926644339952639,1967518
declared,high,Tue,18,100,0.3785917591593137,0.45225155294646324,750041
declared,high,Tue,18,200,0.8258337621686757,0.8501140652962096,1636086
declared,high,Tue,18,300,0.9685198816695845,0.9719126867611173,1918766
declared,high,Tue,18,400,0.9928633232767456,0.9924564421596371,1966994
declared,high,Tue,19,100,0.3744044820241763,0.4471788088491029,741745
declared,high,Tue,19,200,0.8222127616139415,0.8477765992289091,1628913
declared,high,Tue,19,300,0.9677619655729032,0.971544855141211,1917265
declared,high,Tue,19,400,0.9928224514971946,0.9924243668866368,1966913
declared,high,Tue,20,100,0.04292701598428461,0.05264690219901138,85044
declared,high,Tue,20,200,0.1660493248681413,0.1761756389547177,328966
declared,high,Tue,20,300,0.35042810900098204,0.36079014147398114,694245
declared,high,Tue,20,400,0.5507645224013934,0.5612798992104687,1091138
declared,high,Tue,21,100,0.04095975285625336,0.04990173003594693,81147
declared,high,Tue,21,200,0.15938162766496436,0.16906360642755622,315756
declared,high,Tue,21,300,0.3377160539062177,0.3482978348007462,669060
declared,high,Tue,21,400,0.536285891268633,0.5461797091595417,1062454
declared,high,Tue,22,100,0.0399962779746865,0.04899721940958381,79238
declared,high,Tue,22,200,0.1557733337485864,0.1658750530512301,308608
declared,high,Tue,22,300,0.33026195178424234,0.3401023624814831,654293
declared,high,Tue,22,400,0.5256100520666716,0.5360447603386116,1041303
declared,high,Tue,23,100,0.03931827752363579,0.04830426623907971,77895
declared,high,Tue,23,200,0.15340198576163971,0.16352503387764983,303910
declared,high,Tue,23,300,0.3263310974961866,0.33637627488591815,646505
declared,high,Tue,23,400,0.5210776388751421,0.5319439932410251,1032324
declared,high,Wed,0,100,0.03907411716635866,0.04800940921688841,77411
declared,high,Wed,0,200,0.1524520457327027,0.162692830164461,302028
declared,high,Wed,0,300,0.32387658692035276,0.33427667928680355,641642
declared,high,Wed,0,400,0.5174679391660103,0.5287892546474109,1025173
declared,high,Wed,1,100,0.038684964954608644,0.047343952557558834,76640
declared,high,Wed,1,200,0.15166188726331886,0.16186279419832642,300462
declared,high,Wed,1,300,0.323235101865,0.3335478305698049,640372
declared,high,Wed,1,400,0.5168131533918929,0.5281403863787191,1023875
declared,high,Wed,2,100,0.038684964954608644,0.047343952557558834,76640
declared,high,Wed,2,200,0.15166188726331886,0.16186279419832642,300462
declared,high,Wed,2,300,0.323235101865,0.3335478305698049,640372
declared,high,Wed,2,400,0.5168131533918929,0.5281403863787191,1023875
declared,high,Wed,3,100,0.038684964954608644,0.047343952557558834,76640
declared,high,Wed,3,200,0.15166188726331886,0.16186279419832642,300462
declared,high,Wed,3,300,0.323235101865,0.3335478305698049,640372
declared,high,Wed,3,400,0.5168131533918929,0.5281403863787191,1023875
declared,high,Wed,4,100,0.039015332055322045,0.04794045451186713,77295
declared,high,Wed,4,200,0.15231165708608346,0.1626242463491163,301750
declared,high,Wed,4,300,0.32369368424417144,0.334074183137869,641280
declared,high,Wed,4,400,0.5173048448203964,0.5286567967531777,1024850
declared,high,Wed,5,100,0.039067517831074136,0.047998125975356035,77398
declared,high,Wed,5,200,0.1525041997587007,0.1628040598289351,302131
declared,high,Wed,5,300,0.32392937513300674,0.3343754502885362,641747
declared,high,Wed,5,400,0.5174431787082319,0.5287478150354524,1025124
declared,high,Wed,6,100,0.03957418990146713,0.04835801689718946,78402
declared,high,Wed,6,200,0.1544598309579675,0.16450512958352737,306005
declared,high,Wed,6,300,0.3272577410807644,0.33797926474633755,648341
declared,high,Wed,6,400,0.5215400884637522,0.5331297210041196,1033240
declared,high,Wed,7,100,0.044368929576847745,0.05365451695697074,87901
declared,high,Wed,7,200,0.1714131879159313,0.1828776687252815,339592
declared,high,Wed,7,300,0.3596136060481812,0.3712363791335249,712442
declared,high,Wed,7,400,0.5621986246115804,0.5732420861667661,1113790
declared,high,Wed,8,100,0.3807340062444448,0.4550275334504215,754285
declared,high,Wed,8,200,0.8266045937284651,0.8516082992912566,1637613
declared,high,Wed,8,300,0.9689628505357614,0.9725173489735999,1919644
declared,high,Wed,8,400,0.9930672598300756,0.992650721832798,1967398
declared,high,Wed,9,100,0.3893496104479926,0.46480059431668147,771353
declared,high,Wed,9,200,0.8339122709135938,0.8569399484972126,1652091
declared,high,Wed,9,300,0.9704836031413349,0.9735206053701582,1922657
declared,high,Wed,9,400,0.9931680473216006,0.9927733633535997,1967598
declared,high,Wed,10,100,0.39004793008663446,0.4654197453687977,772737
declared,high,Wed,10,200,0.8343296828875736,0.8572389892010991,1652918
declared,high,Wed,10,300,0.9704836031413349,0.9735206053701582,1922657
declared,high,Wed,10,400,0.9931680473216006,0.9927733633535997,1967598
declared,high,Wed,11,100,0.39001255001925517,0.46540698422640503,772667
declared,high,Wed,11,200,0.8342434692075283,0.8571457897509739,1652747
declared,high,Wed,11,300,0.970445247599416,0.9734718725041608,1922581
declared,high,Wed,11,400,0.9931680473216006,0.9927733633535997,1967598
declared,high,Wed,12,100,0.3874024640307438,0.46242457017584665,767496
declared,high,Wed,12,200,0.8330885296914733,0.8564065705327504,1650459
declared,high,Wed,12,300,0.9700286935003439,0.9734422624775354,1921756
declared,high,Wed,12,400,0.9931606882660636,0.9927733633535997,1967583
declared,high,Wed,13,100,0.387510939951987,0.46249009956401854,767711
declared,high,Wed,13,200,0.8323814763619296,0.8557651878938589,1649058
declared,high,Wed,13,300,0.9697787466570442,0.9731163978110677,1921260
declared,high,Wed,13,400,0.9931606882660636,0.9927733633535997,1967583
declared,high,Wed,14,100,0.390066512133866,0.46535763002800246,772774
declared,high,Wed,14,200,0.8348841593625549,0.8580512007126405,1654016
declared,high,Wed,14,300,0.9706325415033891,0.9735613388830306,1922952
declared,high,Wed,14,400,0.9931975220469333,0.9927901918757491,1967656
declared,high,Wed,15,100,0.3901226959924807,0.4655654763739904,772885
declared,high,Wed,15,200,0.8347949761504992,0.8580305421579608,1653840
declared,high,Wed,15,300,0.9704760759142989,0.9735366771709117,1922642
declared,high,Wed,15,400,0.9931107939450831,0.9926668833151551,1967484
declared,high,Wed,16,100,0.38885657944604096,0.4642425239675764,770376
declared,high,Wed,16,200,0.8339926326627064,0.8571958406410213,1652250
declared,high,Wed,16,300,0.9704244481031676,0.9735360275984067,1922540
declared,high,Wed,16,400,0.9931107939450831,0.9926668833151551,1967484
declared,high,Wed,17,100,0.38455933031168094,0.4595198619178312,761863
declared,high,Wed,17,200,0.8316188958055323,0.8552820583300912,1647547
declared,high,Wed,17,300,0.9700790380893394,0.9730728436090113,1921855
declared,high,Wed,17,400,0.993110298429796,0.9926644339952639,1967483
declared,high,Wed,18,100,0.3780779910119716,0.4516651281217214,749023
declared,high,Wed,18,200,0.8250448858552474,0.8490720949806468,1634523
declared,high,Wed,18,300,0.9685168553523514,0.9718665261814112,1918760
declared,high,Wed,18,400,0.9928750262565548,0.9924732706817866,1967017
declared,high,Wed,19,100,0.3738953038726589,0.4466257252553043,740736
declared,high,Wed,19,200,0.8214721600435634,0.8467846407597615,1627445
declared,high,Wed,19,300,0.96775893925567,0.971498694561505,1917259
declared,high,Wed,19,400,0.9928341544770037,0.9924411954087863,1966936
declared,high,Wed,20,100,0.04320414308686958,0.05301433325564715,85593
declared,high,Wed,20,200,0.16688594793495876,0.17708658285297657,330623
declared,high,Wed,20,300,0.35211063693194583,0.3626109822116371,697578
declared,high,Wed,20,400,0.5535945094652762,0.5641411301249611,1096744
declared,high,Wed,21,100,0.041236879958838325,0.05026916109258269,81696
declared,high,Wed,21,200,0.1602182507317818,0.16997455032581513,317414
declared,high,Wed,21,300,0.33939858183718147,0.35011867553840226,672394
declared,high,Wed,21,400,0.5391158783325162,0.549040940074034,1068060
declared,high,Wed,22,100,0.04027340507727148,0.049364650466219594,79787
declared,high,Wed,22,200,0.15660995681540385,0.166785996949489,310265
declared,high,Wed,22,300,0.33194447971520613,0.34192320321913916,657626
declared,high,Wed,22,400,0.5284400391305546,0.5389059912531037,1046910
declared,high,Wed,23,100,0.03959540462622076,0.04867169729571548,78444
declared,high,Wed,23,200,0.15423860882845716,0.16443597777590876,305567
declared,high,Wed,23,300,0.3280136254271504,0.33819711562357424,649839
declared,high,Wed,23,400,0.5239076259390251,0.5348052241555172,1037931
declared,high,Thu,0,100,0.039351244268943625,0.04837684027352418,77960
declared,high,Thu,0,200,0.1532886687995202,0.16360377406271992,303685
declared,high,Thu,0,300,0.32555911485131656,0.33609752002445964,644976
declared,high,Thu,0,400,0.5202979262298931,0.5316504855619033,1030779
declared,high,Thu,1,100,0.038962092057193615,0.04771138361419461,77189
declared,high,Thu,1,200,0.1524985103301363,0.1627737380965853,302120
declared,high,Thu,1,300,0.32491762979596384,0.335368671307461,643705
declared,high,Thu,1,400,0.5196431404557758,0.5310016172932114,1029482
declared,high,Thu,2,100,0.038684964954608644,0.047343952557558834,76640
declared,high,Thu,2,200,0.15166188726331886,0.16186279419832642,300462
declared,high,Thu,2,300,0.323235101865,0.3335478305698049,640372
declared,high,Thu,2,400,0.5168131533918929,0.5281403863787191,1023875
declared,high,Thu,3,100,0.038684964954608644,0.047343952557558834,76640
declared,high,Thu,3,200,0.15166188726331886,0.16186279419832642,300462
declared,high,Thu,3,300,0.323235101865,0.3335478305698049,640372
declared,high,Thu,3,400,0.5168131533918929,0.5281403863787191,1023875
declared,high,Thu,4,100,0.039015332055322045,0.04794045451186713,77295
declared,high,Thu,4,200,0.15231165708608346,0.1626242463491163,301750
declared,high,Thu,4,300,0.32369368424417144,0.334074183137869,641280
declared,high,Thu,4,400,0.5173048448203964,0.5286567967531777,1024850
declared,high,Thu,5,100,0.039067517831074136,0.047998125975356035,77398
declared,high,Thu,5,200,0.1525041997587007,0.1628040598289351,302131
declared,high,Thu,5,300,0.32392937513300674,0.3343754502885362,641747
declared,high,Thu,5,400,0.5174431787082319,0.5287478150354524,1025124
declared,high,Thu,6,100,0.03957418990146713,0.04835801689718946,78402
declared,high,Thu,6,200,0.1544598309579675,0.16450512958352737,306005
declared,high,Thu,6,300,0.32717041138136277,0.33791510097699806,648168
declared,high,Thu,6,400,0.5212584671970939,0.5328348587093321,1032682
declared,high,Thu,7,100,0.04467276491233503,0.05406758283068126,88503
declared,high,Thu,7,200,0.17274244813196854,0.1841207746513337,342226
declared,high,Thu,7,300,0.36217820216463353,0.3737111726419652,717523
declared,high,Thu,7,400,0.5655766466319835,0.5769683906221375,1120482
declared,high,Thu,8,100,0.38190819543661036,0.45667360075492097,756611
declared,high,Thu,8,200,0.8279966462352732,0.8535299340452932,1640371
declared,high,Thu,8,300,0.9690678788718415,0.9727432121909118,1919852
declared,high,Thu,8,400,0.9930769905681589,0.992650721832798,1967417
declared,high,Thu,9,100,0.39073389632136735,0.4665759336147824,774096
declared,high,Thu,9,200,0.8359310825241062,0.8596612459784448,1656090
declared,high,Thu,9,300,0.9707484417576874,0.9737512399230949,1923181
declared,high,Thu,9,400,0.9932072527850165,0.9927901918757491,1967675
declared,high,Thu,10,100,0.3914677855411626,0.4672481654613544,775550
declared,high,Thu,10,200,0.8363484944980859,0.859960286682331,1656917
declared,high,Thu,10,300,0.9707484417576874,0.9737512399230949,1923181
declared,high,Thu,10,400,0.9932072527850165,0.9927901918757491,1967675
declared,high,Thu,11,100,0.39143240547378316,0.46723540431896154,775480
declared,high,Thu,11,200,0.8362622808180408,0.8598670872322058,1656747
declared,high,Thu,11,300,0.9707100862157686,0.9737025070570975,1923105
declared,high,Thu,11,400,0.9932072527850165,0.9927901918757491,1967675
declared,high,Thu,12,100,0.3886803348558147,0.4641411470949965,770027
declared,high,Thu,12,200,0.835109172625244,0.8591445723756395,1654462
declared,high,Thu,12,300,0.97032262658114,0.9736840332715768,1922338
declared,high,Thu,12,400,0.9931998937294796,0.9927901918757491,1967661
declared,high,Thu,13,100,0.3889470517658405,0.464413666900065,770556
declared,high,Thu,13,200,0.8343828598380527,0.8584506530621154,1653023
declared,high,Thu,13,300,0.9700308522270257,0.9733062988511321,1921760
declared,high,Thu,13,400,0.9931998937294796,0.9927901918757491,1967661
declared,high,Thu,14,100,0.39124505668131754,0.466942546372025,775108
declared,high,Thu,14,200,0.8361001780867287,0.8597959796704656,1656425
declared,high,Thu,14,300,0.9707484417576874,0.9737512399230949,1923181
declared,high,Thu,14,400,0.9932072527850165,0.9927901918757491,1967675
declared,high,Thu,15,100,0.3911058779873114,0.46681569198446304,774833
declared,high,Thu,15,200,0.8357641048922508,0.8596110141039207,1655760
declared,high,Thu,15,300,0.9705919761685974,0.9737265782109762,1922871
declared,high,Thu,15,400,0.9931205246831663,0.9926668833151551,1967504
declared,high,Thu,16,100,0.38983976144087173,0.465492739578049,772324
declared,high,Thu,16,200,0.834961761404458,0.858776312586981,1654170
declared,high,Thu,16,300,0.9705403483574659,0.9737259286384711,1922769
declared,high,Thu,16,400,0.9931205246831663,0.9926668833151551,1967504
declared,high,Thu,17,100,0.38516103040692357,0.4603083995777564,763055
declared,high,Thu,17,200,0.8325296069557663,0.8568033177976425,1649352
declared,high,Thu,17,300,0.970202007620718,0.9732987068263234,1922099
declared,high,Thu,17,400,0.9931200291678792,0.9926644339952639,1967503
declared,high,Thu,18,100,0.3784098616471199,0.45222716904239996,749680
declared,high,Thu,18,200,0.8255153424894194,0.8499969497907893,1635455
declared,high,Thu,18,300,0.9685722772503563,0.9721776533704897,1918870
declared,high,Thu,18,400,0.9928552822693052,0.9924564421596371,1966978
declared,high,Thu,19,100,0.37422258451198254,0.44715442494503954,741385
declared,high,Thu,19,200,0.8218790775034149,0.8476594837234892,1628252
declared,high,Thu,19,300,0.9678143611536749,0.9718098217505835,1917369
declared,high,Thu,19,400,0.9928144104897542,0.9924243668866368,1966897
declared,high,Thu,20,100,0.04323611564457678,0.053044336682094205,85656
declared,high,Thu,20,200,0.16703481932299102,0.17726655739413363,330918
declared,high,Thu,20,300,0.3522020669529837,0.36269624618340374,697759
declared,high,Thu,20,400,0.5536082238410237,0.5641411301249611,1096771
declared,high,Thu,21,100,0.04126885251654554,0.050299164519029736,81759
declared,high,Thu,21,200,0.16036712211981402,0.1701545248669722,317709
declared,high,Thu,21,300,0.3395091963160754,0.3502172692533091,672613
declared,high,Thu,21,400,0.5391578529099393,0.549040940074034,1068143
declared,high,Thu,22,100,0.04027340507727148,0.049364650466219594,79787
declared,high,Thu,22,200,0.15660995681540385,0.166785996949489,310265
declared,high,Thu,22,300,0.33194447971520613,0.34192320321913916,657626
declared,high,Thu,22,400,0.5284400391305546,0.5389059912531037,1046910
declared,high,Thu,23,100,0.03959540462622076,0.04867169729571548,78444
declared,high,Thu,23,200,0.15423860882845716,0.16443597777590876,305567
declared,high,Thu,23,300,0.3280136254271504,0.33819711562357424,649839
declared,high,Thu,23,400,0.5239076259390251,0.5348052241555172,1037931
declared,high,Fri,0,100,0.039351244268943625,0.04837684027352418,77960
declared,high,Fri,0,200,0.1532886687995202,0.16360377406271992,303685
declared,high,Fri,0,300,0.32555911485131656,0.33609752002445964,644976
declared,high,Fri,0,400,0.5202979262298931,0.5316504855619033,1030779
declared,high,Fri,1,100,0.038962092057193615,0.04771138361419461,77189
declared,high,Fri,1,200,0.1524985103301363,0.1627737380965853,302120
declared,high,Fri,1,300,0.32491762979596384,0.335368671307461,643705
declared,high,Fri,1,400,0.5196431404557758,0.5310016172932114,1029482
declared,high,Fri,2,100,0.038684964954608644,0.047343952557558834,76640
declared,high,Fri,2,200,0.15166188726331886,0.16186279419832642,300462
declared,high,Fri,2,300,0.323235101865,0.3335478305698049,640372
declared,high,Fri,2,400,0.5168131533918929,0.5281403863787191,1023875
declared,high,Fri,3,100,0.038684964954608644,0.047343952557558834,76640
declared,high,Fri,3,200,0.15166188726331886,0.16186279419832642,300462
declared,high,Fri,3,300,0.323235101865,0.3335478305698049,640372
declared,high,Fri,3,400,0.5168131533918929,0.5281403863787191,1023875
declared,high,Fri,4,100,0.039015332055322045,0.04794045451186713,77295
declared,high,Fri,4,200,0.15231165708608346,0.1626242463491163,301750
declared,high,Fri,4,300,0.32369368424417144,0.334074183137869,641280
declared,high,Fri,4,400,0.5173048448203964,0.5286567967531777,1024850
declared,high,Fri,5,100,0.039067517831074136,0.047998125975356035,77398
declared,high,Fri,5,200,0.1525041997587007,0.1628040598289351,302131
declared,high,Fri,5,300,0.32392937513300674,0.3343754502885362,641747
declared,high,Fri,5,400,0.5174431787082319,0.5287478150354524,1025124
declared,high,Fri,6,100,0.03957418990146713,0.04835801689718946,78402
declared,high,Fri,6,200,0.1544598309579675,0.16450512958352737,306005
declared,high,Fri,6,300,0.32717041138136277,0.33791510097699806,648168
declared,high,Fri,6,400,0.5212584671970939,0.5328348587093321,1032682
declared,high,Fri,7,100,0.04467276491233503,0.05406758283068126,88503
declared,high,Fri,7,200,0.17274244813196854,0.1841207746513337,342226
declared,high,Fri,7,300,0.36217820216463353,0.3737111726419652,717523
declared,high,Fri,7,400,0.5655766466319835,0.5769683906221375,1120482
declared,high,Fri,8,100,0.3820607229542309,0.4567806238271922,756913
declared,high,Fri,8,200,0.8278807943634678,0.8533030189642814,1640142
declared,high,Fri,8,300,0.9690694382966629,0.9727432121909118,1919855
declared,high,Fri,8,400,0.9930778491748053,0.992650721832798,1967419
declared,high,Fri,9,100,0.39086977849745214,0.4666244552646277,774365
declared,high,Fri,9,200,0.835856042062543,0.8594510352590898,1655942
declared,high,Fri,9,300,0.9707798524055874,0.9737623761641995,1923244
declared,high,Fri,9,400,0.993208111391663,0.9927901918757491,1967677
declared,high,Fri,10,100,0.391568098136094,0.46724360631674383,775748
declared,high,Fri,10,200,0.836273454036523,0.859750075962976,1656769
declared,high,Fri,10,300,0.9707798524055874,0.9737623761641995,1923244
declared,high,Fri,10,400,0.993208111391663,0.9927901918757491,1967677
declared,high,Fri,11,100,0.3915327180687147,0.46723084517435115,775678
declared,high,Fri,11,200,0.8361872403564777,0.8596568765128508,1656598
declared,high,Fri,11,300,0.9707414968636684,0.9737136432982021,1923168
declared,high,Fri,11,400,0.993208111391663,0.9927901918757491,1967677
declared,high,Fri,12,100,0.38876591465814614,0.4641235961247297,770197
declared,high,Fri,12,200,0.8349681727454863,0.8589176572946275,1654183
declared,high,Fri,12,300,0.9703249427645966,0.9736840332715768,1922342
declared,high,Fri,12,400,0.993200752336126,0.9927901918757491,1967662
declared,high,Fri,13,100,0.38897450393248056,0.4643241794543814,770610
declared,high,Fri,13,200,0.8342586961941465,0.8582404423427603,1652777
declared,high,Fri,13,300,0.9700622628749255,0.9733174350922366,1921822
declared,high,Fri,13,400,0.993200752336126,0.9927901918757491,1967662
declared,high,Fri,14,100,0.39113298098054416,0.4666897411240534,774886
declared,high,Fri,14,200,0.8359999896172134,0.8595857689511106,1656227
declared,high,Fri,14,300,0.9707798524055874,0.9737623761641995,1923244
declared,high,Fri,14,400,0.993208111391663,0.9927901918757491,1967677
declared,high,Fri,15,100,0.3910293718676912,0.4666159675309472,774681
declared,high,Fri,15,200,0.8356639164227356,0.8594008033845657,1655561
declared,high,Fri,15,300,0.9706233868164973,0.9737377144520807,1922934
declared,high,Fri,15,400,0.9931213832898128,0.9926668833151551,1967505
declared,high,Fri,16,100,0.38945800719905843,0.4650721456117636,771568
declared,high,Fri,16,200,0.8348142641962257,0.8584799984761764,1653878
declared,high,Fri,16,300,0.9705717590053657,0.9737370648795757,1922831
declared,high,Fri,16,400,0.9931213832898128,0.9926668833151551,1967505
declared,high,Fri,17,100,0.3844749499655375,0.4596013715100367,761696
declared,high,Fri,17,200,0.8308179214639267,0.8548024575442227,1645961
declared,high,Fri,17,300,0.9699246888351682,0.9731238892410012,1921550
declared,high,Fri,17,400,0.9930914130491929,0.9926476054731145,1967446
declared,high,Fri,18,100,0.3784679025440221,0.4522734227343405,749795
declared,high,Fri,18,200,0.825290068264508,0.849673157488178,1635009
declared,high,Fri,18,300,0.9685738366751777,0.9721776533704897,1918873
declared,high,Fri,18,400,0.9928561408759516,0.9924564421596371,1966980
declared,high,Fri,19,100,0.3742852154047094,0.4472340198679235,741509
declared,high,Fri,19,200,0.8217020780215538,0.8473857032672926,1627901
declared,high,Fri,19,300,0.9678159205784963,0.9718098217505835,1917372
declared,high,Fri,19,400,0.9928152690964006,0.9924243668866368,1966899
declared,high,Fri,20,100,0.04320414308686958,0.05301433325564715,85593
declared,high,Fri,20,200,0.16688594793495876,0.17708658285297657,330623
declared,high,Fri,20,300,0.35211063693194583,0.3626109822116371,697578
declared,high,Fri,20,400,0.5535945094652762,0.5641411301249611,1096744
declared,high,Fri,21,100,0.041236879958838325,0.05026916109258269,81696
declared,high,Fri,21,200,0.1602182507317818,0.16997455032581513,317414
declared,high,Fri,21,300,0.33939858183718147,0.35011867553840226,672394
declared,high,Fri,21,400,0.5391158783325162,0.549040940074034,1068060
declared,high,Fri,22,100,0.04027340507727148,0.049364650466219594,79787
declared,high,Fri,22,200,0.15660995681540385,0.166785996949489,310265
declared,high,Fri,22,300,0.33194447971520613,0.34192320321913916,657626
declared,high,Fri,22,400,0.5284400391305546,0.5389059912531037,1046910
declared,high,Fri,23,100,0.03959540462622076,0.04867169729571548,78444
declared,high,Fri,23,200,0.15423860882845716,0.16443597777590876,305567
declared,high,Fri,23,300,0.3280136254271504,0.33819711562357424,649839
declared,high,Fri,23,400,0.5239076259390251,0.5348052241555172,1037931
declared,high,Sat,0,100,0.03816821413361277,0.047060883865391825,75616
declared,high,Sat,0,200,0.1494290335941235,0.15989084875979312,296039
declared,high,Sat,0,300,0.31738976630566496,0.32719808398580974,628791
declared,high,Sat,0,400,0.5091151205939418,0.5196829537357247,1008625
declared,high,Sat,1,100,0.03777906192186275,0.04639542720606225,74845
declared,high,Sat,1,200,0.1486388751247396,0.1590608127936585,294473
declared,high,Sat,1,300,0.3167482812503121,0.32646923526881116,627520
declared,high,Sat,1,400,0.5084603348198243,0.5190340854670328,1007327
declared,high,Sat,2,100,0.037501934819277785,0.04602799614942648,74296
declared,high,Sat,2,200,0.14780225205792213,0.1581498688953996,292816
declared,high,Sat,2,300,0.3150657533193484,0.32464839453115507,624187
declared,high,Sat,2,400,0.5056303477559414,0.5161728545525406,1001721
declared,high,Sat,3,100,0.037501934819277785,0.04602799614942648,74296
declared,high,Sat,3,200,0.14780225205792213,0.1581498688953996,292816
declared,high,Sat,3,300,0.3150657533193484,0.32464839453115507,624187
declared,high,Sat,3,400,0.5056303477559414,0.5161728545525406,1001721
declared,high,Sat,4,100,0.03783230191999119,0.046624498103734764,74951
declared,high,Sat,4,200,0.14845202188068676,0.1589113210461895,294103
declared,high,Sat,4,300,0.3155243356985198,0.3251747470992191,625096
declared,high,Sat,4,400,0.506122039184445,0.5166892649269991,1002695
declared,high,Sat,5,100,0.037884487695743284,0.04668216956722367,75054
declared,high,Sat,5,200,0.14864456455330397,0.1590911345260083,294485
declared,high,Sat,5,300,0.31576002658735514,0.3254760142498863,625563
declared,high,Sat,5,400,0.5062603730722804,0.5167802832092739,1002969
declared,high,Sat,6,100,0.03793048478760431,0.046714885605684014,75145
declared,high,Sat,6,200,0.14900148251280515,0.159395169576035,295192
declared,high,Sat,6,300,0.3166063272759854,0.3262005010623114,627239
declared,high,Sat,6,400,0.507536344978608,0.5178286274814109,1005497
declared,high,Sat,7,100,0.03946661741212765,0.04835391238480999,78189
declared,high,Sat,7,200,0.15469199524772553,0.16595848760492637,306465
declared,high,Sat,7,300,0.3288255299885046,0.3388278992236468,651447
declared,high,Sat,7,400,0.5237337557612889,0.5336500674784744,1037586
declared,high,Sat,8,100,0.11868929450149925,0.1435608386205288,235139
declared,high,Sat,8,200,0.38769693438398056,0.4122723632914993,768079
declared,high,Sat,8,300,0.6709453387113288,0.6860372850843356,1329232
declared,high,Sat,8,400,0.8616718485217056,0.8677710375947728,1707086
declared,high,Sat,9,100,0.12208805782733818,0.1482703446723946,241873
declared,high,Sat,9,200,0.3963258823105448,0.4209746640934973,785174
declared,high,Sat,9,300,0.6817462409249715,0.6960889180577968,1350630
declared,high,Sat,9,400,0.8704217801619114,0.8761252714592637,1724421
declared,high,Sat,10,100,0.12336519454971272,0.15004042503407983,244403
declared,high,Sat,10,200,0.39847873385037724,0.42262014082775506,789439
declared,high,Sat,10,300,0.6831768066847003,0.6970734644061846,1353464
declared,high,Sat,10,400,0.8706669970496806,0.8762346479264866,1724907
declared,high,Sat,11,100,0.12333952950468553,0.15003733870525665,244352
declared,high,Sat,11,200,0.3983572968466687,0.4224763877924549,789199
declared,high,Sat,11,300,0.6828977420688934,0.696812343982757,1352911
declared,high,Sat,11,400,0.8706368413841603,0.8762137624124876,1724847
declared,high,Sat,12,100,0.12138345665410563,0.14759509139101507,240477
declared,high,Sat,12,200,0.3936621906448735,0.416937514128089,779897
declared,high,Sat,12,300,0.677693060466262,0.6929626990328949,1342600
declared,high,Sat,12,400,0.8664624544703954,0.87201513100672,1716577
declared,high,Sat,13,100,0.12112871512328484,0.14707562631660198,239972
declared,high,Sat,13,200,0.3927893978430878,0.4162942152008564,778168
declared,high,Sat,13,300,0.6776835517686063,0.6920188397340616,1342581
declared,high,Sat,13,400,0.8664128891337527,0.8718772539997593,1716479
declared,high,Sat,14,100,0.12233245752039501,0.1486929927723372,242357
declared,high,Sat,14,200,0.3947696299063098,0.41823810408733375,782091
declared,high,Sat,14,300,0.6795138618707184,0.6932029256658294,1346207
declared,high,Sat,14,400,0.8672149768149169,0.8726246789215939,1718068
declared,high,Sat,15,100,0.12266751904453754,0.14913358735224932,243021
declared,high,Sat,15,200,0.3961254524057923,0.4196363529866255,784777
declared,high,Sat,15,300,0.6812655503770391,0.6950782030951017,1349677
declared,high,Sat,15,400,0.8684634763544911,0.8738499915956142,1720541
declared,high,Sat,16,100,0.1226415335811621,0.14911187367783751,242969
declared,high,Sat,16,200,0.3961508802795253,0.41960401198535313,784827
declared,high,Sat,16,300,0.681502305168,0.6950825338555313,1350146
declared,high,Sat,16,400,0.8684634763544911,0.8738499915956142,1720541
declared,high,Sat,17,100,0.12247716399428563,0.1489961475359514,242644
declared,high,Sat,17,200,0.3953797948575121,0.4184166406008388,783300
declared,high,Sat,17,300,0.6803768872800782,0.6943226160109144,1347917
declared,high,Sat,17,400,0.8679291170438489,0.8734111130976516,1719483
declared,high,Sat,18,100,0.11889512311614892,0.14392781153533618,235547
declared,high,Sat,18,200,0.3866777279146006,0.41030662963254827,766060
declared,high,Sat,18,300,0.6711177180398904,0.6859641464970011,1329573
declared,high,Sat,18,400,0.8627024129479464,0.8687453110693653,1709128
declared,high,Sat,19,100,0.11647296443619792,0.1407999358824472,230748
declared,high,Sat,19,200,0.379173188674803,0.4025217517697408,751192
declared,high,Sat,19,300,0.6623263298248633,0.6784733498607776,1312156
declared,high,Sat,19,400,0.8562702871250493,0.8635223384110596,1696385
declared,high,Sat,20,100,0.04025539950339274,0.049643920002873015,79751
declared,high,Sat,20,200,0.15674266816083307,0.16727948373333806,310528
declared,high,Sat,20,300,0.3328546149634183,0.34289703957098416,659429
declared,high,Sat,20,400,0.5297906509366668,0.5397982188641284,1049586
declared,high,Sat,21,100,0.039007284872641414,0.047698790200680484,77279
declared,high,Sat,21,200,0.1521110819295468,0.1620731999533286,301352
declared,high,Sat,21,300,0.322919162981477,0.33269595303656674,639746
declared,high,Sat,21,400,0.5169940332995179,0.5262032913787829,1024234
declared,high,Sat,22,100,0.03875564270116879,0.047745426768611834,76780
declared,high,Sat,22,200,0.15126988991518292,0.16165374354747583,299686
declared,high,Sat,22,300,0.32108616317039834,0.33036179258839293,636114
declared,high,Sat,22,400,0.5140969501112667,0.523849851557645,1018494
declared,high,Sat,23,100,0.038412374490889904,0.04735574088758311,76100
declared,high,Sat,23,200,0.15037897362306046,0.16072305247298194,297921
declared,high,Sat,23,300,0.3198634613393549,0.3293110093280647,633692
declared,high,Sat,23,400,0.512858474387946,0.5229043410450404,1016041
declared,high,Sun,0,100,0.03801800563462879,0.04684944906091748,75319
declared,high,Sun,0,200,0.1490213269615026,0.15947381824743614,295231
declared,high,Sun,0,300,0.3172997643227874,0.32714548381407527,628613
declared,high,Sun,0,400,0.5091151205939418,0.5196829537357247,1008625
declared,high,Sun,1,100,0.037628853422878764,0.046183992401587895,74548
declared,high,Sun,1,200,0.14823116849211873,0.15864378228130155,293666
declared,high,Sun,1,300,0.3166582792674346,0.32641663509707664,627342
declared,high,Sun,1,400,0.5084603348198243,0.5190340854670328,1007327
declared,high,Sun,2,100,0.03735172632029379,0.045816561344952135,73999
declared,high,Sun,2,200,0.1473945454253013,0.15773283838304264,292008
declared,high,Sun,2,300,0.3149757513364709,0.32459579435942054,624009
declared,high,Sun,2,400,0.5056303477559414,0.5161728545525406,1001721
declared,high,Sun,3,100,0.03735172632029379,0.045816561344952135,73999
declared,high,Sun,3,200,0.1473945454253013,0.15773283838304264,292008
declared,high,Sun,3,300,0.3149757513364709,0.32459579435942054,624009
declared,high,Sun,3,400,0.5056303477559414,0.5161728545525406,1001721
declared,high,Sun,4,100,0.0376820934210072,0.046413063299260426,74653
declared,high,Sun,4,200,0.14804431524806588,0.15849429053383252,293295
declared,high,Sun,4,300,0.3154343337156422,0.3251221469274846,624917
declared,high,Sun,4,400,0.506122039184445,0.5166892649269991,1002695
declared,high,Sun,5,100,0.0377342791967593,0.04647073476274933,74757
declared,high,Sun,5,200,0.14823685792068308,0.1586741040136513,293677
declared,high,Sun,5,300,0.3156700246044776,0.3254234140781518,625384
declared,high,Sun,5,400,0.5062603730722804,0.5167802832092739,1002969
declared,high,Sun,6,100,0.0377512767980086,0.04649197709825344,74790
declared,high,Sun,6,200,0.14832790187076555,0.15874728382140338,293857
declared,high,Sun,6,300,0.3157612231116406,0.32546426472335194,625565
declared,high,Sun,6,400,0.506261797167627,0.5167802832092739,1002972
declared,high,Sun,7,100,0.03823918733506567,0.04709828045592422,75757
declared,high,Sun,7,200,0.1500172011283229,0.1605449620989159,297204
declared,high,Sun,7,300,0.3205813481009961,0.3301911225958131,635114
declared,high,Sun,7,400,0.5150159365653895,0.5251580785035217,1020315
declared,high,Sun,8,100,0.1023030105042116,0.12406619364191503,202676
declared,high,Sun,8,200,0.3390247143973121,0.3582799157728478,671653
declared,high,Sun,8,300,0.6124541672173378,0.6256821770260741,1213353
declared,high,Sun,8,400,0.8168367604388928,0.8247633443829789,1618262
declared,high,Sun,9,100,0.10406778028826132,0.12637921216720252,206172
declared,high,Sun,9,200,0.3442027877317046,0.3634298264901301,681911
declared,high,Sun,9,300,0.6200474256271468,0.6328303972798106,1228396
declared,high,Sun,9,400,0.8225645130926024,0.8297964082485738,1629609
declared,high,Sun,10,100,0.10505653438413394,0.127399257821074,208131
declared,high,Sun,10,200,0.34682625294352215,0.36595347227251174,687109
declared,high,Sun,10,300,0.6226759556264753,0.6359164729731074,1233604
declared,high,Sun,10,400,0.8251513502950747,0.8331670208571228,1634734
declared,high,Sun,11,100,0.10506241743702448,0.1273989386794344,208143
declared,high,Sun,11,200,0.3467107560190263,0.36580971923721156,686880
declared,high,Sun,11,300,0.6223980093878798,0.6356553525496796,1233053
declared,high,Sun,11,400,0.8251211946295545,0.833146135343124,1634675
declared,high,Sun,12,100,0.10400073225594125,0.12638659307028863,206039
declared,high,Sun,12,200,0.3446809033640116,0.3637955818161875,682859
declared,high,Sun,12,300,0.620211545502396,0.6330176065367086,1228721
declared,high,Sun,12,400,0.8224558747475211,0.8293980009041101,1629394
declared,high,Sun,13,100,0.10363220543598758,0.12591104562343855,205309
declared,high,Sun,13,200,0.34295288325893525,0.3621676952399036,679435
declared,high,Sun,13,300,0.6178949173931154,0.6310484036148106,1224132
declared,high,Sun,13,400,0.8211945588441422,0.8281765076846836,1626895
declared,high,Sun,14,100,0.10374766139065253,0.1259621111313698,205538
declared,high,Sun,14,200,0.3433510897080011,0.3623546896149535,680224
declared,high,Sun,14,300,0.6186354947686543,0.631419930307371,1225599
declared,high,Sun,14,400,0.8213661301126381,0.8284566313931231,1627235
declared,high,Sun,15,100,0.10374766139065253,0.1259621111313698,205538
declared,high,Sun,15,200,0.3433510897080011,0.3623546896149535,680224
declared,high,Sun,15,300,0.6186354947686543,0.631419930307371,1225599
declared,high,Sun,15,400,0.8213661301126381,0.8284566313931231,1627235
declared,high,Sun,16,100,0.10372092955822512,0.12593792273671253,205485
declared,high,Sun,16,200,0.3432648544729533,0.3622975170457636,680053
declared,high,Sun,16,300,0.6186354947686543,0.631419930307371,1225599
declared,high,Sun,16,400,0.8213661301126381,0.8284566313931231,1627235
declared,high,Sun,17,100,0.10366406227042556,0.12582322140023067,205372
declared,high,Sun,17,200,0.3432647599258023,0.3622975170457636,680053
declared,high,Sun,17,300,0.6186354947686543,0.631419930307371,1225599
declared,high,Sun,17,400,0.8213661301126381,0.8284566313931231,1627235
declared,high,Sun,18,100,0.10282498620977723,0.12476494469391852,203710
declared,high,Sun,18,200,0.3397629449229406,0.3588019954220283,673115
declared,high,Sun,18,300,0.6137104148147249,0.6265442921222649,1215842
declared,high,Sun,18,400,0.8177153088057718,0.8254029873052513,1620003
declared,high,Sun,19,100,0.10212352992897436,0.12371082782174027,202320
declared,high,Sun,19,200,0.33732259515242347,0.35650180539760845,668281
declared,high,Sun,19,300,0.6094794244465906,0.6228281632473571,1207460
declared,high,Sun,19,400,0.8134429201479378,0.8216337808976227,1611538
declared,high,Sun,20,100,0.038721300431596606,0.04758246537813845,76712
declared,high,Sun,20,200,0.15140129117892204,0.16141815607992913,299946
declared,high,Sun,20,300,0.32478989366372824,0.33388685952621916,643452
declared,high,Sun,20,400,0.5206781413658579,0.5306370718404394,1031532
declared,high,Sun,21,100,0.038020534887188304,0.04654192097880458,75324
declared,high,Sun,21,200,0.14890867601789817,0.15872287559048995,295008
declared,high,Sun,21,300,0.31979038481297606,0.32893203856542697,633547
declared,high,Sun,21,400,0.5145452803808124,0.523700554283547,1019382
declared,high,Sun,22,100,0.038023560097937815,0.04676353484703414,75330
declared,high,Sun,22,200,0.14899544945723672,0.1590431861564628,295180
declared,high,Sun,22,300,0.319360547345708,0.32854201404858663,632696
declared,high,Sun,22,400,0.5138367749186717,0.5236899304140737,1017979
declared,high,Sun,23,100,0.03795430176244191,0.04670002693699467,75193
declared,high,Sun,23,200,0.1487793984068989,0.15878121298710635,294752
declared,high,Sun,23,300,0.31876050738607503,0.32807518042149664,631507
declared,high,Sun,23,400,0.5127001330115569,0.5227917560043496,1015727
strict,high,Mon,0,100,0.027942833918870126,0.03389891141753061,55358
strict,high,Mon,0,200,0.11154190890017374,0.11964760038303496,220979
strict,high,Mon,0,300,0.24734581789331167,0.2544287150783322,490025
strict,high,Mon,0,400,0.4127227070035676,0.4226941310821693,817658
strict,high,Mon,1,100,0.027620542044416427,0.03330240946322231,54720
strict,high,Mon,1,200,0.11082556485514834,0.1188275094146366,219560
strict,high,Mon,1,300,0.24635319954704177,0.25340567151337856,488058
strict,high,Mon,1,400,0.4110108422739055,0.42079901167413675,814267
strict,high,Mon,2,100,0.02734341494183146,0.032934978406586546,54171
strict,high,Mon,2,200,0.10998894178833091,0.11791656551637768,217903
strict,high,Mon,2,300,0.244670671616078,0.25158483077572247,484725
strict,high,Mon,2,400,0.40818085521002245,0.4179377807596445,808660
strict,high,Mon,3,100,0.02734341494183146,0.032934978406586546,54171
strict,high,Mon,3,200,0.10998894178833091,0.11791656551637768,217903
strict,high,Mon,3,300,0.244670671616078,0.25158483077572247,484725
strict,high,Mon,3,400,0.40818085521002245,0.4179377807596445,808660
strict,high,Mon,4,100,0.027665706816285156,0.033531480360894844,54809
strict,high,Mon,4,200,0.11070528583335629,0.11873665648477606,219322
strict,high,Mon,4,300,0.24566328996234793,0.25260787434067616,486692
strict,high,Mon,4,400,0.4098927199396847,0.41983290016767705,812052
strict,high,Mon,5,100,0.027665706816285156,0.033531480360894844,54809
strict,high,Mon,5,200,0.11070528583335629,0.11873665648477606,219322
strict,high,Mon,5,300,0.24566328996234793,0.25260787434067616,486692
strict,high,Mon,5,400,0.4098927199396847,0.41983290016767705,812052
strict,high,Mon,6,100,0.02791087628977985,0.03370042285589939,55295
strict,high,Mon,6,200,0.11172812330148302,0.11962519636642117,221348
strict,high,Mon,6,300,0.24777757830332575,0.2550358603156319,490880
strict,high,Mon,6,400,0.41299774993376726,0.4234445200060026,818203
strict,high,Mon,7,100,0.030461889063943638,0.03652663200436691,60349
strict,high,Mon,7,200,0.12228807426796769,0.13093342866869806,242269
strict,high,Mon,7,300,0.26997826930441954,0.2781068509756556,534863
strict,high,Mon,7,400,0.44065813304204304,0.4511167546941741,873002
strict,high,Mon,8,100,0.31196597927235015,0.3738343818448672,618046
strict,high,Mon,8,200,0.7588416220151196,0.7887294490687892,1503366
strict,high,Mon,8,300,0.945476332936347,0.9505140458633677,1873114
strict,high,Mon,8,400,0.987719296244175,0.9880671421454185,1956803
strict,high,Mon,9,100,0.31727057051402835,0.3798370997928585,628555
strict,high,Mon,9,200,0.7656609981093897,0.7945761839298893,1516876
strict,high,Mon,9,300,0.9480202978575899,0.9525836705354549,1878154
strict,high,Mon,9,400,0.9879908716359209,0.9882275087830344,1957341
strict,high,Mon,10,100,0.3173231570923424,0.379865539792147,628659
strict,high,Mon,10,200,0.7656738312607521,0.7945922227417831,1516901
strict,high,Mon,10,300,0.9480341431659596,0.9525836705354549,1878181
strict,high,Mon,10,400,0.9879908716359209,0.9882275087830344,1957341
strict,high,Mon,11,100,0.3173231570923424,0.379865539792147,628659
strict,high,Mon,11,200,0.7656738312607521,0.7945922227417831,1516901
strict,high,Mon,11,300,0.9480341431659596,0.9525836705354549,1878181
strict,high,Mon,11,400,0.9879908716359209,0.9882275087830344,1957341
strict,high,Mon,12,100,0.3159232625806956,0.3781763550071178,625886
strict,high,Mon,12,200,0.7647585036111604,0.7940533826632625,1515088
strict,high,Mon,12,300,0.9475159826961271,0.9524340288843125,1877155
strict,high,Mon,12,400,0.9879001466775345,0.9882095730690985,1957161
strict,high,Mon,13,100,0.3158465633286271,0.37807344293779366,625734
strict,high,Mon,13,200,0.7641641112539189,0.7933540615574434,1513911
strict,high,Mon,13,300,0.9471489148346306,0.9521072695536397,1876428
strict,high,Mon,13,400,0.9878989444619831,0.9881513154511968,1957159
strict,high,Mon,14,100,0.3171746139224908,0.3795885540331295,628365
strict,high,Mon,14,200,0.7654141763572522,0.7944197229060747,1516387
strict,high,Mon,14,300,0.9480292575821074,0.9525698202394584,1878172
strict,high,Mon,14,400,0.9879908716359209,0.9882275087830344,1957341
strict,high,Mon,15,100,0.3170709165061717,0.3795145688967729,628160
strict,high,Mon,15,200,0.7650781031627745,0.7942347573395296,1515721
strict,high,Mon,15,300,0.9478629283307363,0.9525451585273395,1877842
strict,high,Mon,15,400,0.9879041435340707,0.98810420022244,1957169
strict,high,Mon,16,100,0.3163140675603733,0.3786115218160503,626660
strict,high,Mon,16,200,0.7640710427406849,0.7931971952439953,1513726
strict,high,Mon,16,300,0.9476715668591299,0.9524182644761308,1877463
strict,high,Mon,16,400,0.987833418517936,0.9880884196626022,1957029
strict,high,Mon,17,100,0.31393226511254185,0.3761388525654909,621941
strict,high,Mon,17,200,0.7615070009108885,0.7909483822985331,1508646
strict,high,Mon,17,300,0.9470915148145358,0.9515784995100022,1876314
strict,high,Mon,17,400,0.9878322094290363,0.9880733366146398,1957027
strict,high,Mon,18,100,0.30950787121994144,0.37044637461605273,613176
strict,high,Mon,18,200,0.7557789897669062,0.7851265998520287,1497298
strict,high,Mon,18,300,0.9452655827179987,0.9501302836214984,1872697
strict,high,Mon,18,400,0.987404637836034,0.9876843864509118,1956180
strict,high,Mon,19,100,0.3075493814823902,0.3679480379675193,609296
strict,high,Mon,19,200,0.7544188257830152,0.7845191660458156,1494604
strict,high,Mon,19,300,0.9446876287087819,0.9499674683798209,1871552
strict,high,Mon,19,400,0.9873157449879508,0.9876303583964039,1956004
strict,high,Mon,20,100,0.030418685975988572,0.03674264407574942,60263
strict,high,Mon,20,200,0.12174729766800794,0.13011108172870453,241198
strict,high,Mon,20,300,0.2690144167394158,0.2764529237555072,532953
strict,high,Mon,20,400,0.4413880740924614,0.4509689568187449,874448
strict,high,Mon,21,100,0.029427263565244336,0.03537257021005947,58299
strict,high,Mon,21,200,0.11795542866374392,0.12619952794168174,233685
strict,high,Mon,21,300,0.26056559915396277,0.2683348283184673,516215
strict,high,Mon,21,400,0.4312673671869068,0.4408396037365775,854398
strict,high,Mon,22,100,0.028440536909711024,0.03438647333848702,56344
strict,high,Mon,22,200,0.11403280817359406,0.122221822940413,225914
strict,high,Mon,22,300,0.25193926884275886,0.2586381041553494,499125
strict,high,Mon,22,400,0.4178412605262768,0.42702685461771,827799
strict,high,Mon,23,100,0.028090983678584553,0.03407463451797963,55652
strict,high,Mon,23,200,0.11250110843124952,0.12080376404849856,222880
strict,high,Mon,23,300,0.2489475833402086,0.2559243295995606,493198
strict,high,Mon,23,400,0.41361991063918657,0.42307120845408996,819436
strict,high,Tue,0,100,0.027899009097059512,0.03383744895927723,55272
strict,high,Tue,0,200,0.111780532942764,0.12021173141529674,221452
strict,high,Tue,0,300,0.24729133953435883,0.2546648673704359,489917
strict,high,Tue,0,400,0.4107711319153966,0.4207242079369649,813792
strict,high,Tue,1,100,0.027576717222605813,0.033240947004968935,54633
strict,high,Tue,1,200,0.11106418889773861,0.11939164044689837,220033
strict,high,Tue,1,300,0.24663702925737344,0.2539661454204029,488621
strict,high,Tue,1,400,0.41007574708763267,0.4198393268219882,812414
strict,high,Tue,2,100,0.027576717222605813,0.033240947004968935,54633
strict,high,Tue,2,200,0.11106418889773861,0.11939164044689837,220033
strict,high,Tue,2,300,0.24663702925737344,0.2539661454204029,488621
strict,high,Tue,2,400,0.41007574708763267,0.4198393268219882,812414
strict,high,Tue,3,100,0.027576717222605813,0.033240947004968935,54633
strict,high,Tue,3,200,0.11106418889773861,0.11939164044689837,220033
strict,high,Tue,3,300,0.24663702925737344,0.2539661454204029,488621
strict,high,Tue,3,400,0.41007574708763267,0.4198393268219882,812414
strict,high,Tue,4,100,0.027899009097059512,0.03383744895927723,55272
strict,high,Tue,4,200,0.111780532942764,0.12021173141529674,221452
strict,high,Tue,4,300,0.24729133953435883,0.2546648673704359,489917
strict,high,Tue,4,400,0.4107711319153966,0.4207242079369649,813792
strict,high,Tue,5,100,0.027899009097059512,0.03383744895927723,55272
strict,high,Tue,5,200,0.111780532942764,0.12021173141529674,221452
strict,high,Tue,5,300,0.24729133953435883,0.2546648673704359,489917
strict,high,Tue,5,400,0.4107711319153966,0.4207242079369649,813792
strict,high,Tue,6,100,0.028144178570554203,0.03400639145428178,55757
strict,high,Tue,6,200,0.11280337041089075,0.12110027129694187,223478
strict,high,Tue,6,300,0.24940562787533663,0.2570928533453917,494106
strict,high,Tue,6,400,0.4138761619094791,0.42433582777529055,819944
strict,high,Tue,7,100,0.03069519134471799,0.03683260060274931,60811
strict,high,Tue,7,200,0.12336332137737542,0.13240850359921874,244399
strict,high,Tue,7,300,0.2716063188764304,0.28016384400541533,538088
strict,high,Tue,7,400,0.4415044048921448,0.45200806246346203,874679
strict,high,Tue,8,100,0.31229382887497925,0.3741942215741163,618696
strict,high,Tue,8,200,0.7590900530445516,0.7885164679770135,1503858
strict,high,Tue,8,300,0.9463815231310609,0.9512559206409679,1874907
strict,high,Tue,8,400,0.9885459912957428,0.9889238857554593,1958441
strict,high,Tue,9,100,0.3179071512922575,0.3805921915646647,629816
strict,high,Tue,9,200,0.7664223432579623,0.7946953699528999,1518384
strict,high,Tue,9,300,0.9490755905098608,0.9533255453130552,1880245
strict,high,Tue,9,400,0.9888965095193796,0.9890842523930754,1959135
strict,high,Tue,10,100,0.31806383123991827,0.3807066436917648,630127
strict,high,Tue,10,200,0.7664476525411626,0.7947173523002244,1518435
strict,high,Tue,10,300,0.9490894358182302,0.9533255453130552,1880272
strict,high,Tue,10,400,0.9888965095193796,0.9890842523930754,1959135
strict,high,Tue,11,100,0.31806383123991827,0.3807066436917648,630127
strict,high,Tue,11,200,0.7664476525411626,0.7947173523002244,1518435
strict,high,Tue,11,300,0.9490894358182302,0.9533255453130552,1880272
strict,high,Tue,11,400,0.9888965095193796,0.9890842523930754,1959135
strict,high,Tue,12,100,0.3159342569630187,0.37784677426923685,625908
strict,high,Tue,12,200,0.765040783860051,0.7937573204232362,1515647
strict,high,Tue,12,300,0.9485553776004587,0.9531759036619128,1879214
strict,high,Tue,12,400,0.988805784560993,0.9890663166791394,1958955
strict,high,Tue,13,100,0.31599345979112126,0.37785445279925317,626025
strict,high,Tue,13,200,0.7644590992088248,0.7930721356766905,1514495
strict,high,Tue,13,300,0.9481883097389624,0.95284914433124,1878487
strict,high,Tue,13,400,0.9888045823454417,0.9890080590612376,1958953
strict,high,Tue,14,100,0.3173215103849849,0.3793695638945891,628656
strict,high,Tue,14,200,0.765709164312158,0.794137797025322,1516971
strict,high,Tue,14,300,0.949068652486439,0.9533116950170587,1880231
strict,high,Tue,14,400,0.9888965095193796,0.9890842523930754,1959135
strict,high,Tue,15,100,0.31724962167949006,0.37932015722976115,628514
strict,high,Tue,15,200,0.7653733226918573,0.7939610242826199,1516306
strict,high,Tue,15,300,0.9489023232350678,0.9532870333049397,1879901
strict,high,Tue,15,400,0.9888097814175293,0.988960943832481,1958963
strict,high,Tue,16,100,0.31649277273369164,0.3784171101490386,627014
strict,high,Tue,16,200,0.764366262269768,0.7929234621870853,1514311
strict,high,Tue,16,300,0.9487109617634616,0.9531601392537309,1879522
strict,high,Tue,16,400,0.9887390564013946,0.9889451632726431,1958823
strict,high,Tue,17,100,0.31407916157503596,0.37591986242695047,622232
strict,high,Tue,17,200,0.7618019888657942,0.7906664564177802,1509231
strict,high,Tue,17,300,0.9481037727248709,0.9523203742876024,1878319
strict,high,Tue,17,400,0.9887378473124949,0.9889300802246807,1958821
strict,high,Tue,18,100,0.310113182704594,0.37110069199360135,614375
strict,high,Tue,18,200,0.7564963063946953,0.7852153326643942,1498720
strict,high,Tue,18,300,0.9463208753702693,0.9508721583990988,1874787
strict,high,Tue,18,400,0.9883102757194926,0.9885411300609526,1957974
strict,high,Tue,19,100,0.30784825740103644,0.36816291674011725,609888
strict,high,Tue,19,200,0.754666576133816,0.7843061849540398,1495095
strict,high,Tue,19,300,0.9455928189034959,0.9507093431574213,1873345
strict,high,Tue,19,400,0.9881424400395186,0.9884871020064447,1957641
strict,high,Tue,20,100,0.030418685975988572,0.03674264407574942,60263
strict,high,Tue,20,200,0.1217841195358422,0.1301714393288728,241271
strict,high,Tue,20,300,0.2695769926205644,0.27699178997483,534068
strict,high,Tue,20,400,0.44221919644328767,0.4517254578037177,876095
strict,high,Tue,21,100,0.029427263565244336,0.03537257021005947,58299
strict,high,Tue,21,200,0.11799225053157816,0.12625988554184997,233758
strict,high,Tue,21,300,0.26112817503511143,0.2688736945377901,517330
strict,high,Tue,21,400,0.43209848953773305,0.44159610472155025,856044
strict,high,Tue,22,100,0.028440536909711024,0.03438647333848702,56344
strict,high,Tue,22,200,0.11406963004142831,0.12228218054058126,225987
strict,high,Tue,22,300,0.2525018447239075,0.2591769703746722,500240
strict,high,Tue,22,400,0.41867238287710307,0.42778335560268277,829446
strict,high,Tue,23,100,0.028090983678584553,0.03407463451797963,55652
strict,high,Tue,23,200,0.11253793029908378,0.1208641216486668,222953
strict,high,Tue,23,300,0.24951015922135725,0.2564631958188833,494313
strict,high,Tue,23,400,0.41445103299001285,0.4238277094390628,821082
strict,high,Wed,0,100,0.027899009097059512,0.03383744895927723,55272
strict,high,Wed,0,200,0.111780532942764,0.12021173141529674,221452
strict,high,Wed,0,300,0.24729133953435883,0.2546648673704359,489917
strict,high,Wed,0,400,0.4107711319153966,0.4207242079369649,813792
strict,high,Wed,1,100,0.027576717222605813,0.033240947004968935,54633
strict,high,Wed,1,200,0.11106418889773861,0.11939164044689837,220033
strict,high,Wed,1,300,0.24663702925737344,0.2539661454204029,488621
strict,high,Wed,1,400,0.41007574708763267,0.4198393268219882,812414
strict,high,Wed,2,100,0.027576717222605813,0.033240947004968935,54633
strict,high,Wed,2,200,0.11106418889773861,0.11939164044689837,220033
strict,high,Wed,2,300,0.24663702925737344,0.2539661454204029,488621
strict,high,Wed,2,400,0.41007574708763267,0.4198393268219882,812414
strict,high,Wed,3,100,0.027576717222605813,0.033240947004968935,54633
strict,high,Wed,3,200,0.11106418889773861,0.11939164044689837,220033
strict,high,Wed,3,300,0.24663702925737344,0.2539661454204029,488621
strict,high,Wed,3,400,0.41007574708763267,0.4198393268219882,812414
strict,high,Wed,4,100,0.027899009097059512,0.03383744895927723,55272
strict,high,Wed,4,200,0.111780532942764,0.12021173141529674,221452
strict,high,Wed,4,300,0.24729133953435883,0.2546648673704359,489917
strict,high,Wed,4,400,0.4107711319153966,0.4207242079369649,813792
strict,high,Wed,5,100,0.027899009097059512,0.03383744895927723,55272
strict,high,Wed,5,200,0.111780532942764,0.12021173141529674,221452
strict,high,Wed,5,300,0.24729133953435883,0.2546648673704359,489917
strict,high,Wed,5,400,0.4107711319153966,0.4207242079369649,813792
strict,high,Wed,6,100,0.028144178570554203,0.03400639145428178,55757
strict,high,Wed,6,200,0.11280337041089075,0.12110027129694187,223478
strict,high,Wed,6,300,0.24940562787533663,0.2570928533453917,494106
strict,high,Wed,6,400,0.4138761619094791,0.42433582777529055,819944
strict,high,Wed,7,100,0.030636510554108456,0.03675696235922752,60695
strict,high,Wed,7,200,0.12273109157323994,0.13189636703026839,243147
strict,high,Wed,7,300,0.2706296236048604,0.27941794405097636,536153
strict,high,Wed,7,400,0.44095358035708443,0.4511446498676341,873588
strict,high,Wed,8,100,0.311425133582139,0.37314209897773687,616975
strict,high,Wed,8,200,0.757451177411668,0.7867700785240909,1500611
strict,high,Wed,8,300,0.946322408596398,0.9513092674361819,1874790
strict,high,Wed,8,400,0.9885282195502192,0.9889238857554593,1958406
strict,high,Wed,9,100,0.3169343975370354,0.37948303791535565,627889
strict,high,Wed,9,200,0.764230074432641,0.7921726013014115,1514041
strict,high,Wed,9,300,0.9488802706595146,0.9533788921082692,1879858
strict,high,Wed,9,400,0.9888492630485232,0.9890674238709259,1959042
strict,high,Wed,10,100,0.3170910774846962,0.3795974900424558,628200
strict,high,Wed,10,200,0.7642553837158413,0.7921945836487361,1514091
strict,high,Wed,10,300,0.9488941159678842,0.9533788921082692,1879885
strict,high,Wed,10,400,0.9888492630485232,0.9890674238709259,1959042
strict,high,Wed,11,100,0.3170910774846962,0.3795974900424558,628200
strict,high,Wed,11,200,0.7642553837158413,0.7921945836487361,1514091
strict,high,Wed,11,300,0.9488941159678842,0.9533788921082692,1879885
strict,high,Wed,11,400,0.9888492630485232,0.9890674238709259,1959042
strict,high,Wed,12,100,0.3155870896037027,0.37782229312961496,625220
strict,high,Wed,12,200,0.7633275799344115,0.7916498000347849,1512253
strict,high,Wed,12,300,0.948375955498052,0.9532292504571267,1878859
strict,high,Wed,12,400,0.9887585380901366,0.9890494881569898,1958862
strict,high,Wed,13,100,0.31560395701729277,0.3777273235595296,625253
strict,high,Wed,13,200,0.7627115030332945,0.7909646152882394,1511033
strict,high,Wed,13,300,0.9480088876365556,0.952902491126454,1878131
strict,high,Wed,13,400,0.9887573358745853,0.9889912305390881,1958859
strict,high,Wed,14,100,0.3171958590450059,0.3795810856468893,628407
strict,high,Wed,14,200,0.7647729582294535,0.7929709628473018,1515117
strict,high,Wed,14,300,0.9490303212835672,0.9533788921082692,1880155
strict,high,Wed,14,400,0.9888787377738559,0.9890842523930754,1959100
strict,high,Wed,15,100,0.3172519546001544,0.379788720449627,628518
strict,high,Wed,15,200,0.7646948819353633,0.7929503042926224,1514962
strict,high,Wed,15,300,0.9488688776160482,0.953368080692147,1879835
strict,high,Wed,15,400,0.9887920096720058,0.988960943832481,1958928
strict,high,Wed,16,100,0.31649510565435596,0.3788856733689045,627019
strict,high,Wed,16,200,0.7636878215132737,0.7919127421970877,1512967
strict,high,Wed,16,300,0.9486775161444418,0.953241186640938,1879456
strict,high,Wed,16,400,0.988721284655871,0.9889451632726431,1958788
strict,high,Wed,17,100,0.31411330320652453,0.37641300411834516,622300
strict,high,Wed,17,200,0.7611237796834773,0.7896639292516258,1507887
strict,high,Wed,17,300,0.9480974640998479,0.9524014216748096,1878307
strict,high,Wed,17,400,0.9887200755669714,0.9889300802246807,1958786
strict,high,Wed,18,100,0.3096681318170708,0.37066884032834,613494
strict,high,Wed,18,200,0.7559268177550251,0.7845739364337684,1497591
strict,high,Wed,18,300,0.9464077373189935,0.9509532057863059,1874959
strict,high,Wed,18,400,0.9883219786993018,0.9885579585831019,1957997
strict,high,Wed,19,100,0.30740320651351327,0.36773106507485603,609007
strict,high,Wed,19,200,0.7540970874941458,0.783664788723414,1493966
strict,high,Wed,19,300,0.94567968085222,0.9507903905446283,1873517
strict,high,Wed,19,400,0.9881541430193279,0.9885039305285943,1957664
strict,high,Wed,20,100,0.030695813078573542,0.03711007513238519,60812
strict,high,Wed,20,200,0.12262074260265966,0.1310823832271317,242928
strict,high,Wed,20,300,0.2712595205515282,0.278812630712486,537401
strict,high,Wed,20,400,0.4450491835071706,0.45458668871820995,881701
strict,high,Wed,21,100,0.0297043906678293,0.03574000126669524,58848
strict,high,Wed,21,200,0.11882887359839563,0.12717082944010888,235416
strict,high,Wed,21,300,0.26281070296607517,0.2706945352754461,520663
strict,high,Wed,21,400,0.43492847660161604,0.44445733563604256,861651
strict,high,Wed,22,100,0.028717664012295994,0.03475390439512279,56894
strict,high,Wed,22,200,0.11490625310824577,0.12319312443884016,227645
strict,high,Wed,22,300,0.2541843726548713,0.2609978111123283,503573
strict,high,Wed,22,400,0.42150236994098605,0.43064458651717497,835052
strict,high,Wed,23,100,0.028368110781169527,0.03444206557461539,56201
strict,high,Wed,23,200,0.11337455336590126,0.1217750655469257,224610
strict,high,Wed,23,300,0.251192687152321,0.2582840365565394,497646
strict,high,Wed,23,400,0.4172810200538958,0.42668894035355504,826689
strict,high,Thu,0,100,0.02817613619964448,0.03420488001591301,55821
strict,high,Thu,0,200,0.11261715600958146,0.12112267531355565,223110
strict,high,Thu,0,300,0.2489738674653226,0.256485708108092,493250
strict,high,Thu,0,400,0.41360111897927965,0.4235854388514572,819399
strict,high,Thu,1,100,0.02785384432519078,0.03360837806160471,55182
strict,high,Thu,1,200,0.11190081196455606,0.1203025843451573,221690
strict,high,Thu,1,300,0.2483195571883372,0.25578698615805895,491954
strict,high,Thu,1,400,0.4129057341515157,0.42270055773648046,818021
strict,high,Thu,2,100,0.027576717222605813,0.033240947004968935,54633
strict,high,Thu,2,200,0.11106418889773861,0.11939164044689837,220033
strict,high,Thu,2,300,0.24663702925737344,0.2539661454204029,488621
strict,high,Thu,2,400,0.41007574708763267,0.4198393268219882,812414
strict,high,Thu,3,100,0.027576717222605813,0.033240947004968935,54633
strict,high,Thu,3,200,0.11106418889773861,0.11939164044689837,220033
strict,high,Thu,3,300,0.24663702925737344,0.2539661454204029,488621
strict,high,Thu,3,400,0.41007574708763267,0.4198393268219882,812414
strict,high,Thu,4,100,0.027899009097059512,0.03383744895927723,55272
strict,high,Thu,4,200,0.111780532942764,0.12021173141529674,221452
strict,high,Thu,4,300,0.24729133953435883,0.2546648673704359,489917
strict,high,Thu,4,400,0.4107711319153966,0.4207242079369649,813792
strict,high,Thu,5,100,0.027899009097059512,0.03383744895927723,55272
strict,high,Thu,5,200,0.111780532942764,0.12021173141529674,221452
strict,high,Thu,5,300,0.24729133953435883,0.2546648673704359,489917
strict,high,Thu,5,400,0.4107711319153966,0.4207242079369649,813792
strict,high,Thu,6,100,0.028144178570554203,0.03400639145428178,55757
strict,high,Thu,6,200,0.11280337041089075,0.12110027129694187,223478
strict,high,Thu,6,300,0.24940562787533663,0.2570928533453917,494106
strict,high,Thu,6,400,0.4138761619094791,0.42433582777529055,819944
strict,high,Thu,7,100,0.030972318447302954,0.037200031659385076,61360
strict,high,Thu,7,200,0.12419994444419287,0.13331944749747765,246057
strict,high,Thu,7,300,0.27328884680739424,0.28198468474307137,541421
strict,high,Thu,7,400,0.44433439195602786,0.4548692933779543,880285
strict,high,Thu,8,100,0.31223124592497625,0.3743734129847304,618572
strict,high,Thu,8,200,0.7590915506051036,0.78907036248812,1503861
strict,high,Thu,8,300,0.9464486166701982,0.951546890674465,1875040
strict,high,Thu,8,400,0.9885381000460046,0.9889238857554593,1958425
strict,high,Thu,9,100,0.31784456834225444,0.3807713829752787,629692
strict,high,Thu,9,200,0.7664238408185144,0.7952492644640065,1518387
strict,high,Thu,9,300,0.9491426840489978,0.9536165153465521,1880378
strict,high,Thu,9,400,0.9888886182696414,0.9890842523930754,1959120
strict,high,Thu,10,100,0.31800124828991533,0.38088583510237883,630003
strict,high,Thu,10,200,0.7664491501017148,0.795271246811331,1518437
strict,high,Thu,10,300,0.9491565293573675,0.9536165153465521,1880405
strict,high,Thu,10,400,0.9888886182696414,0.9890842523930754,1959120
strict,high,Thu,11,100,0.31800124828991533,0.38088583510237883,630003
strict,high,Thu,11,200,0.7664491501017148,0.795271246811331,1518437
strict,high,Thu,11,300,0.9491565293573675,0.9536165153465521,1880405
strict,high,Thu,11,400,0.9888886182696414,0.9890842523930754,1959120
strict,high,Thu,12,100,0.3164972604089218,0.379110638189538,627023
strict,high,Thu,12,200,0.7655182975450437,0.7947264631973797,1516593
strict,high,Thu,12,300,0.948638368887535,0.9534668736954097,1879378
strict,high,Thu,12,400,0.9887978933112549,0.9890663166791394,1958940
strict,high,Thu,13,100,0.31655646323702435,0.3791183167195543,627140
strict,high,Thu,13,200,0.7649396616690588,0.7940412784508343,1515447
strict,high,Thu,13,300,0.9482713010260388,0.953140114364737,1878651
strict,high,Thu,13,400,0.9887966910957036,0.9890080590612376,1958937
strict,high,Thu,14,100,0.31788451383088795,0.38063342781489024,629771
strict,high,Thu,14,200,0.766189726772392,0.7951069397994656,1517924
strict,high,Thu,14,300,0.9491516437735154,0.9536026650505555,1880395
strict,high,Thu,14,400,0.9888886182696414,0.9890842523930754,1959120
strict,high,Thu,15,100,0.3177808164145689,0.3805594426785336,629566
strict,high,Thu,15,200,0.7658536535779142,0.7949219742329207,1517258
strict,high,Thu,15,300,0.9489853145221442,0.9535780033384366,1880066
strict,high,Thu,15,400,0.9888018901677911,0.988960943832481,1958948
strict,high,Thu,16,100,0.31702396746877043,0.379656395597811,628067
strict,high,Thu,16,200,0.7648296861026948,0.7938844121373859,1515229
strict,high,Thu,16,300,0.9487939530505379,0.9534511092872279,1879687
strict,high,Thu,16,400,0.9887311651516565,0.9889451632726431,1958808
strict,high,Thu,17,100,0.31464216502093906,0.3771837263472517,623348
strict,high,Thu,17,200,0.7622656442728983,0.7916355991919238,1510149
strict,high,Thu,17,300,0.9482139010059437,0.9526113443210994,1878538
strict,high,Thu,17,400,0.9887299560627567,0.9889300802246807,1958805
strict,high,Thu,18,100,0.3100505997545909,0.37127988340421536,614251
strict,high,Thu,18,200,0.7564815775807483,0.7857692271755008,1498690
strict,high,Thu,18,300,0.9463879689094065,0.9511631284325958,1874920
strict,high,Thu,18,400,0.9883023844697546,0.9885411300609526,1957958
strict,high,Thu,19,100,0.3077856744510334,0.3683421081507314,609764
strict,high,Thu,19,200,0.7546518473198691,0.7848600794651465,1495065
strict,high,Thu,19,300,0.9456599124426331,0.9510003131909183,1873478
strict,high,Thu,19,400,0.9881345487897806,0.9884871020064447,1957626
strict,high,Thu,20,100,0.030695813078573542,0.03711007513238519,60812
strict,high,Thu,20,200,0.12262074260265966,0.1310823832271317,242928
strict,high,Thu,20,300,0.2712595205515282,0.278812630712486,537401
strict,high,Thu,20,400,0.4450491835071706,0.45458668871820995,881701
strict,high,Thu,21,100,0.0297043906678293,0.03574000126669524,58848
strict,high,Thu,21,200,0.11882887359839563,0.12717082944010888,235416
strict,high,Thu,21,300,0.26281070296607517,0.2706945352754461,520663
strict,high,Thu,21,400,0.43492847660161604,0.44445733563604256,861651
strict,high,Thu,22,100,0.028717664012295994,0.03475390439512279,56894
strict,high,Thu,22,200,0.11490625310824577,0.12319312443884016,227645
strict,high,Thu,22,300,0.2541843726548713,0.2609978111123283,503573
strict,high,Thu,22,400,0.42150236994098605,0.43064458651717497,835052
strict,high,Thu,23,100,0.028368110781169527,0.03444206557461539,56201
strict,high,Thu,23,200,0.11337455336590126,0.1217750655469257,224610
strict,high,Thu,23,300,0.251192687152321,0.2582840365565394,497646
strict,high,Thu,23,400,0.4172810200538958,0.42668894035355504,826689
strict,high,Fri,0,100,0.02817613619964448,0.03420488001591301,55821
strict,high,Fri,0,200,0.11261715600958146,0.12112267531355565,223110
strict,high,Fri,0,300,0.2489738674653226,0.256485708108092,493250
strict,high,Fri,0,400,0.41360111897927965,0.4235854388514572,819399
strict,high,Fri,1,100,0.02785384432519078,0.03360837806160471,55182
strict,high,Fri,1,200,0.11190081196455606,0.1203025843451573,221690
strict,high,Fri,1,300,0.2483195571883372,0.25578698615805895,491954
strict,high,Fri,1,400,0.4129057341515157,0.42270055773648046,818021
strict,high,Fri,2,100,0.027576717222605813,0.033240947004968935,54633
strict,high,Fri,2,200,0.11106418889773861,0.11939164044689837,220033
strict,high,Fri,2,300,0.24663702925737344,0.2539661454204029,488621
strict,high,Fri,2,400,0.41007574708763267,0.4198393268219882,812414
strict,high,Fri,3,100,0.027576717222605813,0.033240947004968935,54633
strict,high,Fri,3,200,0.11106418889773861,0.11939164044689837,220033
strict,high,Fri,3,300,0.24663702925737344,0.2539661454204029,488621
strict,high,Fri,3,400,0.41007574708763267,0.4198393268219882,812414
strict,high,Fri,4,100,0.027899009097059512,0.03383744895927723,55272
strict,high,Fri,4,200,0.111780532942764,0.12021173141529674,221452
strict,high,Fri,4,300,0.24729133953435883,0.2546648673704359,489917
strict,high,Fri,4,400,0.4107711319153966,0.4207242079369649,813792
strict,high,Fri,5,100,0.027899009097059512,0.03383744895927723,55272
strict,high,Fri,5,200,0.111780532942764,0.12021173141529674,221452
strict,high,Fri,5,300,0.24729133953435883,0.2546648673704359,489917
strict,high,Fri,5,400,0.4107711319153966,0.4207242079369649,813792
strict,high,Fri,6,100,0.028144178570554203,0.03400639145428178,55757
strict,high,Fri,6,200,0.11280337041089075,0.12110027129694187,223478
strict,high,Fri,6,300,0.24940562787533663,0.2570928533453917,494106
strict,high,Fri,6,400,0.4138761619094791,0.42433582777529055,819944
strict,high,Fri,7,100,0.030972318447302954,0.037200031659385076,61360
strict,high,Fri,7,200,0.12419994444419287,0.13331944749747765,246057
strict,high,Fri,7,300,0.27328884680739424,0.28198468474307137,541421
strict,high,Fri,7,400,0.44433439195602786,0.4548692933779543,880285
strict,high,Fri,8,100,0.31257010725774254,0.37479866686012325,619243
strict,high,Fri,8,200,0.7588745122030834,0.7886979874741222,1503431
strict,high,Fri,8,300,0.9460446519480232,0.9512277508179616,1874240
strict,high,Fri,8,400,0.9884928357928235,0.9889238857554593,1958335
strict,high,Fri,9,100,0.3181732305842987,0.3811381354282457,630343
strict,high,Fri,9,200,0.7662068024164942,0.7948768894500086,1517957
strict,high,Fri,9,300,0.9487387193268229,0.953297375490049,1879577
strict,high,Fri,9,400,0.9888433540164604,0.9890842523930754,1959030
strict,high,Fri,10,100,0.3183299105319596,0.3812525875553458,630654
strict,high,Fri,10,200,0.7662321116996945,0.7948988717973332,1518007
strict,high,Fri,10,300,0.9487525646351925,0.953297375490049,1879605
strict,high,Fri,10,400,0.9888433540164604,0.9890842523930754,1959030
strict,high,Fri,11,100,0.3183299105319596,0.3812525875553458,630654
strict,high,Fri,11,200,0.7662321116996945,0.7948988717973332,1518007
strict,high,Fri,11,300,0.9487525646351925,0.953297375490049,1879605
strict,high,Fri,11,400,0.9888433540164604,0.9890842523930754,1959030
strict,high,Fri,12,100,0.31676993379819646,0.3794113180223929,627563
strict,high,Fri,12,200,0.7652758152426737,0.7943540881833818,1516113
strict,high,Fri,12,300,0.9482344041653601,0.9531477338389065,1878578
strict,high,Fri,12,400,0.9887526290580739,0.9890663166791394,1958850
strict,high,Fri,13,100,0.31680581879996333,0.3794001408714481,627634
strict,high,Fri,13,200,0.7646941305914476,0.7936689034368364,1514961
strict,high,Fri,13,300,0.9478673363038639,0.9528209745082337,1877851
strict,high,Fri,13,400,0.9887514268425224,0.9890080590612376,1958848
strict,high,Fri,14,100,0.31796215492322066,0.380751934164496,629925
strict,high,Fri,14,200,0.7659436246435322,0.7947345647854678,1517436
strict,high,Fri,14,300,0.9487476790513404,0.9532835251940524,1879595
strict,high,Fri,14,400,0.9888433540164604,0.9890842523930754,1959030
strict,high,Fri,15,100,0.3178584575069016,0.38067794902813934,629720
strict,high,Fri,15,200,0.7656075514490543,0.7945495992189228,1516770
strict,high,Fri,15,300,0.9485813497999692,0.9532588634819334,1879266
strict,high,Fri,15,400,0.9887566259146102,0.988960943832481,1958858
strict,high,Fri,16,100,0.31702214015859154,0.37977863009021023,628063
strict,high,Fri,16,200,0.7645976350183655,0.7935120371233881,1514769
strict,high,Fri,16,300,0.9483899883283629,0.9531319694307248,1878886
strict,high,Fri,16,400,0.9886859008984755,0.9889451632726431,1958718
strict,high,Fri,17,100,0.3145273395360871,0.37711463761740954,623120
strict,high,Fri,17,200,0.7611882633657016,0.7901157505809654,1508015
strict,high,Fri,17,300,0.9476719767733435,0.9522748637463049,1877464
strict,high,Fri,17,400,0.988655217084243,0.9889132517025312,1958657
strict,high,Fri,18,100,0.31042126979818147,0.3717297157511371,614986
strict,high,Fri,18,200,0.7562816778060354,0.7854050449853459,1498294
strict,high,Fri,18,300,0.9459840041872315,0.9508439885760925,1874120
strict,high,Fri,18,400,0.9882571202165735,0.9885411300609526,1957868
strict,high,Fri,19,100,0.3081563444946239,0.3687919404976531,610499
strict,high,Fri,19,200,0.7544519475451561,0.7844958972749916,1494669
strict,high,Fri,19,300,0.9452559477204581,0.9506811733344149,1872677
strict,high,Fri,19,400,0.9880892845365996,0.9884871020064447,1957536
strict,high,Fri,20,100,0.030695813078573542,0.03711007513238519,60812
strict,high,Fri,20,200,0.12262074260265966,0.1310823832271317,242928
strict,high,Fri,20,300,0.2712595205515282,0.278812630712486,537401
strict,high,Fri,20,400,0.4450491835071706,0.45458668871820995,881701
strict,high,Fri,21,100,0.0297043906678293,0.03574000126669524,58848
strict,high,Fri,21,200,0.11882887359839563,0.12717082944010888,235416
strict,high,Fri,21,300,0.26281070296607517,0.2706945352754461,520663
strict,high,Fri,21,400,0.43492847660161604,0.44445733563604256,861651
strict,high,Fri,22,100,0.028717664012295994,0.03475390439512279,56894
strict,high,Fri,22,200,0.11490625310824577,0.12319312443884016,227645
strict,high,Fri,22,300,0.2541843726548713,0.2609978111123283,503573
strict,high,Fri,22,400,0.42150236994098605,0.43064458651717497,835052
strict,high,Fri,23,100,0.028368110781169527,0.03444206557461539,56201
strict,high,Fri,23,200,0.11337455336590126,0.1217750655469257,224610
strict,high,Fri,23,300,0.251192687152321,0.2582840365565394,497646
strict,high,Fri,23,400,0.4172810200538958,0.42668894035355504,826689
strict,high,Sat,0,100,0.027118521260009954,0.03310192455880795,53725
strict,high,Sat,0,200,0.1086377915593875,0.11741709097095925,215226
strict,high,Sat,0,300,0.23975588913461426,0.24695185768627503,474988
strict,high,Sat,0,400,0.4003887515686318,0.4090659603518305,793223
strict,high,Sat,1,100,0.02679622938555625,0.03250542260449965,53087
strict,high,Sat,1,200,0.10792144751436214,0.1165970000025609,213807
strict,high,Sat,1,300,0.23910157885762892,0.246253135736242,473692
strict,high,Sat,1,400,0.39969336674086786,0.40818107923685376,791846
strict,high,Sat,2,100,0.026519102282971285,0.03213799154786388,52538
strict,high,Sat,2,200,0.10708482444754468,0.11568605610430198,212149
strict,high,Sat,2,300,0.23741905092666513,0.24443229499858593,470359
strict,high,Sat,2,400,0.39686337967698493,0.40531984832236145,786239
strict,high,Sat,3,100,0.026519102282971285,0.03213799154786388,52538
strict,high,Sat,3,200,0.10708482444754468,0.11568605610430198,212149
strict,high,Sat,3,300,0.23741905092666513,0.24443229499858593,470359
strict,high,Sat,3,400,0.39686337967698493,0.40531984832236145,786239
strict,high,Sat,4,100,0.02684139415742498,0.032734493502172175,53176
strict,high,Sat,4,200,0.10780116849257006,0.11650614707270036,213568
strict,high,Sat,4,300,0.23807336120365047,0.24513101694861897,471655
strict,high,Sat,4,400,0.3975587645047488,0.40620472943733826,787617
strict,high,Sat,5,100,0.02684139415742498,0.032734493502172175,53176
strict,high,Sat,5,200,0.10780116849257006,0.11650614707270036,213568
strict,high,Sat,5,300,0.23807336120365047,0.24513101694861897,471655
strict,high,Sat,5,400,0.3975587645047488,0.40620472943733826,787617
strict,high,Sat,6,100,0.02686520197592592,0.03274596720512841,53224
strict,high,Sat,6,200,0.10800955941423492,0.11664909591306095,213981
strict,high,Sat,6,300,0.2386146226999593,0.24558806624555637,472727
strict,high,Sat,6,400,0.3985003601058504,0.4070264356554093,789482
strict,high,Sat,7,100,0.027380121490851558,0.03335042240205481,54244
strict,high,Sat,7,200,0.10973445798871284,0.11864919114177573,217399
strict,high,Sat,7,300,0.24292645904891821,0.25015798562897024,481270
strict,high,Sat,7,400,0.40465720773294256,0.41329168447063275,801680
strict,high,Sat,8,100,0.08020366671582292,0.09658127932883531,158894
strict,high,Sat,8,200,0.2800229711977006,0.2990960929184533,554763
strict,high,Sat,8,300,0.5322304407298122,0.5469908996678187,1054419
strict,high,Sat,8,400,0.7513954136702902,0.7623012989758269,1488614
strict,high,Sat,9,100,0.08216286776715115,0.09912794985668533,162776
strict,high,Sat,9,200,0.28668837706911443,0.30578398519502464,567968
strict,high,Sat,9,300,0.5431468031181713,0.5561195776632917,1076046
strict,high,Sat,9,400,0.7627292421566593,0.7724683223214303,1511068
strict,high,Sat,10,100,0.08307170799576946,0.1004488510004936,164576
strict,high,Sat,10,200,0.28803648206387916,0.30685079644727636,570638
strict,high,Sat,10,300,0.5442626945713307,0.5573907347344338,1078257
strict,high,Sat,10,400,0.7630584583784076,0.7728392422066528,1511720
strict,high,Sat,11,100,0.08307170799576946,0.1004488510004936,164576
strict,high,Sat,11,200,0.28803648206387916,0.30685079644727636,570638
strict,high,Sat,11,300,0.5442626945713307,0.5573907347344338,1078257
strict,high,Sat,11,400,0.7630584583784076,0.7728392422066528,1511720
strict,high,Sat,12,100,0.08201254094144111,0.09912540781227869,162478
strict,high,Sat,12,200,0.2855151272889272,0.3037446465678076,565643
strict,high,Sat,12,300,0.5429022969281798,0.556667635633007,1075561
strict,high,Sat,12,400,0.7608523919914824,0.7705670921737483,1507350
strict,high,Sat,13,100,0.08145666108514393,0.09846854390655926,161376
strict,high,Sat,13,200,0.28342953966549794,0.3019154454529832,561512
strict,high,Sat,13,300,0.5398243720155055,0.5535837336651908,1069464
strict,high,Sat,13,400,0.7588530808969806,0.7690197605838192,1503389
strict,high,Sat,14,100,0.08215991224717548,0.09936592817942815,162770
strict,high,Sat,14,200,0.2849803357361922,0.3033797398806718,564584
strict,high,Sat,14,300,0.5406331179281707,0.5538175502415565,1071066
strict,high,Sat,14,400,0.7593990151982197,0.7693511473583828,1504470
strict,high,Sat,15,100,0.08249572014036997,0.09980899747958571,163435
strict,high,Sat,15,200,0.2864478213444555,0.30480282034788103,567491
strict,high,Sat,15,300,0.5426215612254526,0.5556971584312586,1075005
strict,high,Sat,15,400,0.760647514737794,0.770576460032403,1506944
strict,high,Sat,16,100,0.08249572014036997,0.09980899747958571,163435
strict,high,Sat,16,200,0.2864478213444555,0.30480282034788103,567491
strict,high,Sat,16,300,0.5426215612254526,0.5556971584312586,1075005
strict,high,Sat,16,400,0.760647514737794,0.770576460032403,1506944
strict,high,Sat,17,100,0.08245293432594257,0.09970241124232744,163350
strict,high,Sat,17,200,0.28625128364710484,0.30451785373170565,567102
strict,high,Sat,17,300,0.5422406662711309,0.555303460956093,1074251
strict,high,Sat,17,400,0.7605120247623303,0.7703984982443861,1506675
strict,high,Sat,18,100,0.08025516734311547,0.0966391211559525,158996
strict,high,Sat,18,200,0.2810533569766551,0.2998050004533349,556804
strict,high,Sat,18,300,0.5366872450121034,0.5509226149853638,1063249
strict,high,Sat,18,400,0.7566317326307272,0.7670000612836054,1498988
strict,high,Sat,19,100,0.07832932760134302,0.09403027494639823,155181
strict,high,Sat,19,200,0.2738380219269254,0.2924671115332424,542509
strict,high,Sat,19,300,0.5260839076570296,0.5417018814385213,1042242
strict,high,Sat,19,400,0.7473428889556101,0.7594607932418357,1480585
strict,high,Sat,20,100,0.028178360654346476,0.03436914684189636,55825
strict,high,Sat,20,200,0.11269284962078256,0.12149562646555107,223259
strict,high,Sat,20,300,0.24952180721328443,0.2569541687202101,494336
strict,high,Sat,20,400,0.4156502135823914,0.42431720325611877,823458
strict,high,Sat,21,100,0.027661545190950262,0.033588409938594695,54801
strict,high,Sat,21,200,0.11081295201363098,0.11943772944201178,219535
strict,high,Sat,21,300,0.24500030233193384,0.2522703372588,485378
strict,high,Sat,21,400,0.4086390208991278,0.41669292050879436,809568
strict,high,Sat,22,100,0.02733227077912899,0.03335238924137292,54149
strict,high,Sat,22,200,0.10950876053622374,0.11816980861282603,216951
strict,high,Sat,22,300,0.2423808622553223,0.24896581529041162,480189
strict,high,Sat,22,400,0.40484387137297934,0.41279519619699195,802049
strict,high,Sat,23,100,0.027310495841534995,0.03333911011751033,54106
strict,high,Sat,23,200,0.1093951889157073,0.1180694812043293,216726
strict,high,Sat,23,300,0.24197470882161268,0.24875018613472247,479384
strict,high,Sat,23,400,0.404068652643248,0.41216946185392833,800514
strict,high,Sun,0,100,0.026968312761025962,0.0328904897543336,53428
strict,high,Sun,0,200,0.10822092265316831,0.1170000604586023,214400
strict,high,Sun,0,300,0.23941893439273865,0.24663014873124203,474321
strict,high,Sun,0,400,0.40008171867294723,0.40873089677186314,792615
strict,high,Sun,1,100,0.026646020886572256,0.032293987800025306,52789
strict,high,Sun,1,200,0.10750457860814296,0.11617996949020394,212981
strict,high,Sun,1,300,0.23876462411575325,0.245931426781209,473024
strict,high,Sun,1,400,0.3993863338451834,0.4078460156568863,791237
strict,high,Sun,2,100,0.026368893783987293,0.03192655674338953,52240
strict,high,Sun,2,200,0.10666795554132551,0.115269025591945,211323
strict,high,Sun,2,300,0.2370820961847895,0.2441105860435529,469691
strict,high,Sun,2,400,0.3965563467813004,0.40498478474239397,785631
strict,high,Sun,3,100,0.026368893783987293,0.03192655674338953,52240
strict,high,Sun,3,200,0.10666795554132551,0.115269025591945,211323
strict,high,Sun,3,300,0.2370820961847895,0.2441105860435529,469691
strict,high,Sun,3,400,0.3965563467813004,0.40498478474239397,785631
strict,high,Sun,4,100,0.026691185658440995,0.032523058697697824,52879
strict,high,Sun,4,200,0.10738429958635087,0.11608911656034339,212743
strict,high,Sun,4,300,0.23773640646177488,0.24480930799358594,470987
strict,high,Sun,4,400,0.39725173160906435,0.4058696658573708,787008
strict,high,Sun,5,100,0.026691185658440995,0.032523058697697824,52879
strict,high,Sun,5,200,0.10738429958635087,0.11608911656034339,212743
strict,high,Sun,5,300,0.23773640646177488,0.24480930799358594,470987
strict,high,Sun,5,400,0.39725173160906435,0.4058696658573708,787008
strict,high,Sun,6,100,0.026691185658440995,0.032523058697697824,52879
strict,high,Sun,6,200,0.10738429958635087,0.11608911656034339,212743
strict,high,Sun,6,300,0.23773640646177488,0.24480930799358594,470987
strict,high,Sun,6,400,0.39725173160906435,0.4058696658573708,787008
strict,high,Sun,7,100,0.02707062162538365,0.033006472728574536,53630
strict,high,Sun,7,200,0.10854914724671853,0.11745302413494131,215050
strict,high,Sun,7,300,0.24082255559514784,0.24779458515541064,477101
strict,high,Sun,7,400,0.40251215832866766,0.4109185379768537,797430
strict,high,Sun,8,100,0.06821010286045937,0.0825676700553124,135133
strict,high,Sun,8,200,0.24116028726757233,0.25773982351515634,477771
strict,high,Sun,8,300,0.4740935151771952,0.48554686443727657,939242
strict,high,Sun,8,400,0.6898850986801016,0.7010585799176324,1366754
strict,high,Sun,9,100,0.0692612050496306,0.08373947327796454,137216
strict,high,Sun,9,200,0.24523267971336288,0.26170139557229,485838
strict,high,Sun,9,300,0.4812208148382834,0.4916735236691426,953362
strict,high,Sun,9,400,0.6966236737708806,0.7062367063483204,1380104
strict,high,Sun,10,100,0.06977968559445977,0.08412440464826196,138243
strict,high,Sun,10,200,0.24662232857535865,0.26297685533802684,488592
strict,high,Sun,10,300,0.4825227957003682,0.4929660122244674,955942
strict,high,Sun,10,400,0.6969413859042941,0.7067035433673016,1380733
strict,high,Sun,11,100,0.06981178686528865,0.08412717183544553,138306
strict,high,Sun,11,200,0.24662239256122762,0.26297685533802684,488592
strict,high,Sun,11,300,0.4825227957003682,0.4929660122244674,955942
strict,high,Sun,11,400,0.6969413859042941,0.7067035433673016,1380733
strict,high,Sun,12,100,0.06897295072039511,0.08335170204477241,136645
strict,high,Sun,12,200,0.24448994756238224,0.26072033557719204,484367
strict,high,Sun,12,300,0.4810536835880044,0.4917860944299024,953031
strict,high,Sun,12,400,0.6955158204764975,0.7048554492069499,1377909
strict,high,Sun,13,100,0.06863714282720061,0.08290863274461485,135979
strict,high,Sun,13,200,0.24302246195411895,0.25929725510998275,481460
strict,high,Sun,13,300,0.47906524029072256,0.48990648624020056,949092
strict,high,Sun,13,400,0.6942673209369231,0.7036301365329297,1375436
strict,high,Sun,14,100,0.06878690208460397,0.08305195132578683,136276
strict,high,Sun,14,200,0.2436901208866039,0.25996224969103987,482782
strict,high,Sun,14,300,0.47955786050664834,0.4903178031326442,950068
strict,high,Sun,14,400,0.6948874166468972,0.7045274802422437,1376664
strict,high,Sun,15,100,0.06878690208460397,0.08305195132578683,136276
strict,high,Sun,15,200,0.2436901208866039,0.25996224969103987,482782
strict,high,Sun,15,300,0.47955786050664834,0.4903178031326442,950068
strict,high,Sun,15,400,0.6948874166468972,0.7045274802422437,1376664
strict,high,Sun,16,100,0.06878690208460397,0.08305195132578683,136276
strict,high,Sun,16,200,0.2436901208866039,0.25996224969103987,482782
strict,high,Sun,16,300,0.47955786050664834,0.4903178031326442,950068
strict,high,Sun,16,400,0.6948874166468972,0.7045274802422437,1376664
strict,high,Sun,17,100,0.06876609551835905,0.08302742044503199,136235
strict,high,Sun,17,200,0.24362441380562663,0.25989322979230145,482652
strict,high,Sun,17,300,0.47955786050664834,0.4903178031326442,950068
strict,high,Sun,17,400,0.6948874166468972,0.7045274802422437,1376664
strict,high,Sun,18,100,0.06838512689138646,0.08265976782697898,135480
strict,high,Sun,18,200,0.2420727337007951,0.25851793238480597,479578
strict,high,Sun,18,300,0.4778137840667933,0.4886897129246152,946613
strict,high,Sun,18,400,0.6936800810953709,0.703669433959025,1374272
strict,high,Sun,19,100,0.06752283498755213,0.08136812943506337,133772
strict,high,Sun,19,200,0.23840435963540682,0.2548289156513815,472311
strict,high,Sun,19,300,0.470921012117151,0.4823136328323034,932957
strict,high,Sun,19,400,0.6855255029525533,0.697026966742167,1358117
strict,high,Sun,20,100,0.02705556282957644,0.0329298742170025,53601
strict,high,Sun,20,200,0.10845169415717551,0.11672008707517433,214857
strict,high,Sun,20,300,0.24170809572278804,0.2479704751586228,478856
strict,high,Sun,20,400,0.4051561920316761,0.4129303855117248,802668
strict,high,Sun,21,100,0.02705556282957644,0.0329298742170025,53601
strict,high,Sun,21,200,0.10845169415717551,0.11672008707517433,214857
strict,high,Sun,21,300,0.24170809572278804,0.2479704751586228,478856
strict,high,Sun,21,400,0.4051561920316761,0.4129303855117248,802668
strict,high,Sun,22,100,0.026948759999370644,0.03283498583851618,53389
strict,high,Sun,22,200,0.10801664452059684,0.11627770316994834,213995
strict,high,Sun,22,300,0.2404158579414358,0.2465871133056188,476296
strict,high,Sun,22,400,0.4036584265015829,0.41156882484773655,799701
strict,high,Sun,23,100,0.026926985061776654,0.03282170671465359,53346
strict,high,Sun,23,200,0.10790307290008039,0.11617737576145164,213770
strict,high,Sun,23,300,0.24000970450772618,0.24637148414992968,475491
strict,high,Sun,23,400,0.4028832077718516,0.41094309050467287,798165
strict_unconditional,high,Mon,0,100,0.026028922190965052,0.03165631855315947,51567
strict_unconditional,high,Mon,0,200,0.1040748973620246,0.11105253154221943,206186
strict_unconditional,high,Mon,0,300,0.23095499735310576,0.2370315281496211,457552
strict_unconditional,high,Mon,0,400,0.3872703929436584,0.3964150684661262,767234
strict_unconditional,high,Mon,1,100,0.02570663031651135,0.03105981659885117,50928
strict_unconditional,high,Mon,1,200,0.10335855331699924,0.11023244057382106,204767
strict_unconditional,high,Mon,1,300,0.22996237900683583,0.23600848458466744,455586
strict_unconditional,high,Mon,1,400,0.38555852821399617,0.39451994905809357,763843
strict_unconditional,high,Mon,2,100,0.02542950321392638,0.030692385542215407,50379
strict_unconditional,high,Mon,2,200,0.10252193025018179,0.10932149667556217,203110
strict_unconditional,high,Mon,2,300,0.22827985107587204,0.23418764384701138,452253
strict_unconditional,high,Mon,2,400,0.3827285411501132,0.39165871814360137,758236
strict_unconditional,high,Mon,3,100,0.02542950321392638,0.030692385542215407,50379
strict_unconditional,high,Mon,3,200,0.10252193025018179,0.10932149667556217,203110
strict_unconditional,high,Mon,3,300,0.22827985107587204,0.23418764384701138,452253
strict_unconditional,high,Mon,3,400,0.3827285411501132,0.39165871814360137,758236
strict_unconditional,high,Mon,4,100,0.02575179508838008,0.0312888874965237,51018
strict_unconditional,high,Mon,4,200,0.10323827429520714,0.11014158764396055,204529
strict_unconditional,high,Mon,4,300,0.229272469422142,0.23521068741196505,454219
strict_unconditional,high,Mon,4,400,0.38444040587977535,0.39355383755163387,761627
strict_unconditional,high,Mon,5,100,0.02575179508838008,0.0312888874965237,51018
strict_unconditional,high,Mon,5,200,0.10323827429520714,0.11014158764396055,204529
strict_unconditional,high,Mon,5,300,0.229272469422142,0.23521068741196505,454219
strict_unconditional,high,Mon,5,400,0.38444040587977535,0.39355383755163387,761627
strict_unconditional,high,Mon,6,100,0.025996964561874766,0.03145782999152825,51503
strict_unconditional,high,Mon,6,200,0.1042611117633339,0.11103012752560566,206555
strict_unconditional,high,Mon,6,300,0.2313867577631198,0.23763867338692085,458408
strict_unconditional,high,Mon,6,400,0.3882091709988378,0.39793621125556605,769094
strict_unconditional,high,Mon,7,100,0.028547977336038557,0.034284039139995774,56557
strict_unconditional,high,Mon,7,200,0.11497001573040362,0.1225665831537359,227771
strict_unconditional,high,Mon,7,300,0.25487945408004176,0.2620744272961893,504950
strict_unconditional,high,Mon,7,400,0.42030654525173755,0.4300977825023637,832683
strict_unconditional,high,Mon,8,100,0.30880614633002,0.37074429242373297,611786
strict_unconditional,high,Mon,8,200,0.7549331063414351,0.7849117251909423,1495623
strict_unconditional,high,Mon,8,300,0.944381265884775,0.9493266012670357,1870945
strict_unconditional,high,Mon,8,400,0.9873435570157318,0.9877038553512058,1956059
strict_unconditional,high,Mon,9,100,0.31368515466645236,0.37627981697217866,621452
strict_unconditional,high,Mon,9,200,0.761200204827112,0.7902861127099455,1508039
strict_unconditional,high,Mon,9,300,0.9465072220040237,0.9511046765343972,1875156
strict_unconditional,high,Mon,9,400,0.9875437246499061,0.9878028175391536,1956455
strict_unconditional,high,Mon,10,100,0.31370593253394213,0.37628367849993827,621493
strict_unconditional,high,Mon,10,200,0.7612128064042971,0.7902939586979965,1508064
strict_unconditional,high,Mon,10,300,0.9465210673123935,0.9511046765343972,1875184
strict_unconditional,high,Mon,10,400,0.9875437246499061,0.9878028175391536,1956455
strict_unconditional,high,Mon,11,100,0.31370593253394213,0.37628367849993827,621493
strict_unconditional,high,Mon,11,200,0.7612128064042971,0.7902939586979965,1508064
strict_unconditional,high,Mon,11,300,0.9465210673123935,0.9511046765343972,1875184
strict_unconditional,high,Mon,11,400,0.9875437246499061,0.9878028175391536,1956455
strict_unconditional,high,Mon,12,100,0.3123374628549479,0.3746190721864379,618782
strict_unconditional,high,Mon,12,200,0.7602977103288826,0.7897633114433189,1506251
strict_unconditional,high,Mon,12,300,0.946002906842561,0.9509550348832547,1874157
strict_unconditional,high,Mon,12,400,0.9874529996915197,0.9877848818252175,1956275
strict_unconditional,high,Mon,13,100,0.3125735082393367,0.3748825783728128,619250
strict_unconditional,high,Mon,13,200,0.7602256764757084,0.7895363376795966,1506108
strict_unconditional,high,Mon,13,300,0.9460538477830587,0.9509198249573078,1874258
strict_unconditional,high,Mon,13,400,0.9875232052335401,0.987788028656984,1956415
strict_unconditional,high,Mon,14,100,0.31358919807491487,0.3760312712124496,621262
strict_unconditional,high,Mon,14,200,0.7609533830749745,0.790129651686131,1507550
strict_unconditional,high,Mon,14,300,0.9465161817285412,0.9510908262384006,1875174
strict_unconditional,high,Mon,14,400,0.9875437246499061,0.9878028175391536,1956455
strict_unconditional,high,Mon,15,100,0.3134855006585957,0.375957286076093,621056
strict_unconditional,high,Mon,15,200,0.7606173098804967,0.789944686119586,1506884
strict_unconditional,high,Mon,15,300,0.94634985247717,0.9510661645262818,1874845
strict_unconditional,high,Mon,15,400,0.9874569965480561,0.987679508978559,1956283
strict_unconditional,high,Mon,16,100,0.31272865171279735,0.3750542389953704,619557
strict_unconditional,high,Mon,16,200,0.7596102494584073,0.7889071240240515,1504889
strict_unconditional,high,Mon,16,300,0.9461584910055639,0.9509392704750729,1874466
strict_unconditional,high,Mon,16,400,0.9873862715319213,0.9876637284187212,1956143
strict_unconditional,high,Mon,17,100,0.3104249823360789,0.3726476423649232,614993
strict_unconditional,high,Mon,17,200,0.7570291840170368,0.7866583110785895,1499775
strict_unconditional,high,Mon,17,300,0.9455784389609697,0.9500995055089443,1873316
strict_unconditional,high,Mon,17,400,0.9873850624430217,0.9876486453707588,1956141
strict_unconditional,high,Mon,18,100,0.306360215947579,0.36737878776475374,606940
strict_unconditional,high,Mon,18,200,0.7519718664408793,0.7814819559224395,1489756
strict_unconditional,high,Mon,18,300,0.944486862030652,0.9492345592373646,1871154
strict_unconditional,high,Mon,18,400,0.9872783985524171,0.987601627597682,1955930
strict_unconditional,high,Mon,19,100,0.30441967729340896,0.364915884610644,603096
strict_unconditional,high,Mon,19,200,0.7506117024569885,0.7808745221162264,1487061
strict_unconditional,high,Mon,19,300,0.9439089080214352,0.9490717439956871,1870009
strict_unconditional,high,Mon,19,400,0.9871895057043337,0.9875475995431742,1955753
strict_unconditional,high,Mon,20,100,0.028429573021824042,0.034402750064605275,56323
strict_unconditional,high,Mon,20,200,0.11390829256596831,0.12114164148028361,225667
strict_unconditional,high,Mon,20,300,0.2519615109292767,0.2583206483287677,499169
strict_unconditional,high,Mon,20,400,0.4162622530747961,0.42502059565298045,824671
strict_unconditional,high,Mon,21,100,0.02743815061107981,0.03303267619891533,54359
strict_unconditional,high,Mon,21,200,0.11011642356170426,0.11723008769326082,218155
strict_unconditional,high,Mon,21,300,0.2432004813323707,0.25009036557393355,481812
strict_unconditional,high,Mon,21,400,0.40441491585267525,0.41315023050105965,801200
strict_unconditional,high,Mon,22,100,0.026526625181805943,0.032143880474115885,52553
strict_unconditional,high,Mon,22,200,0.10656579663544494,0.11362675409959751,211121
strict_unconditional,high,Mon,22,300,0.23554844830255295,0.2412409172266383,466653
strict_unconditional,high,Mon,22,400,0.3925750587896606,0.4010841522814193,777743
strict_unconditional,high,Mon,23,100,0.026177071950679476,0.03183204165360849,51860
strict_unconditional,high,Mon,23,200,0.10503409689310042,0.11220869520768305,208086
strict_unconditional,high,Mon,23,300,0.23255676280000268,0.23852714267084948,460726
strict_unconditional,high,Mon,23,400,0.38816759657927724,0.3967921458380469,769012
strict_unconditional,high,Tue,0,100,0.025985097369154435,0.031594856094906094,51480
strict_unconditional,high,Tue,0,200,0.10431352140461489,0.11161666257448125,206659
strict_unconditional,high,Tue,0,300,0.2309005189941529,0.23726768044172486,457445
strict_unconditional,high,Tue,0,400,0.3853188178554873,0.39444514532092184,763368
strict_unconditional,high,Tue,1,100,0.02566280549470073,0.030998354140597806,50841
strict_unconditional,high,Tue,1,200,0.10359717735958951,0.11079657160608286,205240
strict_unconditional,high,Tue,1,300,0.23024620871716747,0.23656895849169177,456148
strict_unconditional,high,Tue,1,400,0.38462343302772345,0.39356026420594503,761990
strict_unconditional,high,Tue,2,100,0.02566280549470073,0.030998354140597806,50841
strict_unconditional,high,Tue,2,200,0.10359717735958951,0.11079657160608286,205240
strict_unconditional,high,Tue,2,300,0.23024620871716747,0.23656895849169177,456148
strict_unconditional,high,Tue,2,400,0.38462343302772345,0.39356026420594503,761990
strict_unconditional,high,Tue,3,100,0.02566280549470073,0.030998354140597806,50841
strict_unconditional,high,Tue,3,200,0.10359717735958951,0.11079657160608286,205240
strict_unconditional,high,Tue,3,300,0.23024620871716747,0.23656895849169177,456148
strict_unconditional,high,Tue,3,400,0.38462343302772345,0.39356026420594503,761990
strict_unconditional,high,Tue,4,100,0.025985097369154435,0.031594856094906094,51480
strict_unconditional,high,Tue,4,200,0.10431352140461489,0.11161666257448125,206659
strict_unconditional,high,Tue,4,300,0.2309005189941529,0.23726768044172486,457445
strict_unconditional,high,Tue,4,400,0.3853188178554873,0.39444514532092184,763368
strict_unconditional,high,Tue,5,100,0.025985097369154435,0.031594856094906094,51480
strict_unconditional,high,Tue,5,200,0.10431352140461489,0.11161666257448125,206659
strict_unconditional,high,Tue,5,300,0.2309005189941529,0.23726768044172486,457445
strict_unconditional,high,Tue,5,400,0.3853188178554873,0.39444514532092184,763368
strict_unconditional,high,Tue,6,100,0.026230266842649123,0.031763798589910644,51966
strict_unconditional,high,Tue,6,200,0.10533635887274163,0.11250520245612636,208685
strict_unconditional,high,Tue,6,300,0.23301480733513075,0.2396956664166806,461633
strict_unconditional,high,Tue,6,400,0.3890875829745497,0.39882751902485397,770834
strict_unconditional,high,Tue,7,100,0.028781279616812906,0.03459000773837817,57020
strict_unconditional,high,Tue,7,200,0.11604526283981136,0.12404165808425661,229901
strict_unconditional,high,Tue,7,300,0.25650750365205266,0.26413142032594905,508175
strict_unconditional,high,Tue,7,400,0.42115281710183927,0.4309890902716516,834360
strict_unconditional,high,Tue,8,100,0.3091339959326492,0.3711041321529821,612435
strict_unconditional,high,Tue,8,200,0.7551474308009252,0.7846209109335245,1496047
strict_unconditional,high,Tue,8,300,0.9452762966753878,0.9500671683799609,1872718
strict_unconditional,high,Tue,8,400,0.9881702520672997,0.9885605989612465,1957696
strict_unconditional,high,Tue,9,100,0.3143217354446815,0.3770349087439848,622713
strict_unconditional,high,Tue,9,200,0.7619274434057429,0.7903274655673141,1509479
strict_unconditional,high,Tue,9,300,0.9475523552521935,0.9518452436473223,1877227
strict_unconditional,high,Tue,9,400,0.9884493625333648,0.9886595611491941,1958249
strict_unconditional,high,Tue,10,100,0.3144784153923423,0.3771493608710849,623023
strict_unconditional,high,Tue,10,200,0.7619527526889432,0.7903494479146386,1509530
strict_unconditional,high,Tue,10,300,0.9475662005605632,0.9518452436473223,1877254
strict_unconditional,high,Tue,10,400,0.9884493625333648,0.9886595611491941,1958249
strict_unconditional,high,Tue,11,100,0.3144784153923423,0.3771493608710849,623023
strict_unconditional,high,Tue,11,200,0.7619527526889432,0.7903494479146386,1509530
strict_unconditional,high,Tue,11,300,0.9475662005605632,0.9518452436473223,1877254
strict_unconditional,high,Tue,11,400,0.9884493625333648,0.9886595611491941,1958249
strict_unconditional,high,Tue,12,100,0.312348457237271,0.37428949144855694,618804
strict_unconditional,high,Tue,12,200,0.7605458840078315,0.7893894160376503,1506742
strict_unconditional,high,Tue,12,300,0.9470321423427916,0.9516956019961799,1876196
strict_unconditional,high,Tue,12,400,0.9883586375749783,0.9886416254352581,1958070
strict_unconditional,high,Tue,13,100,0.3127204047018308,0.3746635882342723,619541
strict_unconditional,high,Tue,13,200,0.7604865578606725,0.7891765786332016,1506625
strict_unconditional,high,Tue,13,300,0.9470830832832893,0.9516603920702329,1876297
strict_unconditional,high,Tue,13,400,0.9884288431169986,0.9886447722670247,1958209
strict_unconditional,high,Tue,14,100,0.3137360945374089,0.3758122810739091,621553
strict_unconditional,high,Tue,14,200,0.7612142644599386,0.789769892639736,1508066
strict_unconditional,high,Tue,14,300,0.9475454172287718,0.9518313933513256,1877213
strict_unconditional,high,Tue,14,400,0.9884493625333648,0.9886595611491941,1958249
strict_unconditional,high,Tue,15,100,0.31363239712108987,0.3757382959375525,621347
strict_unconditional,high,Tue,15,200,0.7608781912654607,0.7895849270731913,1507401
strict_unconditional,high,Tue,15,300,0.9473790879774007,0.9518067316392066,1876884
strict_unconditional,high,Tue,15,400,0.9883626344315145,0.9885362525885998,1958078
strict_unconditional,high,Tue,16,100,0.31287554817529145,0.37483524885682995,619848
strict_unconditional,high,Tue,16,200,0.7598711308433713,0.7885473649776567,1505406
strict_unconditional,high,Tue,16,300,0.9471877265057943,0.9516798375879981,1876505
strict_unconditional,high,Tue,16,400,0.98829190941538,0.9885204720287618,1957937
strict_unconditional,high,Tue,17,100,0.31057187879857306,0.3724286522263827,615284
strict_unconditional,high,Tue,17,200,0.757290065402001,0.7862985520321946,1500292
strict_unconditional,high,Tue,17,300,0.9465805374672038,0.9508400726218695,1875302
strict_unconditional,high,Tue,17,400,0.9882907003264803,0.9885053889807994,1957935
strict_unconditional,high,Tue,18,100,0.30696552743223154,0.3680331051423024,608139
strict_unconditional,high,Tue,18,200,0.752655076498727,0.7814928555691629,1491110
strict_unconditional,high,Tue,18,300,0.9455319952788216,0.9499751263502894,1873224
strict_unconditional,high,Tue,18,400,0.9881840364358756,0.9884583712077227,1957724
strict_unconditional,high,Tue,19,100,0.30471855321205527,0.365130763383242,603688
strict_unconditional,high,Tue,19,200,0.7508253462378477,0.7805837078588084,1487485
strict_unconditional,high,Tue,19,300,0.944803938812048,0.949812311108612,1871782
strict_unconditional,high,Tue,19,400,0.9880162007559016,0.988404343153215,1957391
strict_unconditional,high,Tue,20,100,0.028429573021824042,0.034402750064605275,56323
strict_unconditional,high,Tue,20,200,0.11390829256596831,0.12114164148028361,225667
strict_unconditional,high,Tue,20,300,0.2519615109292767,0.2583206483287677,499169
strict_unconditional,high,Tue,20,400,0.4162622530747961,0.42502059565298045,824671
strict_unconditional,high,Tue,21,100,0.02743815061107981,0.03303267619891533,54359
strict_unconditional,high,Tue,21,200,0.11011642356170426,0.11723008769326082,218155
strict_unconditional,high,Tue,21,300,0.2432004813323707,0.25009036557393355,481812
strict_unconditional,high,Tue,21,400,0.40441491585267525,0.41315023050105965,801200
strict_unconditional,high,Tue,22,100,0.026526625181805943,0.032143880474115885,52553
strict_unconditional,high,Tue,22,200,0.10656579663544494,0.11362675409959751,211121
strict_unconditional,high,Tue,22,300,0.23554844830255295,0.2412409172266383,466653
strict_unconditional,high,Tue,22,400,0.3925750587896606,0.4010841522814193,777743
strict_unconditional,high,Tue,23,100,0.026177071950679476,0.03183204165360849,51860
strict_unconditional,high,Tue,23,200,0.10503409689310042,0.11220869520768305,208086
strict_unconditional,high,Tue,23,300,0.23255676280000268,0.23852714267084948,460726
strict_unconditional,high,Tue,23,400,0.38816759657927724,0.3967921458380469,769012
strict_unconditional,high,Wed,0,100,0.025985097369154435,0.031594856094906094,51480
strict_unconditional,high,Wed,0,200,0.10431352140461489,0.11161666257448125,206659
strict_unconditional,high,Wed,0,300,0.2309005189941529,0.23726768044172486,457445
strict_unconditional,high,Wed,0,400,0.3853188178554873,0.39444514532092184,763368
strict_unconditional,high,Wed,1,100,0.02566280549470073,0.030998354140597806,50841
strict_unconditional,high,Wed,1,200,0.10359717735958951,0.11079657160608286,205240
strict_unconditional,high,Wed,1,300,0.23024620871716747,0.23656895849169177,456148
strict_unconditional,high,Wed,1,400,0.38462343302772345,0.39356026420594503,761990
strict_unconditional,high,Wed,2,100,0.02566280549470073,0.030998354140597806,50841
strict_unconditional,high,Wed,2,200,0.10359717735958951,0.11079657160608286,205240
strict_unconditional,high,Wed,2,300,0.23024620871716747,0.23656895849169177,456148
strict_unconditional,high,Wed,2,400,0.38462343302772345,0.39356026420594503,761990
strict_unconditional,high,Wed,3,100,0.02566280549470073,0.030998354140597806,50841
strict_unconditional,high,Wed,3,200,0.10359717735958951,0.11079657160608286,205240
strict_unconditional,high,Wed,3,300,0.23024620871716747,0.23656895849169177,456148
strict_unconditional,high,Wed,3,400,0.38462343302772345,0.39356026420594503,761990
strict_unconditional,high,Wed,4,100,0.025985097369154435,0.031594856094906094,51480
strict_unconditional,high,Wed,4,200,0.10431352140461489,0.11161666257448125,206659
strict_unconditional,high,Wed,4,300,0.2309005189941529,0.23726768044172486,457445
strict_unconditional,high,Wed,4,400,0.3853188178554873,0.39444514532092184,763368
strict_unconditional,high,Wed,5,100,0.025985097369154435,0.031594856094906094,51480
strict_unconditional,high,Wed,5,200,0.10431352140461489,0.11161666257448125,206659
strict_unconditional,high,Wed,5,300,0.2309005189941529,0.23726768044172486,457445
strict_unconditional,high,Wed,5,400,0.3853188178554873,0.39444514532092184,763368
strict_unconditional,high,Wed,6,100,0.026230266842649123,0.031763798589910644,51966
strict_unconditional,high,Wed,6,200,0.10533635887274163,0.11250520245612636,208685
strict_unconditional,high,Wed,6,300,0.23301480733513075,0.2396956664166806,461633
strict_unconditional,high,Wed,6,400,0.3890875829745497,0.39882751902485397,770834
strict_unconditional,high,Wed,7,100,0.02872259882620338,0.03451436949485638,56903
strict_unconditional,high,Wed,7,200,0.11526201655767734,0.12330652640277776,228349
strict_unconditional,high,Wed,7,300,0.25451776425410017,0.2620068092406631,504233
strict_unconditional,high,Wed,7,400,0.4181061567338554,0.4273603907954242,828324
strict_unconditional,high,Wed,8,100,0.3082861091524451,0.3700520095566026,610756
strict_unconditional,high,Wed,8,200,0.7535309199242517,0.7828788407156949,1492845
strict_unconditional,high,Wed,8,300,0.9452186839654058,0.9501683503926468,1872604
strict_unconditional,high,Wed,8,400,0.9881524803217762,0.9885605989612465,1957661
strict_unconditional,high,Wed,9,100,0.3133697902020955,0.37592575509467574,620827
strict_unconditional,high,Wed,9,200,0.7597575393366314,0.7878090161509189,1505181
strict_unconditional,high,Wed,9,300,0.9473585372265287,0.9519464256600082,1876843
strict_unconditional,high,Wed,9,400,0.9884021160625084,0.9886427326270446,1958156
strict_unconditional,high,Wed,10,100,0.3135264701497563,0.3760402072217759,621138
strict_unconditional,high,Wed,10,200,0.7597828486198319,0.7878309984982433,1505231
strict_unconditional,high,Wed,10,300,0.9473723825348982,0.9519464256600082,1876870
strict_unconditional,high,Wed,10,400,0.9884021160625084,0.9886427326270446,1958156
strict_unconditional,high,Wed,11,100,0.3135264701497563,0.3760402072217759,621138
strict_unconditional,high,Wed,11,200,0.7597828486198319,0.7878309984982433,1505231
strict_unconditional,high,Wed,11,300,0.9473723825348982,0.9519464256600082,1876870
strict_unconditional,high,Wed,11,400,0.9884021160625084,0.9886427326270446,1958156
strict_unconditional,high,Wed,12,100,0.3120220983905911,0.3742650103089351,618157
strict_unconditional,high,Wed,12,200,0.758855044838402,0.7872862148842921,1503393
strict_unconditional,high,Wed,12,300,0.9468542220650659,0.9517967840088658,1875844
strict_unconditional,high,Wed,12,400,0.9883113911041218,0.9886247969131087,1957976
strict_unconditional,high,Wed,13,100,0.31235171044063853,0.3745364589945488,618810
strict_unconditional,high,Wed,13,200,0.758761326441352,0.7870733774798434,1503207
strict_unconditional,high,Wed,13,300,0.9469051630055634,0.9517615740829188,1875945
strict_unconditional,high,Wed,13,400,0.9883815966461422,0.9886279437448753,1958115
strict_unconditional,high,Wed,14,100,0.31363125171006606,0.3760238028262094,621345
strict_unconditional,high,Wed,14,200,0.7603004231334438,0.788607377696809,1506256
strict_unconditional,high,Wed,14,300,0.9475085878505811,0.9519464256600082,1877140
strict_unconditional,high,Wed,14,400,0.9884315907878412,0.9886595611491941,1958214
strict_unconditional,high,Wed,15,100,0.3136873472652145,0.3762314376289472,621456
strict_unconditional,high,Wed,15,200,0.7602223468393537,0.7885867191421296,1506101
strict_unconditional,high,Wed,15,300,0.9473471441830622,0.9519356142438858,1876820
strict_unconditional,high,Wed,15,400,0.988344862685991,0.9885362525885998,1958042
strict_unconditional,high,Wed,16,100,0.3129304983194161,0.3753283905482246,619957
strict_unconditional,high,Wed,16,200,0.7592152864172643,0.787549157046595,1504106
strict_unconditional,high,Wed,16,300,0.9471557827114558,0.951808720192677,1876441
strict_unconditional,high,Wed,16,400,0.9882741376698564,0.9885204720287618,1957902
strict_unconditional,high,Wed,17,100,0.3106268289426977,0.37292179391777736,615393
strict_unconditional,high,Wed,17,200,0.756634220975894,0.785300344101133,1498993
strict_unconditional,high,Wed,17,300,0.9465757306668617,0.9509689552265486,1875292
strict_unconditional,high,Wed,17,400,0.9882729285809566,0.9885053889807994,1957900
strict_unconditional,high,Wed,18,100,0.30654128505734446,0.3676012534770411,607299
strict_unconditional,high,Wed,18,200,0.7521079526152665,0.78085577857363,1490026
strict_unconditional,high,Wed,18,300,0.945620359052227,0.9501040089549686,1873399
strict_unconditional,high,Wed,18,400,0.9881957394156847,0.9884751997298722,1957747
strict_unconditional,high,Wed,19,100,0.3042943108371682,0.36469891171798074,602847
strict_unconditional,high,Wed,19,200,0.7502782223543873,0.7799466308632758,1486401
strict_unconditional,high,Wed,19,300,0.9448923025854534,0.949941193713291,1871957
strict_unconditional,high,Wed,19,400,0.9880279037357107,0.9884211716753645,1957414
strict_unconditional,high,Wed,20,100,0.028706700124409016,0.03477018112124104,56872
strict_unconditional,high,Wed,20,200,0.11474491563278577,0.12205258537854251,227325
strict_unconditional,high,Wed,20,300,0.25364403886024045,0.2601414890664238,502502
strict_unconditional,high,Wed,20,400,0.4190922401386792,0.4278818265674727,830277
strict_unconditional,high,Wed,21,100,0.027715277713664773,0.0334001072555511,54908
strict_unconditional,high,Wed,21,200,0.11095304662852173,0.11814103159151972,219813
strict_unconditional,high,Wed,21,300,0.2448830092633345,0.2519112063115896,485146
strict_unconditional,high,Wed,21,400,0.4072449029165582,0.41601146141555184,806806
strict_unconditional,high,Wed,22,100,0.026803752284390914,0.03251131153075165,53102
strict_unconditional,high,Wed,22,200,0.1074024197022624,0.1145376979978564,212778
strict_unconditional,high,Wed,22,300,0.23723097623351674,0.24306175796429438,469986
strict_unconditional,high,Wed,22,400,0.3954050458535436,0.40394538319591156,783350
strict_unconditional,high,Wed,23,100,0.026454199053264443,0.03219947271024426,52409
strict_unconditional,high,Wed,23,200,0.10587071995991787,0.11311963910594194,209744
strict_unconditional,high,Wed,23,300,0.23423929073096644,0.24034798340850555,464059
strict_unconditional,high,Wed,23,400,0.39099758364316023,0.3996533767525391,774618
strict_unconditional,high,Thu,0,100,0.026262224471739398,0.03196228715154187,52029
strict_unconditional,high,Thu,0,200,0.10515014447143235,0.11252760647274014,208316
strict_unconditional,high,Thu,0,300,0.23258304692511664,0.23908852117938093,460778
strict_unconditional,high,Thu,0,400,0.38814880491937026,0.39730637623541415,768974
strict_unconditional,high,Thu,1,100,0.025939932597285695,0.03136578519723357,51390
strict_unconditional,high,Thu,1,200,0.10443380042640697,0.11170751550434177,206897
strict_unconditional,high,Thu,1,300,0.23192873664813127,0.2383897992293479,459482
strict_unconditional,high,Thu,1,400,0.3874534200916064,0.39642149512043734,767597
strict_unconditional,high,Thu,2,100,0.02566280549470073,0.030998354140597806,50841
strict_unconditional,high,Thu,2,200,0.10359717735958951,0.11079657160608286,205240
strict_unconditional,high,Thu,2,300,0.23024620871716747,0.23656895849169177,456148
strict_unconditional,high,Thu,2,400,0.38462343302772345,0.39356026420594503,761990
strict_unconditional,high,Thu,3,100,0.02566280549470073,0.030998354140597806,50841
strict_unconditional,high,Thu,3,200,0.10359717735958951,0.11079657160608286,205240
strict_unconditional,high,Thu,3,300,0.23024620871716747,0.23656895849169177,456148
strict_unconditional,high,Thu,3,400,0.38462343302772345,0.39356026420594503,761990
strict_unconditional,high,Thu,4,100,0.025985097369154435,0.031594856094906094,51480
strict_unconditional,high,Thu,4,200,0.10431352140461489,0.11161666257448125,206659
strict_unconditional,high,Thu,4,300,0.2309005189941529,0.23726768044172486,457445
strict_unconditional,high,Thu,4,400,0.3853188178554873,0.39444514532092184,763368
strict_unconditional,high,Thu,5,100,0.025985097369154435,0.031594856094906094,51480
strict_unconditional,high,Thu,5,200,0.10431352140461489,0.11161666257448125,206659
strict_unconditional,high,Thu,5,300,0.2309005189941529,0.23726768044172486,457445
strict_unconditional,high,Thu,5,400,0.3853188178554873,0.39444514532092184,763368
strict_unconditional,high,Thu,6,100,0.026230266842649123,0.031763798589910644,51966
strict_unconditional,high,Thu,6,200,0.10533635887274163,0.11250520245612636,208685
strict_unconditional,high,Thu,6,300,0.23301480733513075,0.2396956664166806,461633
strict_unconditional,high,Thu,6,400,0.3890875829745497,0.39882751902485397,770834
strict_unconditional,high,Thu,7,100,0.02905840671939788,0.03495743879501394,57569
strict_unconditional,high,Thu,7,200,0.11688188590662882,0.12495260198251551,231559
strict_unconditional,high,Thu,7,300,0.25819003158301645,0.26595226106360514,511509
strict_unconditional,high,Thu,7,400,0.4239828041657223,0.43385032118614386,839966
strict_unconditional,high,Thu,8,100,0.30907141298264607,0.3712833235635961,612311
strict_unconditional,high,Thu,8,200,0.7551377609400196,0.7852038182637805,1496028
strict_unconditional,high,Thu,8,300,0.9453217847536968,0.9503296274297487,1872808
strict_unconditional,high,Thu,8,400,0.988155256395393,0.9885605989612465,1957667
strict_unconditional,high,Thu,9,100,0.3142591524946785,0.3772141001545988,622589
strict_unconditional,high,Thu,9,200,0.7619177735448373,0.7909103728975702,1509460
strict_unconditional,high,Thu,9,300,0.9475978433305025,0.95210770269711,1877317
strict_unconditional,high,Thu,9,400,0.9884343668614581,0.9886595611491941,1958220
strict_unconditional,high,Thu,10,100,0.3144158324423393,0.3773285522816989,622899
strict_unconditional,high,Thu,10,200,0.7619430828280376,0.7909323552448945,1509510
strict_unconditional,high,Thu,10,300,0.9476116886388721,0.95210770269711,1877344
strict_unconditional,high,Thu,10,400,0.9884343668614581,0.9886595611491941,1958220
strict_unconditional,high,Thu,11,100,0.3144158324423393,0.3773285522816989,622899
strict_unconditional,high,Thu,11,200,0.7619430828280376,0.7909323552448945,1509510
strict_unconditional,high,Thu,11,300,0.9476116886388721,0.95210770269711,1877344
strict_unconditional,high,Thu,11,400,0.9884343668614581,0.9886595611491941,1958220
strict_unconditional,high,Thu,12,100,0.31291146068317405,0.37555335536885814,619919
strict_unconditional,high,Thu,12,200,0.7610122302713667,0.7903875716309436,1507666
strict_unconditional,high,Thu,12,300,0.9470935281690399,0.9519580610459675,1876318
strict_unconditional,high,Thu,12,400,0.9883436419030717,0.9886416254352581,1958040
strict_unconditional,high,Thu,13,100,0.313283408147734,0.37592745215457357,620656
strict_unconditional,high,Thu,13,200,0.7609559528994487,0.7901747342264946,1507555
strict_unconditional,high,Thu,13,300,0.9471444691095375,0.9519228511200207,1876419
strict_unconditional,high,Thu,13,400,0.988413847445092,0.9886447722670247,1958179
strict_unconditional,high,Thu,14,100,0.314299097983312,0.3770761449942103,622668
strict_unconditional,high,Thu,14,200,0.7616836594987149,0.790768048233029,1508996
strict_unconditional,high,Thu,14,300,0.94760680305502,0.9520938524011134,1877335
strict_unconditional,high,Thu,14,400,0.9884343668614581,0.9886595611491941,1958220
strict_unconditional,high,Thu,15,100,0.31419540056699297,0.3770021598578536,622463
strict_unconditional,high,Thu,15,200,0.761347586304237,0.7905830826664844,1508331
strict_unconditional,high,Thu,15,300,0.9474404738036489,0.9520691906889946,1877005
strict_unconditional,high,Thu,15,400,0.9883476387596078,0.9885362525885998,1958048
strict_unconditional,high,Thu,16,100,0.31343855162119455,0.3760991127771311,620963
strict_unconditional,high,Thu,16,200,0.7603236188290177,0.7895455205709497,1506302
strict_unconditional,high,Thu,16,300,0.9472491123320428,0.9519422966377857,1876626
strict_unconditional,high,Thu,16,400,0.9882769137434734,0.9885204720287618,1957908
strict_unconditional,high,Thu,17,100,0.3111348822444761,0.37369251614668386,616399
strict_unconditional,high,Thu,17,200,0.7577425533876472,0.7872967076254875,1501189
strict_unconditional,high,Thu,17,300,0.9466690602874485,0.9511025316716574,1875477
strict_unconditional,high,Thu,17,400,0.9882757046545736,0.9885053889807994,1957905
strict_unconditional,high,Thu,18,100,0.3069029444822285,0.3682122965529164,608015
strict_unconditional,high,Thu,18,200,0.7526291802633222,0.7820757628994188,1491058
strict_unconditional,high,Thu,18,300,0.9455774833571308,0.9502375854000774,1873314
strict_unconditional,high,Thu,18,400,0.9881690407639689,0.9884583712077227,1957694
strict_unconditional,high,Thu,19,100,0.3046559702620522,0.3653099547938561,603564
strict_unconditional,high,Thu,19,200,0.7507994500024429,0.7811666151890645,1487433
strict_unconditional,high,Thu,19,300,0.9448494268903572,0.9500747701583997,1871872
strict_unconditional,high,Thu,19,400,0.9880012050839949,0.988404343153215,1957361
strict_unconditional,high,Thu,20,100,0.028706700124409016,0.03477018112124104,56872
strict_unconditional,high,Thu,20,200,0.11474491563278577,0.12205258537854251,227325
strict_unconditional,high,Thu,20,300,0.25364403886024045,0.2601414890664238,502502
strict_unconditional,high,Thu,20,400,0.4190922401386792,0.4278818265674727,830277
strict_unconditional,high,Thu,21,100,0.027715277713664773,0.0334001072555511,54908
strict_unconditional,high,Thu,21,200,0.11095304662852173,0.11814103159151972,219813
strict_unconditional,high,Thu,21,300,0.2448830092633345,0.2519112063115896,485146
strict_unconditional,high,Thu,21,400,0.4072449029165582,0.41601146141555184,806806
strict_unconditional,high,Thu,22,100,0.026803752284390914,0.03251131153075165,53102
strict_unconditional,high,Thu,22,200,0.1074024197022624,0.1145376979978564,212778
strict_unconditional,high,Thu,22,300,0.23723097623351674,0.24306175796429438,469986
strict_unconditional,high,Thu,22,400,0.3954050458535436,0.40394538319591156,783350
strict_unconditional,high,Thu,23,100,0.026454199053264443,0.03219947271024426,52409
strict_unconditional,high,Thu,23,200,0.10587071995991787,0.11311963910594194,209744
strict_unconditional,high,Thu,23,300,0.23423929073096644,0.24034798340850555,464059
strict_unconditional,high,Thu,23,400,0.39099758364316023,0.3996533767525391,774618
strict_unconditional,high,Fri,0,100,0.026262224471739398,0.03196228715154187,52029
strict_unconditional,high,Fri,0,200,0.10515014447143235,0.11252760647274014,208316
strict_unconditional,high,Fri,0,300,0.23258304692511664,0.23908852117938093,460778
strict_unconditional,high,Fri,0,400,0.38814880491937026,0.39730637623541415,768974
strict_unconditional,high,Fri,1,100,0.025939932597285695,0.03136578519723357,51390
strict_unconditional,high,Fri,1,200,0.10443380042640697,0.11170751550434177,206897
strict_unconditional,high,Fri,1,300,0.23192873664813127,0.2383897992293479,459482
strict_unconditional,high,Fri,1,400,0.3874534200916064,0.39642149512043734,767597
strict_unconditional,high,Fri,2,100,0.02566280549470073,0.030998354140597806,50841
strict_unconditional,high,Fri,2,200,0.10359717735958951,0.11079657160608286,205240
strict_unconditional,high,Fri,2,300,0.23024620871716747,0.23656895849169177,456148
strict_unconditional,high,Fri,2,400,0.38462343302772345,0.39356026420594503,761990
strict_unconditional,high,Fri,3,100,0.02566280549470073,0.030998354140597806,50841
strict_unconditional,high,Fri,3,200,0.10359717735958951,0.11079657160608286,205240
strict_unconditional,high,Fri,3,300,0.23024620871716747,0.23656895849169177,456148
strict_unconditional,high,Fri,3,400,0.38462343302772345,0.39356026420594503,761990
strict_unconditional,high,Fri,4,100,0.025985097369154435,0.031594856094906094,51480
strict_unconditional,high,Fri,4,200,0.10431352140461489,0.11161666257448125,206659
strict_unconditional,high,Fri,4,300,0.2309005189941529,0.23726768044172486,457445
strict_unconditional,high,Fri,4,400,0.3853188178554873,0.39444514532092184,763368
strict_unconditional,high,Fri,5,100,0.025985097369154435,0.031594856094906094,51480
strict_unconditional,high,Fri,5,200,0.10431352140461489,0.11161666257448125,206659
strict_unconditional,high,Fri,5,300,0.2309005189941529,0.23726768044172486,457445
strict_unconditional,high,Fri,5,400,0.3853188178554873,0.39444514532092184,763368
strict_unconditional,high,Fri,6,100,0.026230266842649123,0.031763798589910644,51966
strict_unconditional,high,Fri,6,200,0.10533635887274163,0.11250520245612636,208685
strict_unconditional,high,Fri,6,300,0.23301480733513075,0.2396956664166806,461633
strict_unconditional,high,Fri,6,400,0.3890875829745497,0.39882751902485397,770834
strict_unconditional,high,Fri,7,100,0.02905840671939788,0.03495743879501394,57569
strict_unconditional,high,Fri,7,200,0.11688188590662882,0.12495260198251551,231559
strict_unconditional,high,Fri,7,300,0.25819003158301645,0.26595226106360514,511509
strict_unconditional,high,Fri,7,400,0.4239828041657223,0.43385032118614386,839966
strict_unconditional,high,Fri,8,100,0.3094102743154124,0.3717085774389891,612983
strict_unconditional,high,Fri,8,200,0.7549207225379994,0.7848314432497826,1495598
strict_unconditional,high,Fri,8,300,0.9449178200315219,0.9500104875732456,1872008
strict_unconditional,high,Fri,8,400,0.9881099921422121,0.9885605989612465,1957577
strict_unconditional,high,Fri,9,100,0.3145878147367227,0.3775808526075658,623240
strict_unconditional,high,Fri,9,200,0.761700735142817,0.7905379978835723,1509030
strict_unconditional,high,Fri,9,300,0.9471938786083276,0.9517885628406069,1876517
strict_unconditional,high,Fri,9,400,0.9883891026082772,0.9886595611491941,1958130
strict_unconditional,high,Fri,10,100,0.31474449468438354,0.37769530473466595,623551
strict_unconditional,high,Fri,10,200,0.7617260444260172,0.7905599802308967,1509080
strict_unconditional,high,Fri,10,300,0.9472077239166973,0.9517885628406069,1876544
strict_unconditional,high,Fri,10,400,0.9883891026082772,0.9886595611491941,1958130
strict_unconditional,high,Fri,11,100,0.31474449468438354,0.37769530473466595,623551
strict_unconditional,high,Fri,11,200,0.7617260444260172,0.7905599802308967,1509080
strict_unconditional,high,Fri,11,300,0.9472077239166973,0.9517885628406069,1876544
strict_unconditional,high,Fri,11,400,0.9883891026082772,0.9886595611491941,1958130
strict_unconditional,high,Fri,12,100,0.3132626510217336,0.37592010782182506,620615
strict_unconditional,high,Fri,12,200,0.7607996670735225,0.7900151966169455,1507245
strict_unconditional,high,Fri,12,300,0.946689563446865,0.9516389211894645,1875518
strict_unconditional,high,Fri,12,400,0.9882983776498907,0.9886416254352581,1957950
strict_unconditional,high,Fri,13,100,0.3136112806599577,0.3762753489265793,621306
strict_unconditional,high,Fri,13,200,0.7607403409263633,0.7898023592124969,1507128
strict_unconditional,high,Fri,13,300,0.9467405043873625,0.9516037112635175,1875619
strict_unconditional,high,Fri,13,400,0.988368583191911,0.9886447722670247,1958089
strict_unconditional,high,Fri,14,100,0.31445525602492946,0.3772607239639281,622978
strict_unconditional,high,Fri,14,200,0.7614674764743808,0.7903956732190313,1508568
strict_unconditional,high,Fri,14,300,0.947202838332845,0.9517747125446103,1876535
strict_unconditional,high,Fri,14,400,0.9883891026082772,0.9886595611491941,1958130
strict_unconditional,high,Fri,15,100,0.31435155860861036,0.3771867388275716,622772
strict_unconditional,high,Fri,15,200,0.7611314032799031,0.7902107076524864,1507902
strict_unconditional,high,Fri,15,300,0.9470365090814739,0.9517500508324916,1876205
strict_unconditional,high,Fri,15,400,0.9883023745064269,0.9885362525885998,1957958
strict_unconditional,high,Fri,16,100,0.31351524126030034,0.37628741988964237,621115
strict_unconditional,high,Fri,16,200,0.7600745441331145,0.7891731455569518,1505809
strict_unconditional,high,Fri,16,300,0.9468451476098676,0.9516231567812826,1875826
strict_unconditional,high,Fri,16,400,0.9882316494902924,0.9885204720287618,1957818
strict_unconditional,high,Fri,17,100,0.31102005675962424,0.37362342741684174,616172
strict_unconditional,high,Fri,17,200,0.7566651724804505,0.785776859014529,1499054
strict_unconditional,high,Fri,17,300,0.9461271360548481,0.9507660510968627,1874403
strict_unconditional,high,Fri,17,400,0.9882009656760599,0.98848856045865,1957757
strict_unconditional,high,Fri,18,100,0.30724180581499483,0.36863755042830937,608687
strict_unconditional,high,Fri,18,200,0.752429048914432,0.7817033878854208,1490662
strict_unconditional,high,Fri,18,300,0.9451735186349556,0.9499184455435743,1872514
strict_unconditional,high,Fri,18,400,0.9881237765107879,0.9884583712077227,1957604
strict_unconditional,high,Fri,19,100,0.30499483159481855,0.365735208669249,604235
strict_unconditional,high,Fri,19,200,0.7505993186535527,0.7807942401750666,1487037
strict_unconditional,high,Fri,19,300,0.9444454621681823,0.9497556303018966,1871072
strict_unconditional,high,Fri,19,400,0.987955940830814,0.988404343153215,1957272
strict_unconditional,high,Fri,20,100,0.028706700124409016,0.03477018112124104,56872
strict_unconditional,high,Fri,20,200,0.11474491563278577,0.12205258537854251,227325
strict_unconditional,high,Fri,20,300,0.25364403886024045,0.2601414890664238,502502
strict_unconditional,high,Fri,20,400,0.4190922401386792,0.4278818265674727,830277
strict_unconditional,high,Fri,21,100,0.027715277713664773,0.0334001072555511,54908
strict_unconditional,high,Fri,21,200,0.11095304662852173,0.11814103159151972,219813
strict_unconditional,high,Fri,21,300,0.2448830092633345,0.2519112063115896,485146
strict_unconditional,high,Fri,21,400,0.4072449029165582,0.41601146141555184,806806
strict_unconditional,high,Fri,22,100,0.026803752284390914,0.03251131153075165,53102
strict_unconditional,high,Fri,22,200,0.1074024197022624,0.1145376979978564,212778
strict_unconditional,high,Fri,22,300,0.23723097623351674,0.24306175796429438,469986
strict_unconditional,high,Fri,22,400,0.3954050458535436,0.40394538319591156,783350
strict_unconditional,high,Fri,23,100,0.026454199053264443,0.03219947271024426,52409
strict_unconditional,high,Fri,23,200,0.10587071995991787,0.11311963910594194,209744
strict_unconditional,high,Fri,23,300,0.23423929073096644,0.24034798340850555,464059
strict_unconditional,high,Fri,23,400,0.39099758364316023,0.3996533767525391,774618
strict_unconditional,high,Sat,0,100,0.025204609532104873,0.030859331694436807,49934
strict_unconditional,high,Sat,0,200,0.1011707800212384,0.10882202213014378,200433
strict_unconditional,high,Sat,0,300,0.22336506859440833,0.22955467075756394,442516
strict_unconditional,high,Sat,0,400,0.37493643750872246,0.3827868977357874,742799
strict_unconditional,high,Sat,1,100,0.024882317657651174,0.030262829740128512,49295
strict_unconditional,high,Sat,1,200,0.10045443597621302,0.10800193116174539,199014
strict_unconditional,high,Sat,1,300,0.22271075831742296,0.2288559488075309,441220
strict_unconditional,high,Sat,1,400,0.3742410526809586,0.38190201662081064,741421
strict_unconditional,high,Sat,2,100,0.024605190555066204,0.02989539868349275,48746
strict_unconditional,high,Sat,2,200,0.09961781290939556,0.10709098726348648,197356
strict_unconditional,high,Sat,2,300,0.2210282303864592,0.2270351080698748,437886
strict_unconditional,high,Sat,2,400,0.3714110656170757,0.3790407857063184,735815
strict_unconditional,high,Sat,3,100,0.024605190555066204,0.02989539868349275,48746
strict_unconditional,high,Sat,3,200,0.09961781290939556,0.10709098726348648,197356
strict_unconditional,high,Sat,3,300,0.2210282303864592,0.2270351080698748,437886
strict_unconditional,high,Sat,3,400,0.3714110656170757,0.3790407857063184,735815
strict_unconditional,high,Sat,4,100,0.024927482429519907,0.03049190063780104,49385
strict_unconditional,high,Sat,4,200,0.10033415695442094,0.10791107823188485,198775
strict_unconditional,high,Sat,4,300,0.22168254066344453,0.22773383001990785,439183
strict_unconditional,high,Sat,4,400,0.37210645044483953,0.37992566682129514,737192
strict_unconditional,high,Sat,5,100,0.024927482429519907,0.03049190063780104,49385
strict_unconditional,high,Sat,5,200,0.10033415695442094,0.10791107823188485,198775
strict_unconditional,high,Sat,5,300,0.22168254066344453,0.22773383001990785,439183
strict_unconditional,high,Sat,5,400,0.37210645044483953,0.37992566682129514,737192
strict_unconditional,high,Sat,6,100,0.024951290248020844,0.030503374340757273,49432
strict_unconditional,high,Sat,6,200,0.10054254787608581,0.10805402707224546,199188
strict_unconditional,high,Sat,6,300,0.22222380215975338,0.22819087931684526,440255
strict_unconditional,high,Sat,6,400,0.373328802237266,0.3811455394572491,739614
strict_unconditional,high,Sat,7,100,0.025466209762946477,0.03110782953768368,50452
strict_unconditional,high,Sat,7,200,0.1022674464505637,0.1100541223009602,202605
strict_unconditional,high,Sat,7,300,0.2265356385087123,0.23276079870025917,448797
strict_unconditional,high,Sat,7,400,0.3794856498643581,0.3874107882724725,751811
strict_unconditional,high,Sat,8,100,0.07788692926354887,0.09416792893462177,154304
strict_unconditional,high,Sat,8,200,0.27203056555401756,0.2898887524693645,538929
strict_unconditional,high,Sat,8,300,0.5186144135731945,0.5333373673807924,1027444
strict_unconditional,high,Sat,8,400,0.7370412075584278,0.7478206962237698,1460176
strict_unconditional,high,Sat,9,100,0.07979814737345779,0.0966590412653336,158091
strict_unconditional,high,Sat,9,200,0.2787888224504845,0.29671843213411814,552318
strict_unconditional,high,Sat,9,300,0.5305438200879361,0.5438447565071125,1051078
strict_unconditional,high,Sat,9,400,0.7507024060932698,0.7606139774397328,1487241
strict_unconditional,high,Sat,10,100,0.08070698760207609,0.09797994240914187,159891
strict_unconditional,high,Sat,10,200,0.2801369274452493,0.2977852433863698,554988
strict_unconditional,high,Sat,10,300,0.5316597115410955,0.5451159135782547,1053288
strict_unconditional,high,Sat,10,400,0.7510316223150181,0.7609848973249551,1487893
strict_unconditional,high,Sat,11,100,0.08070698760207609,0.09797994240914187,159891
strict_unconditional,high,Sat,11,200,0.2801369274452493,0.2977852433863698,554988
strict_unconditional,high,Sat,11,300,0.5316597115410955,0.5451159135782547,1053288
strict_unconditional,high,Sat,11,400,0.7510316223150181,0.7609848973249551,1487893
strict_unconditional,high,Sat,12,100,0.07964782054774774,0.09665649922092696,157793
strict_unconditional,high,Sat,12,200,0.27757875080246314,0.2946187359067329,549920
strict_unconditional,high,Sat,12,300,0.5297367380167961,0.543853948257505,1049479
strict_unconditional,high,Sat,12,400,0.748324499659901,0.7583624913206453,1482530
strict_unconditional,high,Sat,13,100,0.07909194069145058,0.09599963531520755,156692
strict_unconditional,high,Sat,13,200,0.27534214670103524,0.29256653967937996,545489
strict_unconditional,high,Sat,13,300,0.5256457689777392,0.5393913351588416,1041374
strict_unconditional,high,Sat,13,400,0.7439978185169264,0.7541889018603567,1473958
strict_unconditional,high,Sat,14,100,0.0797951918534821,0.09689701958807642,158085
strict_unconditional,high,Sat,14,200,0.2768929427717295,0.29403083410706854,548562
strict_unconditional,high,Sat,14,300,0.5264545148904044,0.5396251517352076,1042976
strict_unconditional,high,Sat,14,400,0.7445678721407718,0.7545202886349204,1475088
strict_unconditional,high,Sat,15,100,0.0801309997466766,0.09734008888823399,158750
strict_unconditional,high,Sat,15,200,0.27851144485799134,0.29567690968680627,551768
strict_unconditional,high,Sat,15,300,0.5294560023140686,0.5428834710557566,1048923
strict_unconditional,high,Sat,15,400,0.7481437417288189,0.7583718591793001,1482172
strict_unconditional,high,Sat,16,100,0.0801309997466766,0.09734008888823399,158750
strict_unconditional,high,Sat,16,200,0.27851144485799134,0.29567690968680627,551768
strict_unconditional,high,Sat,16,300,0.5294560023140686,0.5428834710557566,1048923
strict_unconditional,high,Sat,16,400,0.7481437417288189,0.7583718591793001,1482172
strict_unconditional,high,Sat,17,100,0.08008821393224923,0.09723350265097572,158665
strict_unconditional,high,Sat,17,200,0.2783149071606407,0.2953919430706309,551379
strict_unconditional,high,Sat,17,300,0.529075107359747,0.542489773580591,1048168
strict_unconditional,high,Sat,17,400,0.7480082517533552,0.7581938973912831,1481904
strict_unconditional,high,Sat,18,100,0.07793842989084145,0.09422577076173891,154406
strict_unconditional,high,Sat,18,200,0.27317514594313635,0.2907602975166063,541196
strict_unconditional,high,Sat,18,300,0.5235216861007196,0.5381089276098617,1037166
strict_unconditional,high,Sat,18,400,0.744127959621752,0.7547954604305027,1474216
strict_unconditional,high,Sat,19,100,0.07601259014906898,0.09161692455218468,150591
strict_unconditional,high,Sat,19,200,0.2658087944154081,0.2831994134839854,526602
strict_unconditional,high,Sat,19,300,0.5119053046192633,0.5275094829321723,1014152
strict_unconditional,high,Sat,19,400,0.7321234908650177,0.744223689504806,1450434
strict_unconditional,high,Sat,20,100,0.026264448926441395,0.03212655397752523,52033
strict_unconditional,high,Sat,20,200,0.1051890162147992,0.11284020002456732,208393
strict_unconditional,high,Sat,20,300,0.23256841079192983,0.2390181155721762,460749
strict_unconditional,high,Sat,20,400,0.38983184060804865,0.39778729208400343,772309
strict_unconditional,high,Sat,21,100,0.02574763346304518,0.03134581707422356,51009
strict_unconditional,high,Sat,21,200,0.10330911860764763,0.11078230300102802,204669
strict_unconditional,high,Sat,21,300,0.22804690591057922,0.23433428411076604,451791
strict_unconditional,high,Sat,21,400,0.38282064792478515,0.39016300933667925,758419
strict_unconditional,high,Sat,22,100,0.02541835905122391,0.03110979637700178,50357
strict_unconditional,high,Sat,22,200,0.1020049271302404,0.10951438217184228,202085
strict_unconditional,high,Sat,22,300,0.22542746583396772,0.2310297621423777,446602
strict_unconditional,high,Sat,22,400,0.37874654728553697,0.3860959928757285,750347
strict_unconditional,high,Sat,23,100,0.025396584113629914,0.0310965172531392,50314
strict_unconditional,high,Sat,23,200,0.10189135550972392,0.10941405476334554,201860
strict_unconditional,high,Sat,23,300,0.22502131240025813,0.23081413298668857,445797
strict_unconditional,high,Sat,23,400,0.37778521623251243,0.38513389825291233,748443
strict_unconditional,high,Sun,0,100,0.02505440103312088,0.03064789688996246,49636
strict_unconditional,high,Sun,0,200,0.10075391111501922,0.1084049916177868,199607
strict_unconditional,high,Sun,0,300,0.22302811385253274,0.22923296180253094,441848
strict_unconditional,high,Sun,0,400,0.374629404613038,0.38245183415581996,742191
strict_unconditional,high,Sun,1,100,0.024732109158667182,0.03005139493565417,48998
strict_unconditional,high,Sun,1,200,0.10003756706999382,0.10758490064938842,198188
strict_unconditional,high,Sun,1,300,0.22237380357554734,0.22853423985249788,440552
strict_unconditional,high,Sun,1,400,0.3739340197852741,0.38156695304084315,740813
strict_unconditional,high,Sun,2,100,0.024454982056082215,0.029683963879018397,48449
strict_unconditional,high,Sun,2,200,0.09920094400317639,0.10667395675112952,196530
strict_unconditional,high,Sun,2,300,0.2206912756445836,0.22671339911484184,437219
strict_unconditional,high,Sun,2,400,0.3711040327213912,0.3787057221263509,735206
strict_unconditional,high,Sun,3,100,0.024454982056082215,0.029683963879018397,48449
strict_unconditional,high,Sun,3,200,0.09920094400317639,0.10667395675112952,196530
strict_unconditional,high,Sun,3,300,0.2206912756445836,0.22671339911484184,437219
strict_unconditional,high,Sun,3,400,0.3711040327213912,0.3787057221263509,735206
strict_unconditional,high,Sun,4,100,0.024777273930535915,0.030280465833326692,49087
strict_unconditional,high,Sun,4,200,0.09991728804820176,0.10749404771952788,197949
strict_unconditional,high,Sun,4,300,0.22134558592156894,0.22741212106487482,438515
strict_unconditional,high,Sun,4,400,0.371799417549155,0.3795906032413277,736584
strict_unconditional,high,Sun,5,100,0.024777273930535915,0.030280465833326692,49087
strict_unconditional,high,Sun,5,200,0.09991728804820176,0.10749404771952788,197949
strict_unconditional,high,Sun,5,300,0.22134558592156894,0.22741212106487482,438515
strict_unconditional,high,Sun,5,400,0.371799417549155,0.3795906032413277,736584
strict_unconditional,high,Sun,6,100,0.024777273930535915,0.030280465833326692,49087
strict_unconditional,high,Sun,6,200,0.09991728804820176,0.10749404771952788,197949
strict_unconditional,high,Sun,6,300,0.22134558592156894,0.22741212106487482,438515
strict_unconditional,high,Sun,6,400,0.371799417549155,0.3795906032413277,736584
strict_unconditional,high,Sun,7,100,0.025156709897478573,0.030763879864203404,49839
strict_unconditional,high,Sun,7,200,0.10108213570856941,0.1088579552941258,200257
strict_unconditional,high,Sun,7,300,0.22443173505494193,0.23039739822669955,444629
strict_unconditional,high,Sun,7,400,0.3772459565920515,0.38497583564056304,747374
strict_unconditional,high,Sun,8,100,0.06604456992767156,0.08035193732142738,130843
strict_unconditional,high,Sun,8,200,0.23345120604355193,0.24916575561009427,462498
strict_unconditional,high,Sun,8,300,0.45956965920528153,0.4709613978328547,910468
strict_unconditional,high,Sun,8,400,0.673414165576059,0.6845505457186398,1334123
strict_unconditional,high,Sun,9,100,0.06704723944472044,0.08146818234694135,132829
strict_unconditional,high,Sun,9,200,0.23757366933775037,0.25321051753616697,470665
strict_unconditional,high,Sun,9,300,0.4676994093877646,0.47844317308061735,926575
strict_unconditional,high,Sun,9,400,0.6824801107153108,0.6923549300196873,1352084
strict_unconditional,high,Sun,10,100,0.06756571998954962,0.08185311371723879,133857
strict_unconditional,high,Sun,10,200,0.23896331819974614,0.2544859773019038,473418
strict_unconditional,high,Sun,10,300,0.4690013902498494,0.47973566163594217,929154
strict_unconditional,high,Sun,10,400,0.6827978228487243,0.6928217670386685,1352713
strict_unconditional,high,Sun,11,100,0.06759782126037849,0.08185588090442235,133920
strict_unconditional,high,Sun,11,200,0.2389633821856151,0.2544859773019038,473418
strict_unconditional,high,Sun,11,300,0.4690013902498494,0.47973566163594217,929154
strict_unconditional,high,Sun,11,400,0.6827978228487243,0.6928217670386685,1352713
strict_unconditional,high,Sun,12,100,0.06675898511548496,0.08108041111374922,132258
strict_unconditional,high,Sun,12,200,0.23679411531893546,0.2521690999409008,469121
strict_unconditional,high,Sun,12,300,0.46696970225633694,0.4780168776220544,925129
strict_unconditional,high,Sun,12,400,0.6808811514580333,0.6906234169069113,1348916
strict_unconditional,high,Sun,13,100,0.06642317722229046,0.08063734181359165,131593
strict_unconditional,high,Sun,13,200,0.2351756132326736,0.2505230243611631,465914
strict_unconditional,high,Sun,13,300,0.4639682148326726,0.47475855830150554,919183
strict_unconditional,high,Sun,13,400,0.6773052818699862,0.6867718463625317,1341832
strict_unconditional,high,Sun,14,100,0.06657293647969381,0.08078066039476364,131890
strict_unconditional,high,Sun,14,200,0.23584327216515857,0.2511880189422202,467237
strict_unconditional,high,Sun,14,300,0.46446083504859836,0.47516987519394915,920159
strict_unconditional,high,Sun,14,400,0.6779494969025666,0.6876691900718456,1343108
strict_unconditional,high,Sun,15,100,0.06657293647969381,0.08078066039476364,131890
strict_unconditional,high,Sun,15,200,0.23584327216515857,0.2511880189422202,467237
strict_unconditional,high,Sun,15,300,0.46446083504859836,0.47516987519394915,920159
strict_unconditional,high,Sun,15,400,0.6779494969025666,0.6876691900718456,1343108
strict_unconditional,high,Sun,16,100,0.06657293647969381,0.08078066039476364,131890
strict_unconditional,high,Sun,16,200,0.23584327216515857,0.2511880189422202,467237
strict_unconditional,high,Sun,16,300,0.46446083504859836,0.47516987519394915,920159
strict_unconditional,high,Sun,16,400,0.6779494969025666,0.6876691900718456,1343108
strict_unconditional,high,Sun,17,100,0.06657293647969381,0.08078066039476364,131890
strict_unconditional,high,Sun,17,200,0.23584327216515857,0.2511880189422202,467237
strict_unconditional,high,Sun,17,300,0.46446083504859836,0.47516987519394915,920159
strict_unconditional,high,Sun,17,400,0.6779494969025666,0.6876691900718456,1343108
strict_unconditional,high,Sun,18,100,0.06621959395859865,0.08044403509309397,131190
strict_unconditional,high,Sun,18,200,0.2343268306089404,0.24988350687957567,464233
strict_unconditional,high,Sun,18,300,0.46272735221373096,0.4735653801008705,916724
strict_unconditional,high,Sun,18,400,0.6767421613510402,0.6868111437886271,1340716
strict_unconditional,high,Sun,19,100,0.06535730205476432,0.07915239670117835,129481
strict_unconditional,high,Sun,19,200,0.23065845654355216,0.2461944901461512,456965
strict_unconditional,high,Sun,19,300,0.4558345802640887,0.46718930000855874,903069
strict_unconditional,high,Sun,19,400,0.6681993281750783,0.6797624315582016,1323792
strict_unconditional,high,Sun,20,100,0.025141651101671356,0.030687281352631365,49809
strict_unconditional,high,Sun,20,200,0.10094786075119216,0.10806466063419057,199991
strict_unconditional,high,Sun,20,300,0.2247546993014334,0.2300344220105889,445269
strict_unconditional,high,Sun,20,400,0.3792431751893015,0.38633866820147916,751331
strict_unconditional,high,Sun,21,100,0.025141651101671356,0.030687281352631365,49809
strict_unconditional,high,Sun,21,200,0.10094786075119216,0.10806466063419057,199991
strict_unconditional,high,Sun,21,300,0.2247546993014334,0.2300344220105889,445269
strict_unconditional,high,Sun,21,400,0.3792431751893015,0.38633866820147916,751331
strict_unconditional,high,Sun,22,100,0.02503484827146557,0.030592392974145035,49597
strict_unconditional,high,Sun,22,200,0.10051281111461347,0.1076222767289646,199129
strict_unconditional,high,Sun,22,300,0.22346246152008126,0.22865106015758493,442709
strict_unconditional,high,Sun,22,400,0.3775611024141405,0.38486962152647314,747999
strict_unconditional,high,Sun,23,100,0.025013073333871573,0.030579113850282457,49554
strict_unconditional,high,Sun,23,200,0.10039923949409701,0.1075219493204679,198904
strict_unconditional,high,Sun,23,300,0.2230563080863716,0.22843543100189578,441904
strict_unconditional,high,Sun,23,400,0.37659977136111605,0.383907526903657,746094
